timestamp,buyer,seller,symbol,currency,price,quantity
500,Mark 01,Mark 55,VELVETFRUIT_EXTRACT,XIRECS,5232.0,7
600,SUBMISSION,Mark 01,VEV_5400,XIRECS,6.0,19
600,SUBMISSION,Mark 14,VEV_5400,XIRECS,6.0,10
700,SUBMISSION,Mark 01,VEV_5400,XIRECS,6.0,11
700,SUBMISSION,Mark 14,VEV_5400,XIRECS,6.0,6
800,SUBMISSION,Mark 01,VEV_5400,XIRECS,6.0,16
800,SUBMISSION,Mark 14,VEV_5400,XIRECS,6.0,8
900,SUBMISSION,Mark 01,VEV_5400,XIRECS,6.0,11
900,SUBMISSION,Mark 14,VEV_5400,XIRECS,6.0,7
1000,SUBMISSION,Mark 01,VEV_5400,XIRECS,6.0,10
1000,SUBMISSION,Mark 14,VEV_5400,XIRECS,6.0,9
1000,Mark 38,Mark 14,VEV_4000,XIRECS,1241.0,1
1100,SUBMISSION,Mark 01,VEV_5400,XIRECS,6.0,17
1100,SUBMISSION,Mark 14,VEV_5400,XIRECS,6.0,7
1200,SUBMISSION,Mark 01,VEV_5400,XIRECS,6.0,11
1200,SUBMISSION,Mark 14,VEV_5400,XIRECS,6.0,8
1300,SUBMISSION,Mark 01,VEV_5400,XIRECS,6.0,14
1300,SUBMISSION,Mark 14,VEV_5400,XIRECS,6.0,8
1400,SUBMISSION,Mark 01,VEV_5400,XIRECS,6.0,14
1400,SUBMISSION,Mark 14,VEV_5400,XIRECS,6.0,10
1500,SUBMISSION,Mark 01,VEV_5400,XIRECS,6.0,20
1500,SUBMISSION,Mark 14,VEV_5400,XIRECS,6.0,9
1600,SUBMISSION,Mark 01,VEV_5400,XIRECS,6.0,20
1600,SUBMISSION,Mark 14,VEV_5400,XIRECS,6.0,5
1700,SUBMISSION,Mark 01,VEV_5400,XIRECS,6.0,16
1700,SUBMISSION,Mark 14,VEV_5400,XIRECS,6.0,5
1800,SUBMISSION,Mark 01,VEV_5400,XIRECS,6.0,16
1800,SUBMISSION,Mark 14,VEV_5400,XIRECS,6.0,10
1900,SUBMISSION,Mark 01,VEV_5400,XIRECS,6.0,3
4500,Mark 01,Mark 22,VEV_5500,XIRECS,1.0,5
4500,Mark 01,Mark 22,VEV_6000,XIRECS,0.0,5
4500,Mark 01,Mark 22,VEV_6500,XIRECS,0.0,5
6300,SUBMISSION,Mark 14,VELVETFRUIT_EXTRACT,XIRECS,5238.0,21
6400,Mark 01,Mark 55,VELVETFRUIT_EXTRACT,XIRECS,5234.0,5
7400,Mark 14,Mark 38,VEV_4000,XIRECS,1228.0,2
8000,SUBMISSION,Mark 14,VELVETFRUIT_EXTRACT,XIRECS,5238.0,25
8100,SUBMISSION,Mark 01,VELVETFRUIT_EXTRACT,XIRECS,5238.0,39
8100,SUBMISSION,Mark 14,VELVETFRUIT_EXTRACT,XIRECS,5238.0,24
9000,Mark 38,SUBMISSION,HYDROGEL_PACK,XIRECS,9993.0,2
9200,Mark 01,SUBMISSION,VEV_5100,XIRECS,148.0,14
9200,Mark 14,SUBMISSION,VEV_5100,XIRECS,148.0,6
9200,Mark 38,Mark 14,VEV_4000,XIRECS,1253.0,1
9300,Mark 01,SUBMISSION,VEV_5100,XIRECS,149.0,14
9300,Mark 14,SUBMISSION,VEV_5100,XIRECS,149.0,11
9400,Mark 01,SUBMISSION,VEV_5100,XIRECS,149.0,14
9400,Mark 14,SUBMISSION,VEV_5100,XIRECS,149.0,7
9400,Mark 01,Mark 22,VEV_5300,XIRECS,29.0,5
9400,Mark 01,Mark 22,VEV_5400,XIRECS,6.0,5
9400,Mark 01,Mark 22,VEV_5500,XIRECS,1.0,5
9400,Mark 01,Mark 22,VEV_6000,XIRECS,0.0,5
9400,Mark 01,Mark 22,VEV_6500,XIRECS,0.0,5
9500,Mark 14,SUBMISSION,VEV_5100,XIRECS,149.0,7
9600,Mark 14,SUBMISSION,VEV_5100,XIRECS,149.0,6
9700,Mark 01,SUBMISSION,VEV_5100,XIRECS,148.0,21
9700,Mark 14,SUBMISSION,VEV_5100,XIRECS,148.0,1
9800,Mark 01,SUBMISSION,VEV_5100,XIRECS,149.0,13
9800,Mark 14,SUBMISSION,VEV_5100,XIRECS,149.0,9
9900,Mark 14,SUBMISSION,VEV_5100,XIRECS,150.0,7
10000,Mark 14,SUBMISSION,VEV_5100,XIRECS,151.0,9
10100,Mark 01,SUBMISSION,VEV_5100,XIRECS,152.0,20
10100,Mark 14,SUBMISSION,VEV_5100,XIRECS,152.0,11
10200,Mark 01,SUBMISSION,VEV_5100,XIRECS,152.0,21
10200,Mark 14,SUBMISSION,VEV_5100,XIRECS,152.0,9
10300,Mark 01,SUBMISSION,VEV_5100,XIRECS,153.0,21
10300,Mark 14,SUBMISSION,VEV_5100,XIRECS,153.0,10
10400,Mark 01,SUBMISSION,VEV_5100,XIRECS,154.0,12
10400,Mark 14,SUBMISSION,VEV_5100,XIRECS,154.0,7
10400,Mark 55,Mark 14,VELVETFRUIT_EXTRACT,XIRECS,5251.0,6
10500,Mark 01,SUBMISSION,VEV_5100,XIRECS,153.0,15
10500,Mark 14,SUBMISSION,VEV_5100,XIRECS,153.0,12
10500,Mark 49,Mark 55,VELVETFRUIT_EXTRACT,XIRECS,5248.0,8
10600,SUBMISSION,Mark 38,HYDROGEL_PACK,XIRECS,9974.0,6
10600,Mark 01,SUBMISSION,VEV_5100,XIRECS,154.0,23
10800,Mark 14,SUBMISSION,VEV_5200,XIRECS,80.0,7
10800,Mark 22,SUBMISSION,VEV_5200,XIRECS,80.0,2
10900,Mark 14,SUBMISSION,VEV_5200,XIRECS,80.0,10
10900,Mark 55,Mark 14,VELVETFRUIT_EXTRACT,XIRECS,5252.0,8
11200,Mark 14,SUBMISSION,VEV_5200,XIRECS,80.0,9
11300,Mark 14,SUBMISSION,VEV_5200,XIRECS,80.0,8
11400,Mark 01,SUBMISSION,VEV_5200,XIRECS,80.0,15
11400,Mark 14,SUBMISSION,VEV_5200,XIRECS,80.0,12
11500,Mark 01,SUBMISSION,VEV_5200,XIRECS,80.0,19
11500,Mark 14,SUBMISSION,VEV_5200,XIRECS,80.0,8
11600,Mark 01,SUBMISSION,VEV_5200,XIRECS,80.0,22
11600,Mark 14,SUBMISSION,VEV_5200,XIRECS,80.0,6
11700,Mark 01,SUBMISSION,VEV_5200,XIRECS,80.0,17
11700,Mark 14,SUBMISSION,VEV_5200,XIRECS,80.0,8
12700,Mark 38,SUBMISSION,HYDROGEL_PACK,XIRECS,9994.0,5
13200,Mark 01,SUBMISSION,VEV_5200,XIRECS,80.0,17
13200,Mark 14,SUBMISSION,VEV_5200,XIRECS,80.0,9
15800,Mark 14,Mark 38,VEV_4000,XIRECS,1234.0,1
16200,Mark 55,Mark 14,VELVETFRUIT_EXTRACT,XIRECS,5247.0,8
16400,Mark 22,Mark 49,VELVETFRUIT_EXTRACT,XIRECS,5245.0,6
17500,Mark 38,SUBMISSION,HYDROGEL_PACK,XIRECS,9998.0,6
17600,Mark 14,Mark 55,VELVETFRUIT_EXTRACT,XIRECS,5242.0,5
18500,Mark 55,Mark 01,VELVETFRUIT_EXTRACT,XIRECS,5247.0,5
18800,SUBMISSION,Mark 22,HYDROGEL_PACK,XIRECS,9977.0,9
22800,Mark 14,Mark 38,VEV_4000,XIRECS,1229.0,1
24800,SUBMISSION,Mark 49,VELVETFRUIT_EXTRACT,XIRECS,5236.0,10
24800,Mark 38,Mark 14,HYDROGEL_PACK,XIRECS,9976.0,4
25000,SUBMISSION,Mark 14,VELVETFRUIT_EXTRACT,XIRECS,5238.0,23
25100,SUBMISSION,Mark 22,HYDROGEL_PACK,XIRECS,9966.0,10
25100,SUBMISSION,Mark 01,VELVETFRUIT_EXTRACT,XIRECS,5238.0,42
25100,SUBMISSION,Mark 14,VELVETFRUIT_EXTRACT,XIRECS,5238.0,15
25700,SUBMISSION,Mark 49,VELVETFRUIT_EXTRACT,XIRECS,5236.0,1
25700,Mark 67,Mark 49,VELVETFRUIT_EXTRACT,XIRECS,5236.0,7
26400,Mark 38,Mark 14,HYDROGEL_PACK,XIRECS,9970.0,6
26600,Mark 55,Mark 14,VELVETFRUIT_EXTRACT,XIRECS,5237.0,6
26600,Mark 14,Mark 38,VEV_4000,XIRECS,1224.0,1
27500,Mark 38,Mark 14,HYDROGEL_PACK,XIRECS,9980.0,2
27900,SUBMISSION,Mark 22,HYDROGEL_PACK,XIRECS,9970.0,10
28000,Mark 38,Mark 14,VEV_4000,XIRECS,1248.0,3
28300,SUBMISSION,Mark 22,HYDROGEL_PACK,XIRECS,9966.0,5
29000,Mark 14,Mark 22,VEV_5200,XIRECS,74.0,2
29000,Mark 01,Mark 22,VEV_5400,XIRECS,6.0,2
29000,Mark 01,Mark 22,VEV_5500,XIRECS,1.0,2
29000,Mark 01,Mark 22,VEV_6000,XIRECS,0.0,2
29000,Mark 01,Mark 22,VEV_6500,XIRECS,0.0,2
29400,Mark 55,Mark 01,VELVETFRUIT_EXTRACT,XIRECS,5243.0,6
29500,Mark 38,Mark 14,HYDROGEL_PACK,XIRECS,9975.0,2
30700,Mark 55,Mark 14,VELVETFRUIT_EXTRACT,XIRECS,5239.0,5
31100,Mark 01,Mark 55,VELVETFRUIT_EXTRACT,XIRECS,5236.0,4
31200,Mark 38,Mark 14,HYDROGEL_PACK,XIRECS,9976.0,5
31400,SUBMISSION,Mark 38,HYDROGEL_PACK,XIRECS,9958.0,3
31900,Mark 14,Mark 22,VEV_5300,XIRECS,28.0,4
31900,Mark 01,Mark 22,VEV_5400,XIRECS,6.0,4
31900,Mark 01,Mark 22,VEV_5500,XIRECS,1.0,4
31900,Mark 01,Mark 22,VEV_6000,XIRECS,0.0,4
31900,Mark 01,Mark 22,VEV_6500,XIRECS,0.0,4
32900,SUBMISSION,Mark 38,HYDROGEL_PACK,XIRECS,9963.0,6
33200,Mark 01,Mark 22,VEV_5300,XIRECS,29.0,3
33200,Mark 01,Mark 22,VEV_5400,XIRECS,6.0,3
33200,Mark 01,Mark 22,VEV_5500,XIRECS,1.0,3
33200,Mark 01,Mark 22,VEV_6000,XIRECS,0.0,3
33200,Mark 01,Mark 22,VEV_6500,XIRECS,0.0,3
34100,Mark 01,SUBMISSION,VEV_5200,XIRECS,80.0,22
34100,Mark 14,SUBMISSION,VEV_5200,XIRECS,80.0,8
34200,Mark 14,SUBMISSION,VEV_5200,XIRECS,80.0,11
34300,Mark 01,SUBMISSION,VEV_5200,XIRECS,80.0,14
34300,Mark 14,SUBMISSION,VEV_5200,XIRECS,80.0,12
34400,Mark 55,Mark 22,VELVETFRUIT_EXTRACT,XIRECS,5248.0,7
34700,Mark 01,SUBMISSION,VEV_5200,XIRECS,80.0,19
34700,Mark 14,SUBMISSION,VEV_5200,XIRECS,80.0,7
34800,Mark 14,SUBMISSION,VEV_5200,XIRECS,81.0,8
34900,Mark 01,SUBMISSION,VEV_5200,XIRECS,80.0,22
34900,Mark 14,SUBMISSION,VEV_5200,XIRECS,80.0,8
35200,SUBMISSION,Mark 38,HYDROGEL_PACK,XIRECS,9968.0,6
37400,Mark 38,Mark 14,VEV_4000,XIRECS,1262.0,2
37500,Mark 38,Mark 22,HYDROGEL_PACK,XIRECS,9978.0,2
38500,Mark 01,Mark 55,VELVETFRUIT_EXTRACT,XIRECS,5245.0,3
38600,Mark 14,Mark 38,HYDROGEL_PACK,XIRECS,9983.0,5
39200,Mark 55,Mark 14,VELVETFRUIT_EXTRACT,XIRECS,5247.0,3
39700,Mark 22,Mark 38,HYDROGEL_PACK,XIRECS,9999.0,5
42000,Mark 38,Mark 14,VEV_4000,XIRECS,1251.0,2
42100,Mark 38,SUBMISSION,HYDROGEL_PACK,XIRECS,10006.0,3
42600,Mark 55,Mark 14,VELVETFRUIT_EXTRACT,XIRECS,5244.0,6
44600,Mark 14,Mark 38,HYDROGEL_PACK,XIRECS,9998.0,4
45500,Mark 14,Mark 55,VELVETFRUIT_EXTRACT,XIRECS,5235.0,5
45700,Mark 38,SUBMISSION,HYDROGEL_PACK,XIRECS,10024.0,2
45800,Mark 14,Mark 38,HYDROGEL_PACK,XIRECS,10007.0,4
49700,Mark 55,Mark 01,VELVETFRUIT_EXTRACT,XIRECS,5237.0,6
52800,Mark 38,SUBMISSION,HYDROGEL_PACK,XIRECS,10014.0,5
53100,Mark 38,Mark 14,VEV_4000,XIRECS,1253.0,2
53900,Mark 01,Mark 22,VEV_5300,XIRECS,28.0,5
53900,Mark 01,Mark 22,VEV_5400,XIRECS,6.0,5
53900,Mark 01,Mark 22,VEV_5500,XIRECS,1.0,5
53900,Mark 01,Mark 22,VEV_6000,XIRECS,0.0,5
53900,Mark 01,Mark 22,VEV_6500,XIRECS,0.0,5
55800,SUBMISSION,Mark 38,HYDROGEL_PACK,XIRECS,10002.0,5
55800,Mark 55,Mark 14,VELVETFRUIT_EXTRACT,XIRECS,5241.0,5
57000,Mark 14,Mark 38,VEV_4000,XIRECS,1224.0,2
58900,Mark 14,Mark 38,VEV_4000,XIRECS,1229.0,1
59800,Mark 14,Mark 38,HYDROGEL_PACK,XIRECS,10006.0,5
59900,Mark 38,SUBMISSION,HYDROGEL_PACK,XIRECS,10024.0,3
62300,Mark 01,Mark 55,VELVETFRUIT_EXTRACT,XIRECS,5242.0,6
64600,Mark 49,Mark 22,VELVETFRUIT_EXTRACT,XIRECS,5247.0,8
65700,Mark 38,SUBMISSION,HYDROGEL_PACK,XIRECS,9986.0,6
66300,SUBMISSION,Mark 38,HYDROGEL_PACK,XIRECS,9974.0,2
67200,Mark 01,Mark 22,VEV_5300,XIRECS,29.0,2
67200,Mark 01,Mark 22,VEV_5400,XIRECS,6.0,2
67200,Mark 01,Mark 22,VEV_5500,XIRECS,1.0,2
67200,Mark 01,Mark 22,VEV_6000,XIRECS,0.0,2
67200,Mark 01,Mark 22,VEV_6500,XIRECS,0.0,2
67500,SUBMISSION,Mark 38,HYDROGEL_PACK,XIRECS,9976.0,5
67700,Mark 14,Mark 38,VEV_4000,XIRECS,1236.0,2
69500,Mark 14,Mark 55,VELVETFRUIT_EXTRACT,XIRECS,5240.0,5
69600,SUBMISSION,Mark 38,HYDROGEL_PACK,XIRECS,9988.0,6
69800,Mark 38,Mark 14,VEV_4000,XIRECS,1254.0,3
71700,SUBMISSION,Mark 38,HYDROGEL_PACK,XIRECS,9988.0,6
72600,SUBMISSION,Mark 38,HYDROGEL_PACK,XIRECS,9984.0,6
74500,Mark 38,Mark 14,VEV_4000,XIRECS,1254.0,1
75000,Mark 14,Mark 38,VEV_4000,XIRECS,1232.0,1
76000,SUBMISSION,Mark 38,HYDROGEL_PACK,XIRECS,9988.0,2
76100,Mark 14,Mark 22,VEV_5200,XIRECS,72.0,4
76100,Mark 01,Mark 22,VEV_5400,XIRECS,5.0,4
76100,Mark 01,Mark 22,VEV_5500,XIRECS,1.0,4
76100,Mark 01,Mark 22,VEV_6000,XIRECS,0.0,4
76100,Mark 01,Mark 22,VEV_6500,XIRECS,0.0,4
76600,Mark 38,SUBMISSION,HYDROGEL_PACK,XIRECS,10004.0,4
77400,Mark 49,Mark 22,VELVETFRUIT_EXTRACT,XIRECS,5234.0,5
77600,SUBMISSION,Mark 38,HYDROGEL_PACK,XIRECS,9984.0,3
79300,Mark 38,SUBMISSION,HYDROGEL_PACK,XIRECS,10015.0,5
79600,Mark 38,SUBMISSION,HYDROGEL_PACK,XIRECS,10011.0,4
81400,Mark 14,Mark 55,VELVETFRUIT_EXTRACT,XIRECS,5232.0,3
81500,Mark 38,Mark 14,VEV_4000,XIRECS,1245.0,3
83000,Mark 38,SUBMISSION,HYDROGEL_PACK,XIRECS,10031.0,5
83500,Mark 67,Mark 22,VELVETFRUIT_EXTRACT,XIRECS,5226.0,9
83700,SUBMISSION,Mark 01,VEV_5300,XIRECS,24.0,12
83700,SUBMISSION,Mark 14,VEV_5300,XIRECS,24.0,6
84100,SUBMISSION,Mark 01,VEV_5300,XIRECS,24.0,15
84100,SUBMISSION,Mark 14,VEV_5300,XIRECS,24.0,9
84200,SUBMISSION,Mark 01,VEV_5300,XIRECS,23.0,16
84200,SUBMISSION,Mark 14,VEV_5300,XIRECS,23.0,6
84300,SUBMISSION,Mark 01,VEV_5300,XIRECS,23.0,16
84300,SUBMISSION,Mark 14,VEV_5300,XIRECS,23.0,5
84400,SUBMISSION,Mark 01,VEV_5300,XIRECS,24.0,16
84400,SUBMISSION,Mark 14,VEV_5300,XIRECS,24.0,6
84700,SUBMISSION,Mark 01,VEV_5300,XIRECS,24.0,15
84700,SUBMISSION,Mark 14,VEV_5300,XIRECS,24.0,6
84900,SUBMISSION,Mark 01,VEV_5300,XIRECS,24.0,18
84900,SUBMISSION,Mark 14,VEV_5300,XIRECS,24.0,5
85000,SUBMISSION,Mark 01,VEV_5300,XIRECS,23.0,13
85000,SUBMISSION,Mark 14,VEV_5300,XIRECS,23.0,8
85100,SUBMISSION,Mark 01,VEV_5300,XIRECS,23.0,17
85100,SUBMISSION,Mark 14,VEV_5300,XIRECS,23.0,8
85200,SUBMISSION,Mark 01,VEV_5300,XIRECS,23.0,11
85200,SUBMISSION,Mark 14,VEV_5300,XIRECS,23.0,7
85300,SUBMISSION,Mark 01,VEV_5300,XIRECS,24.0,18
85300,SUBMISSION,Mark 14,VEV_5300,XIRECS,24.0,10
85500,SUBMISSION,Mark 22,VEV_5300,XIRECS,23.0,2
85500,Mark 01,Mark 22,VEV_5400,XIRECS,4.0,2
85500,Mark 01,Mark 22,VEV_5500,XIRECS,1.0,2
85500,Mark 01,Mark 22,VEV_6000,XIRECS,0.0,2
85500,Mark 01,Mark 22,VEV_6500,XIRECS,0.0,2
85600,SUBMISSION,Mark 01,VEV_5300,XIRECS,24.0,10
85600,SUBMISSION,Mark 14,VEV_5300,XIRECS,24.0,7
85700,SUBMISSION,Mark 01,VEV_5300,XIRECS,24.0,20
85700,SUBMISSION,Mark 14,VEV_5300,XIRECS,24.0,5
85800,SUBMISSION,Mark 01,VEV_5300,XIRECS,24.0,13
86200,SUBMISSION,Mark 01,VEV_5200,XIRECS,65.0,17
86200,SUBMISSION,Mark 14,VEV_5200,XIRECS,65.0,12
86300,SUBMISSION,Mark 01,VEV_5200,XIRECS,64.0,19
86300,SUBMISSION,Mark 14,VEV_5200,XIRECS,64.0,7
86400,SUBMISSION,Mark 01,VEV_5200,XIRECS,64.0,13
86400,SUBMISSION,Mark 14,VEV_5200,XIRECS,64.0,12
86500,SUBMISSION,Mark 01,VEV_5200,XIRECS,64.0,19
86500,SUBMISSION,Mark 14,VEV_5200,XIRECS,64.0,6
86600,SUBMISSION,Mark 01,VEV_5200,XIRECS,63.0,21
86600,SUBMISSION,Mark 14,VEV_5200,XIRECS,63.0,9
86700,SUBMISSION,Mark 01,VEV_5200,XIRECS,64.0,19
86700,SUBMISSION,Mark 14,VEV_5200,XIRECS,64.0,12
86800,SUBMISSION,Mark 01,VEV_5200,XIRECS,64.0,12
86800,SUBMISSION,Mark 14,VEV_5200,XIRECS,64.0,10
86900,SUBMISSION,Mark 01,VEV_5200,XIRECS,64.0,14
86900,SUBMISSION,Mark 14,VEV_5200,XIRECS,64.0,8
87000,SUBMISSION,Mark 01,VEV_5200,XIRECS,64.0,23
87000,SUBMISSION,Mark 14,VEV_5200,XIRECS,64.0,11
87100,SUBMISSION,Mark 01,VEV_5200,XIRECS,64.0,21
87100,SUBMISSION,Mark 14,VEV_5200,XIRECS,64.0,6
87200,SUBMISSION,Mark 01,VEV_5200,XIRECS,64.0,23
87200,SUBMISSION,Mark 14,VEV_5200,XIRECS,64.0,12
87300,SUBMISSION,Mark 01,VEV_5200,XIRECS,64.0,17
87300,SUBMISSION,Mark 14,VEV_5200,XIRECS,64.0,9
87300,Mark 38,Mark 14,VEV_4000,XIRECS,1232.0,1
87400,SUBMISSION,Mark 01,VEV_5200,XIRECS,65.0,14
87400,SUBMISSION,Mark 14,VEV_5200,XIRECS,65.0,11
88200,Mark 14,Mark 55,VELVETFRUIT_EXTRACT,XIRECS,5224.0,6
88600,Mark 38,SUBMISSION,HYDROGEL_PACK,XIRECS,10047.0,4
89300,Mark 55,Mark 22,VELVETFRUIT_EXTRACT,XIRECS,5225.0,4
89600,Mark 38,Mark 14,VEV_4000,XIRECS,1235.0,1
89800,Mark 55,Mark 01,VELVETFRUIT_EXTRACT,XIRECS,5230.0,6
91800,Mark 55,Mark 01,VELVETFRUIT_EXTRACT,XIRECS,5229.0,5
92700,Mark 55,Mark 14,VELVETFRUIT_EXTRACT,XIRECS,5234.0,3
93300,Mark 01,Mark 22,VEV_5300,XIRECS,24.0,5
93300,Mark 01,Mark 22,VEV_5400,XIRECS,5.0,5
93300,Mark 01,Mark 22,VEV_5500,XIRECS,1.0,5
93300,Mark 01,Mark 22,VEV_6000,XIRECS,0.0,5
93300,Mark 01,Mark 22,VEV_6500,XIRECS,0.0,5
94900,Mark 55,Mark 14,VELVETFRUIT_EXTRACT,XIRECS,5235.0,4
95000,Mark 14,Mark 38,VEV_4000,XIRECS,1223.0,3
97600,Mark 38,Mark 14,VEV_4000,XIRECS,1245.0,1
97900,Mark 38,Mark 14,VEV_4000,XIRECS,1245.0,2
99200,Mark 14,Mark 38,HYDROGEL_PACK,XIRECS,10021.0,5
101800,Mark 01,Mark 55,VELVETFRUIT_EXTRACT,XIRECS,5234.0,4
102300,Mark 38,SUBMISSION,HYDROGEL_PACK,XIRECS,10029.0,6
104300,Mark 38,Mark 14,VEV_4000,XIRECS,1248.0,2
104800,Mark 38,SUBMISSION,HYDROGEL_PACK,XIRECS,10024.0,2
105900,Mark 38,Mark 14,VEV_4000,XIRECS,1251.0,2
107400,Mark 55,Mark 01,VELVETFRUIT_EXTRACT,XIRECS,5244.0,7
107600,Mark 14,Mark 38,VEV_4000,XIRECS,1232.0,1
107800,Mark 14,Mark 22,VEV_5200,XIRECS,75.0,5
107800,Mark 01,Mark 22,VEV_5400,XIRECS,6.0,5
107800,Mark 01,Mark 22,VEV_5500,XIRECS,1.0,5
107800,Mark 01,Mark 22,VEV_6000,XIRECS,0.0,5
107800,Mark 01,Mark 22,VEV_6500,XIRECS,0.0,5
108800,Mark 55,Mark 14,VELVETFRUIT_EXTRACT,XIRECS,5246.0,6
110000,Mark 38,SUBMISSION,HYDROGEL_PACK,XIRECS,10018.0,2
111300,Mark 38,Mark 14,VEV_4000,XIRECS,1252.0,3
111600,Mark 38,SUBMISSION,HYDROGEL_PACK,XIRECS,10018.0,2
112200,Mark 55,Mark 14,VELVETFRUIT_EXTRACT,XIRECS,5244.0,8
114400,Mark 38,SUBMISSION,HYDROGEL_PACK,XIRECS,10024.0,4
115200,Mark 14,Mark 38,VEV_4000,XIRECS,1235.0,3
118500,SUBMISSION,Mark 38,HYDROGEL_PACK,XIRECS,10027.0,3
119300,Mark 14,Mark 55,VELVETFRUIT_EXTRACT,XIRECS,5244.0,6
119600,Mark 55,Mark 01,VELVETFRUIT_EXTRACT,XIRECS,5250.0,4
121300,Mark 38,SUBMISSION,HYDROGEL_PACK,XIRECS,10024.0,2
121900,Mark 01,Mark 55,VELVETFRUIT_EXTRACT,XIRECS,5244.0,5
122700,Mark 14,Mark 38,VEV_4000,XIRECS,1232.0,3
125500,Mark 14,SUBMISSION,HYDROGEL_PACK,XIRECS,10019.0,10
125500,Mark 01,SUBMISSION,HYDROGEL_PACK,XIRECS,10016.0,22
125500,Mark 38,Mark 14,VEV_4000,XIRECS,1250.0,3
126700,Mark 14,Mark 38,HYDROGEL_PACK,XIRECS,10022.0,3
126800,Mark 22,SUBMISSION,HYDROGEL_PACK,XIRECS,10032.0,9
126800,Mark 14,SUBMISSION,HYDROGEL_PACK,XIRECS,10025.0,13
126800,Mark 01,SUBMISSION,HYDROGEL_PACK,XIRECS,10022.0,20
126900,Mark 01,Mark 22,VEV_5300,XIRECS,27.0,5
126900,Mark 01,Mark 22,VEV_5400,XIRECS,6.0,5
126900,Mark 01,Mark 22,VEV_5500,XIRECS,1.0,5
126900,Mark 01,Mark 22,VEV_6000,XIRECS,0.0,5
126900,Mark 01,Mark 22,VEV_6500,XIRECS,0.0,5
128600,Mark 14,Mark 22,VEV_5200,XIRECS,75.0,3
128600,Mark 01,Mark 22,VEV_5300,XIRECS,28.0,3
128600,Mark 01,Mark 22,VEV_5400,XIRECS,6.0,3
128600,Mark 01,Mark 22,VEV_5500,XIRECS,1.0,3
128600,Mark 01,Mark 22,VEV_6000,XIRECS,0.0,3
128600,Mark 01,Mark 22,VEV_6500,XIRECS,0.0,3
129000,Mark 38,SUBMISSION,HYDROGEL_PACK,XIRECS,10043.0,5
129600,SUBMISSION,Mark 38,HYDROGEL_PACK,XIRECS,10031.0,3
129600,Mark 55,Mark 01,VELVETFRUIT_EXTRACT,XIRECS,5246.0,6
130200,Mark 38,SUBMISSION,HYDROGEL_PACK,XIRECS,10046.0,4
130800,Mark 14,Mark 55,VELVETFRUIT_EXTRACT,XIRECS,5242.0,3
133400,Mark 38,SUBMISSION,HYDROGEL_PACK,XIRECS,10047.0,6
134400,Mark 14,SUBMISSION,VEV_5200,XIRECS,80.0,12
134500,Mark 14,SUBMISSION,VEV_5200,XIRECS,80.0,10
134700,Mark 01,SUBMISSION,VEV_5200,XIRECS,80.0,21
134700,Mark 14,SUBMISSION,VEV_5200,XIRECS,80.0,10
134800,Mark 01,SUBMISSION,VEV_5200,XIRECS,80.0,17
134800,Mark 14,SUBMISSION,VEV_5200,XIRECS,80.0,11
134900,Mark 01,SUBMISSION,VEV_5200,XIRECS,79.0,14
134900,Mark 14,SUBMISSION,VEV_5200,XIRECS,79.0,9
135000,Mark 01,SUBMISSION,VEV_5200,XIRECS,80.0,12
135000,Mark 14,SUBMISSION,VEV_5200,XIRECS,80.0,6
135100,Mark 01,SUBMISSION,VEV_5200,XIRECS,79.0,18
135100,Mark 14,SUBMISSION,VEV_5200,XIRECS,79.0,12
135300,Mark 01,SUBMISSION,VEV_5200,XIRECS,79.0,16
135300,Mark 14,SUBMISSION,VEV_5200,XIRECS,79.0,12
135400,Mark 01,SUBMISSION,VEV_5200,XIRECS,79.0,20
135400,Mark 14,SUBMISSION,VEV_5200,XIRECS,79.0,11
135500,Mark 01,SUBMISSION,VEV_5200,XIRECS,79.0,14
135500,Mark 14,SUBMISSION,VEV_5200,XIRECS,79.0,12
135600,Mark 01,SUBMISSION,VEV_5200,XIRECS,79.0,23
135600,Mark 14,SUBMISSION,VEV_5200,XIRECS,79.0,10
135700,Mark 14,Mark 55,VELVETFRUIT_EXTRACT,XIRECS,5248.0,3
135800,Mark 01,SUBMISSION,VEV_5200,XIRECS,79.0,12
135800,Mark 14,SUBMISSION,VEV_5200,XIRECS,79.0,7
135900,Mark 01,SUBMISSION,VEV_5200,XIRECS,80.0,22
135900,Mark 14,SUBMISSION,VEV_5200,XIRECS,80.0,8
136000,Mark 01,SUBMISSION,VEV_5200,XIRECS,79.0,14
136000,Mark 14,SUBMISSION,VEV_5200,XIRECS,79.0,6
136100,Mark 14,SUBMISSION,VEV_5200,XIRECS,80.0,6
136200,Mark 01,SUBMISSION,VEV_5200,XIRECS,79.0,12
137000,SUBMISSION,Mark 38,HYDROGEL_PACK,XIRECS,10030.0,4
137300,Mark 38,SUBMISSION,HYDROGEL_PACK,XIRECS,10042.0,6
137700,SUBMISSION,Mark 38,HYDROGEL_PACK,XIRECS,10028.0,3
140300,Mark 01,SUBMISSION,VELVETFRUIT_EXTRACT,XIRECS,5257.0,32
140300,Mark 14,SUBMISSION,VELVETFRUIT_EXTRACT,XIRECS,5257.0,17
141000,Mark 14,SUBMISSION,VELVETFRUIT_EXTRACT,XIRECS,5258.0,23
141100,Mark 01,SUBMISSION,VELVETFRUIT_EXTRACT,XIRECS,5258.0,42
141100,Mark 14,SUBMISSION,VELVETFRUIT_EXTRACT,XIRECS,5258.0,18
141200,Mark 01,SUBMISSION,VELVETFRUIT_EXTRACT,XIRECS,5258.0,49
141200,Mark 14,SUBMISSION,VELVETFRUIT_EXTRACT,XIRECS,5258.0,16
141300,Mark 01,SUBMISSION,VELVETFRUIT_EXTRACT,XIRECS,5260.0,36
141300,Mark 14,SUBMISSION,VELVETFRUIT_EXTRACT,XIRECS,5260.0,15
141400,Mark 01,SUBMISSION,VELVETFRUIT_EXTRACT,XIRECS,5260.0,39
141400,Mark 14,SUBMISSION,VELVETFRUIT_EXTRACT,XIRECS,5260.0,22
141500,Mark 01,SUBMISSION,VELVETFRUIT_EXTRACT,XIRECS,5260.0,34
141500,Mark 14,SUBMISSION,VELVETFRUIT_EXTRACT,XIRECS,5260.0,16
141600,Mark 01,SUBMISSION,VELVETFRUIT_EXTRACT,XIRECS,5260.0,32
141600,Mark 14,SUBMISSION,VELVETFRUIT_EXTRACT,XIRECS,5260.0,9
142100,SUBMISSION,Mark 38,HYDROGEL_PACK,XIRECS,10022.0,3
142300,Mark 01,Mark 55,VELVETFRUIT_EXTRACT,XIRECS,5257.0,8
142900,Mark 01,Mark 55,VELVETFRUIT_EXTRACT,XIRECS,5259.0,5
143200,Mark 67,Mark 22,VELVETFRUIT_EXTRACT,XIRECS,5261.0,7
143300,Mark 55,Mark 01,VELVETFRUIT_EXTRACT,XIRECS,5263.0,8
144200,SUBMISSION,Mark 38,HYDROGEL_PACK,XIRECS,10023.0,5
145400,Mark 67,Mark 22,VELVETFRUIT_EXTRACT,XIRECS,5258.0,8
145500,Mark 38,SUBMISSION,HYDROGEL_PACK,XIRECS,10038.0,2
146100,Mark 67,Mark 22,VELVETFRUIT_EXTRACT,XIRECS,5253.0,9
147000,SUBMISSION,Mark 38,HYDROGEL_PACK,XIRECS,10020.0,2
147100,SUBMISSION,Mark 38,HYDROGEL_PACK,XIRECS,10022.0,3
148000,SUBMISSION,Mark 38,HYDROGEL_PACK,XIRECS,10022.0,4
148300,SUBMISSION,Mark 38,HYDROGEL_PACK,XIRECS,10017.0,6
148500,Mark 38,SUBMISSION,HYDROGEL_PACK,XIRECS,10032.0,3
149300,Mark 38,SUBMISSION,HYDROGEL_PACK,XIRECS,10037.0,6
149500,Mark 55,Mark 14,VELVETFRUIT_EXTRACT,XIRECS,5252.0,5
150300,Mark 01,Mark 22,VEV_5300,XIRECS,29.0,2
150300,Mark 01,Mark 22,VEV_5400,XIRECS,6.0,2
150300,Mark 01,Mark 22,VEV_5500,XIRECS,1.0,2
150300,Mark 01,Mark 22,VEV_6000,XIRECS,0.0,2
150300,Mark 01,Mark 22,VEV_6500,XIRECS,0.0,2
151400,Mark 14,Mark 55,VELVETFRUIT_EXTRACT,XIRECS,5245.0,6
151600,Mark 67,Mark 22,VELVETFRUIT_EXTRACT,XIRECS,5247.0,9
151700,Mark 22,Mark 49,VELVETFRUIT_EXTRACT,XIRECS,5248.0,6
151700,Mark 67,Mark 49,VELVETFRUIT_EXTRACT,XIRECS,5247.0,4
152000,Mark 01,Mark 22,VEV_5300,XIRECS,30.0,3
152000,Mark 01,Mark 22,VEV_5400,XIRECS,6.0,3
152000,Mark 01,Mark 22,VEV_5500,XIRECS,1.0,3
152000,Mark 01,Mark 22,VEV_6000,XIRECS,0.0,3
152000,Mark 01,Mark 22,VEV_6500,XIRECS,0.0,3
152500,SUBMISSION,Mark 38,HYDROGEL_PACK,XIRECS,10025.0,5
153800,Mark 38,SUBMISSION,HYDROGEL_PACK,XIRECS,10037.0,6
154000,Mark 01,Mark 22,VEV_5200,XIRECS,75.0,5
154000,Mark 01,Mark 22,VEV_5400,XIRECS,6.0,5
154000,Mark 01,Mark 22,VEV_5500,XIRECS,1.0,5
154000,Mark 01,Mark 22,VEV_6000,XIRECS,0.0,5
154000,Mark 01,Mark 22,VEV_6500,XIRECS,0.0,5
154400,SUBMISSION,Mark 38,HYDROGEL_PACK,XIRECS,10021.0,5
154500,SUBMISSION,Mark 38,HYDROGEL_PACK,XIRECS,10020.0,5
155400,Mark 01,Mark 22,VEV_5300,XIRECS,29.0,5
155400,Mark 01,Mark 22,VEV_5400,XIRECS,6.0,5
155400,Mark 01,Mark 22,VEV_5500,XIRECS,1.0,5
155400,Mark 01,Mark 22,VEV_6000,XIRECS,0.0,5
155400,Mark 01,Mark 22,VEV_6500,XIRECS,0.0,5
156500,Mark 55,Mark 22,VELVETFRUIT_EXTRACT,XIRECS,5247.0,5
158400,Mark 55,Mark 01,VELVETFRUIT_EXTRACT,XIRECS,5248.0,8
159600,Mark 55,Mark 14,VELVETFRUIT_EXTRACT,XIRECS,5251.0,6
159800,Mark 38,Mark 14,VEV_4000,XIRECS,1260.0,3
161100,SUBMISSION,Mark 38,HYDROGEL_PACK,XIRECS,10026.0,6
161600,Mark 38,Mark 14,VEV_4000,XIRECS,1265.0,2
162600,Mark 14,Mark 38,VEV_4000,XIRECS,1249.0,3
162800,Mark 67,Mark 49,VELVETFRUIT_EXTRACT,XIRECS,5258.0,8
163200,Mark 01,Mark 55,VELVETFRUIT_EXTRACT,XIRECS,5256.0,8
163400,Mark 55,Mark 01,VELVETFRUIT_EXTRACT,XIRECS,5260.0,5
167200,Mark 55,Mark 01,VELVETFRUIT_EXTRACT,XIRECS,5267.0,3
168700,Mark 38,Mark 14,VEV_4000,XIRECS,1278.0,2
169200,Mark 01,Mark 55,VELVETFRUIT_EXTRACT,XIRECS,5262.0,8
170800,Mark 55,Mark 14,VELVETFRUIT_EXTRACT,XIRECS,5269.0,4
172700,Mark 55,Mark 14,VELVETFRUIT_EXTRACT,XIRECS,5273.0,5
173700,SUBMISSION,Mark 38,HYDROGEL_PACK,XIRECS,10019.0,5
174300,SUBMISSION,Mark 38,HYDROGEL_PACK,XIRECS,10020.0,3
174300,Mark 55,Mark 01,VELVETFRUIT_EXTRACT,XIRECS,5264.0,8
174600,Mark 38,SUBMISSION,HYDROGEL_PACK,XIRECS,10031.0,2
174700,SUBMISSION,Mark 38,HYDROGEL_PACK,XIRECS,10014.0,4
176100,SUBMISSION,Mark 38,HYDROGEL_PACK,XIRECS,10008.0,5
176300,Mark 14,Mark 38,VEV_4000,XIRECS,1255.0,2
177400,Mark 01,SUBMISSION,VEV_5300,XIRECS,40.0,11
177400,Mark 14,SUBMISSION,VEV_5300,XIRECS,40.0,9
177500,Mark 01,SUBMISSION,VEV_5300,XIRECS,40.0,11
177500,Mark 14,SUBMISSION,VEV_5300,XIRECS,40.0,6
177600,Mark 01,SUBMISSION,VEV_5300,XIRECS,41.0,10
177600,Mark 14,SUBMISSION,VEV_5300,XIRECS,41.0,8
177700,Mark 14,SUBMISSION,VEV_5300,XIRECS,41.0,8
177800,Mark 01,SUBMISSION,VEV_5300,XIRECS,41.0,17
177800,Mark 14,SUBMISSION,VEV_5300,XIRECS,41.0,10
177900,Mark 01,SUBMISSION,VEV_5300,XIRECS,41.0,13
177900,Mark 14,SUBMISSION,VEV_5300,XIRECS,41.0,8
177900,Mark 55,Mark 14,VELVETFRUIT_EXTRACT,XIRECS,5279.0,7
178000,Mark 01,SUBMISSION,VEV_5300,XIRECS,41.0,11
178000,Mark 14,SUBMISSION,VEV_5300,XIRECS,41.0,5
178100,Mark 01,SUBMISSION,VEV_5300,XIRECS,41.0,11
178100,Mark 14,SUBMISSION,VEV_5300,XIRECS,41.0,6
178100,Mark 14,Mark 38,VEV_4000,XIRECS,1266.0,2
178200,Mark 01,SUBMISSION,VEV_5300,XIRECS,41.0,19
178200,Mark 14,SUBMISSION,VEV_5300,XIRECS,41.0,6
178300,Mark 01,SUBMISSION,VEV_5300,XIRECS,41.0,15
178300,Mark 14,SUBMISSION,VEV_5300,XIRECS,41.0,7
178400,Mark 01,SUBMISSION,VEV_5300,XIRECS,41.0,18
178400,Mark 14,SUBMISSION,VEV_5300,XIRECS,41.0,10
178500,Mark 01,SUBMISSION,VEV_5300,XIRECS,41.0,10
178500,Mark 14,SUBMISSION,VEV_5300,XIRECS,41.0,6
178500,Mark 01,Mark 55,VELVETFRUIT_EXTRACT,XIRECS,5275.0,8
178600,Mark 01,SUBMISSION,VEV_5300,XIRECS,41.0,20
178600,Mark 14,SUBMISSION,VEV_5300,XIRECS,41.0,8
178700,Mark 01,SUBMISSION,VEV_5300,XIRECS,42.0,12
178700,Mark 14,SUBMISSION,VEV_5300,XIRECS,42.0,5
178700,Mark 01,Mark 22,VEV_5400,XIRECS,10.0,2
178700,Mark 01,Mark 22,VEV_5500,XIRECS,2.0,2
178700,Mark 01,Mark 22,VEV_6000,XIRECS,0.0,2
178700,Mark 01,Mark 22,VEV_6500,XIRECS,0.0,2
178800,Mark 01,SUBMISSION,VEV_5300,XIRECS,43.0,15
178800,Mark 14,SUBMISSION,VEV_5300,XIRECS,43.0,10
178900,Mark 01,SUBMISSION,VEV_5300,XIRECS,42.0,14
178900,Mark 14,SUBMISSION,VEV_5300,XIRECS,42.0,5
178900,Mark 14,Mark 55,VELVETFRUIT_EXTRACT,XIRECS,5278.0,3
179000,Mark 14,SUBMISSION,VEV_5300,XIRECS,43.0,10
179100,Mark 01,SUBMISSION,VEV_5300,XIRECS,43.0,10
179100,Mark 14,SUBMISSION,VEV_5300,XIRECS,43.0,8
179200,Mark 14,SUBMISSION,VEV_5300,XIRECS,43.0,6
179300,Mark 01,SUBMISSION,VEV_5300,XIRECS,43.0,16
179300,Mark 14,SUBMISSION,VEV_5300,XIRECS,43.0,8
179400,Mark 01,SUBMISSION,VEV_5300,XIRECS,44.0,13
179400,Mark 14,SUBMISSION,VEV_5300,XIRECS,44.0,8
179500,Mark 01,SUBMISSION,VEV_5300,XIRECS,44.0,14
179500,Mark 14,SUBMISSION,VEV_5300,XIRECS,44.0,5
179600,Mark 01,SUBMISSION,VEV_5300,XIRECS,43.0,15
179600,Mark 14,SUBMISSION,VEV_5300,XIRECS,43.0,5
179700,Mark 01,SUBMISSION,VEV_5300,XIRECS,43.0,17
179700,Mark 14,SUBMISSION,VEV_5300,XIRECS,43.0,5
179800,Mark 01,SUBMISSION,VEV_5300,XIRECS,42.0,19
179800,Mark 14,SUBMISSION,VEV_5300,XIRECS,42.0,8
179900,Mark 01,SUBMISSION,VEV_5300,XIRECS,42.0,12
179900,Mark 14,SUBMISSION,VEV_5300,XIRECS,42.0,7
180000,Mark 01,SUBMISSION,VEV_5300,XIRECS,42.0,12
180000,Mark 14,SUBMISSION,VEV_5300,XIRECS,42.0,6
180100,Mark 01,SUBMISSION,VEV_5300,XIRECS,42.0,15
180100,Mark 14,SUBMISSION,VEV_5300,XIRECS,42.0,7
180200,Mark 01,SUBMISSION,VEV_5300,XIRECS,42.0,19
180200,Mark 14,SUBMISSION,VEV_5300,XIRECS,42.0,5
180300,Mark 01,SUBMISSION,VEV_5300,XIRECS,42.0,11
180300,Mark 14,SUBMISSION,VEV_5300,XIRECS,42.0,9
180400,Mark 01,SUBMISSION,VEV_5300,XIRECS,42.0,6
181800,Mark 55,Mark 14,VELVETFRUIT_EXTRACT,XIRECS,5287.0,4
181900,Mark 55,Mark 01,VELVETFRUIT_EXTRACT,XIRECS,5286.0,5
182900,Mark 38,SUBMISSION,HYDROGEL_PACK,XIRECS,9994.0,6
183100,Mark 38,Mark 14,VEV_4000,XIRECS,1297.0,2
184200,Mark 38,SUBMISSION,HYDROGEL_PACK,XIRECS,9998.0,4
185200,Mark 38,SUBMISSION,HYDROGEL_PACK,XIRECS,9997.0,4
185200,Mark 55,Mark 01,VELVETFRUIT_EXTRACT,XIRECS,5291.0,4
185800,Mark 38,Mark 14,VEV_4000,XIRECS,1303.0,2
186200,Mark 55,Mark 14,VELVETFRUIT_EXTRACT,XIRECS,5292.0,8
186300,Mark 14,Mark 55,VELVETFRUIT_EXTRACT,XIRECS,5288.0,3
186700,Mark 38,SUBMISSION,HYDROGEL_PACK,XIRECS,9990.0,4
188000,Mark 55,Mark 01,VELVETFRUIT_EXTRACT,XIRECS,5293.0,8
188700,Mark 14,Mark 55,VELVETFRUIT_EXTRACT,XIRECS,5285.0,6
189000,Mark 55,Mark 01,VELVETFRUIT_EXTRACT,XIRECS,5290.0,4
189100,Mark 14,Mark 55,VELVETFRUIT_EXTRACT,XIRECS,5284.0,5
189300,Mark 55,Mark 14,VELVETFRUIT_EXTRACT,XIRECS,5289.0,3
189900,Mark 14,Mark 38,HYDROGEL_PACK,XIRECS,9965.0,2
190800,Mark 55,Mark 14,VELVETFRUIT_EXTRACT,XIRECS,5284.0,3
191300,SUBMISSION,Mark 38,HYDROGEL_PACK,XIRECS,9955.0,5
191400,Mark 38,SUBMISSION,HYDROGEL_PACK,XIRECS,9968.0,2
196100,Mark 38,SUBMISSION,HYDROGEL_PACK,XIRECS,9976.0,5
196300,Mark 55,Mark 01,VELVETFRUIT_EXTRACT,XIRECS,5273.0,6
196600,Mark 14,Mark 55,VELVETFRUIT_EXTRACT,XIRECS,5266.0,3
197800,Mark 67,Mark 22,VELVETFRUIT_EXTRACT,XIRECS,5266.0,10
200100,SUBMISSION,Mark 38,HYDROGEL_PACK,XIRECS,9957.0,5
201300,Mark 14,Mark 55,VELVETFRUIT_EXTRACT,XIRECS,5269.0,4
201800,SUBMISSION,Mark 38,HYDROGEL_PACK,XIRECS,9965.0,2
202500,Mark 55,Mark 01,VELVETFRUIT_EXTRACT,XIRECS,5271.0,3
204300,Mark 01,Mark 22,VEV_5400,XIRECS,8.0,3
204300,Mark 14,Mark 22,VEV_5500,XIRECS,2.0,3
204300,Mark 01,Mark 22,VEV_6000,XIRECS,0.0,3
204300,Mark 01,Mark 22,VEV_6500,XIRECS,0.0,3
204400,Mark 55,Mark 14,VELVETFRUIT_EXTRACT,XIRECS,5268.0,7
204700,Mark 14,Mark 22,VEV_5200,XIRECS,88.0,3
204700,Mark 01,Mark 22,VEV_5300,XIRECS,36.0,3
204700,Mark 01,Mark 22,VEV_5400,XIRECS,8.0,3
204700,Mark 01,Mark 22,VEV_5500,XIRECS,1.0,3
204700,Mark 01,Mark 22,VEV_6000,XIRECS,0.0,3
204700,Mark 01,Mark 22,VEV_6500,XIRECS,0.0,3
208200,Mark 55,Mark 01,VELVETFRUIT_EXTRACT,XIRECS,5265.0,8
208300,Mark 14,Mark 55,VELVETFRUIT_EXTRACT,XIRECS,5259.0,3
209300,Mark 01,Mark 55,VELVETFRUIT_EXTRACT,XIRECS,5256.0,5
209800,Mark 01,Mark 22,VEV_5500,XIRECS,1.0,4
209800,Mark 01,Mark 22,VEV_6000,XIRECS,0.0,4
209800,Mark 01,Mark 22,VEV_6500,XIRECS,0.0,4
210500,Mark 38,Mark 14,VEV_4000,XIRECS,1274.0,1
211200,Mark 38,Mark 14,HYDROGEL_PACK,XIRECS,10002.0,3
212600,SUBMISSION,Mark 38,HYDROGEL_PACK,XIRECS,9992.0,2
215700,Mark 14,Mark 22,VEV_5200,XIRECS,82.0,5
215700,Mark 14,Mark 22,VEV_5300,XIRECS,33.0,5
215700,Mark 01,Mark 22,VEV_5400,XIRECS,7.0,5
215700,Mark 01,Mark 22,VEV_5500,XIRECS,1.0,5
215700,Mark 01,Mark 22,VEV_6000,XIRECS,0.0,5
215700,Mark 01,Mark 22,VEV_6500,XIRECS,0.0,5
216200,Mark 01,Mark 55,VELVETFRUIT_EXTRACT,XIRECS,5253.0,4
218500,Mark 67,Mark 22,VELVETFRUIT_EXTRACT,XIRECS,5261.0,10
219000,Mark 55,Mark 14,VELVETFRUIT_EXTRACT,XIRECS,5264.0,4
219500,Mark 14,Mark 38,VEV_4000,XIRECS,1251.0,1
219800,Mark 01,Mark 55,VELVETFRUIT_EXTRACT,XIRECS,5259.0,6
219900,Mark 14,Mark 55,VELVETFRUIT_EXTRACT,XIRECS,5260.0,6
220000,Mark 14,Mark 55,VELVETFRUIT_EXTRACT,XIRECS,5259.0,7
220400,Mark 38,Mark 14,HYDROGEL_PACK,XIRECS,9995.0,2
222000,Mark 38,Mark 14,HYDROGEL_PACK,XIRECS,9992.0,6
224200,Mark 55,Mark 01,VELVETFRUIT_EXTRACT,XIRECS,5270.0,8
225100,Mark 14,Mark 55,VELVETFRUIT_EXTRACT,XIRECS,5259.0,4
225200,Mark 38,Mark 14,HYDROGEL_PACK,XIRECS,10017.0,6
225600,Mark 38,Mark 14,HYDROGEL_PACK,XIRECS,10016.0,3
226800,Mark 14,Mark 38,VEV_4000,XIRECS,1254.0,2
227900,Mark 01,Mark 22,VEV_5300,XIRECS,35.0,3
227900,Mark 01,Mark 22,VEV_5400,XIRECS,8.0,3
227900,Mark 01,Mark 22,VEV_5500,XIRECS,1.0,3
227900,Mark 01,Mark 22,VEV_6000,XIRECS,0.0,3
227900,Mark 01,Mark 22,VEV_6500,XIRECS,0.0,3
228200,Mark 01,Mark 55,VELVETFRUIT_EXTRACT,XIRECS,5259.0,3
228700,Mark 38,Mark 14,HYDROGEL_PACK,XIRECS,10013.0,2
228900,SUBMISSION,Mark 38,HYDROGEL_PACK,XIRECS,10003.0,2
229300,SUBMISSION,Mark 38,HYDROGEL_PACK,XIRECS,9995.0,2
230700,Mark 38,Mark 14,VEV_4000,XIRECS,1274.0,1
232800,Mark 38,Mark 14,HYDROGEL_PACK,XIRECS,9994.0,4
233500,Mark 01,Mark 55,VELVETFRUIT_EXTRACT,XIRECS,5260.0,8
233500,Mark 14,Mark 22,VEV_5400,XIRECS,8.0,5
233500,Mark 01,Mark 22,VEV_5500,XIRECS,1.0,5
233500,Mark 01,Mark 22,VEV_6000,XIRECS,0.0,5
233500,Mark 01,Mark 22,VEV_6500,XIRECS,0.0,5
235000,SUBMISSION,Mark 38,HYDROGEL_PACK,XIRECS,9993.0,2
235000,Mark 01,Mark 55,VELVETFRUIT_EXTRACT,XIRECS,5261.0,3
235200,Mark 38,Mark 14,HYDROGEL_PACK,XIRECS,10011.0,6
236800,Mark 55,Mark 14,VELVETFRUIT_EXTRACT,XIRECS,5271.0,8
238300,Mark 01,Mark 22,VEV_5400,XIRECS,9.0,5
238300,Mark 01,Mark 22,VEV_5500,XIRECS,2.0,5
238300,Mark 01,Mark 22,VEV_6000,XIRECS,0.0,5
238300,Mark 01,Mark 22,VEV_6500,XIRECS,0.0,5
240800,Mark 14,Mark 22,VEV_5300,XIRECS,39.0,2
240800,Mark 01,Mark 22,VEV_5400,XIRECS,9.0,2
240800,Mark 01,Mark 22,VEV_5500,XIRECS,2.0,2
240800,Mark 01,Mark 22,VEV_6000,XIRECS,0.0,2
240800,Mark 01,Mark 22,VEV_6500,XIRECS,0.0,2
242300,Mark 14,Mark 38,VEV_4000,XIRECS,1263.0,2
243000,Mark 14,Mark 55,VELVETFRUIT_EXTRACT,XIRECS,5272.0,6
243400,Mark 55,Mark 14,VELVETFRUIT_EXTRACT,XIRECS,5273.0,3
243700,SUBMISSION,Mark 38,HYDROGEL_PACK,XIRECS,9968.0,3
245000,Mark 38,Mark 14,VEV_4000,XIRECS,1278.0,3
245200,Mark 01,Mark 22,VEV_5300,XIRECS,37.0,2
245200,Mark 01,Mark 22,VEV_5400,XIRECS,8.0,2
245200,Mark 01,Mark 22,VEV_5500,XIRECS,2.0,2
245200,Mark 01,Mark 22,VEV_6000,XIRECS,0.0,2
245200,Mark 01,Mark 22,VEV_6500,XIRECS,0.0,2
248200,Mark 14,Mark 38,VEV_4000,XIRECS,1262.0,3
249100,SUBMISSION,Mark 38,HYDROGEL_PACK,XIRECS,9971.0,2
251000,Mark 14,Mark 38,VEV_4000,XIRECS,1267.0,3
252600,Mark 38,SUBMISSION,HYDROGEL_PACK,XIRECS,9976.0,4
253600,Mark 38,SUBMISSION,HYDROGEL_PACK,XIRECS,9978.0,4
254300,Mark 38,Mark 14,VEV_4000,XIRECS,1288.0,1
256400,SUBMISSION,Mark 38,HYDROGEL_PACK,XIRECS,9943.0,2
256600,Mark 55,Mark 14,VELVETFRUIT_EXTRACT,XIRECS,5280.0,7
257400,Mark 14,Mark 38,VEV_4000,XIRECS,1269.0,3
259600,Mark 01,Mark 55,VELVETFRUIT_EXTRACT,XIRECS,5275.0,8
260100,Mark 14,Mark 55,VELVETFRUIT_EXTRACT,XIRECS,5277.0,6
260900,Mark 01,Mark 22,VEV_5500,XIRECS,2.0,3
260900,Mark 01,Mark 22,VEV_6000,XIRECS,0.0,3
260900,Mark 01,Mark 22,VEV_6500,XIRECS,0.0,3
261400,Mark 55,Mark 14,VELVETFRUIT_EXTRACT,XIRECS,5282.0,6
263200,Mark 38,SUBMISSION,HYDROGEL_PACK,XIRECS,9959.0,3
264500,Mark 55,Mark 14,VELVETFRUIT_EXTRACT,XIRECS,5285.0,6
266100,Mark 01,Mark 22,VEV_5400,XIRECS,11.0,3
266100,Mark 01,Mark 22,VEV_5500,XIRECS,2.0,3
266100,Mark 01,Mark 22,VEV_6000,XIRECS,0.0,3
266100,Mark 01,Mark 22,VEV_6500,XIRECS,0.0,3
266300,Mark 38,SUBMISSION,HYDROGEL_PACK,XIRECS,9945.0,3
266300,Mark 67,Mark 49,VELVETFRUIT_EXTRACT,XIRECS,5285.0,8
266900,SUBMISSION,Mark 38,HYDROGEL_PACK,XIRECS,9929.0,3
267000,Mark 01,Mark 22,VEV_5400,XIRECS,12.0,2
267000,Mark 01,Mark 22,VEV_5500,XIRECS,3.0,2
267000,Mark 01,Mark 22,VEV_6000,XIRECS,0.0,2
267000,Mark 01,Mark 22,VEV_6500,XIRECS,0.0,2
267500,SUBMISSION,Mark 38,HYDROGEL_PACK,XIRECS,9931.0,4
268200,SUBMISSION,Mark 38,HYDROGEL_PACK,XIRECS,9929.0,3
269000,Mark 01,Mark 55,VELVETFRUIT_EXTRACT,XIRECS,5278.0,7
269000,Mark 14,Mark 38,VEV_4000,XIRECS,1270.0,2
270600,Mark 01,Mark 22,VEV_5300,XIRECS,41.0,4
270600,Mark 01,Mark 22,VEV_5400,XIRECS,10.0,4
270600,Mark 01,Mark 22,VEV_5500,XIRECS,2.0,4
270600,Mark 01,Mark 22,VEV_6000,XIRECS,0.0,4
270600,Mark 01,Mark 22,VEV_6500,XIRECS,0.0,4
271800,SUBMISSION,Mark 38,HYDROGEL_PACK,XIRECS,9926.0,6
271800,Mark 55,Mark 01,VELVETFRUIT_EXTRACT,XIRECS,5283.0,6
276000,Mark 01,Mark 22,VEV_5400,XIRECS,10.0,3
276000,Mark 01,Mark 22,VEV_5500,XIRECS,2.0,3
276000,Mark 01,Mark 22,VEV_6000,XIRECS,0.0,3
276000,Mark 01,Mark 22,VEV_6500,XIRECS,0.0,3
276700,Mark 14,Mark 55,VELVETFRUIT_EXTRACT,XIRECS,5282.0,6
277000,Mark 14,Mark 38,VEV_4000,XIRECS,1273.0,3
278400,Mark 22,Mark 55,VELVETFRUIT_EXTRACT,XIRECS,5283.0,4
279800,SUBMISSION,Mark 38,HYDROGEL_PACK,XIRECS,9930.0,6
280600,Mark 01,Mark 22,VEV_5300,XIRECS,44.0,3
280600,Mark 01,Mark 22,VEV_5400,XIRECS,11.0,3
280600,Mark 01,Mark 22,VEV_5500,XIRECS,2.0,3
280600,Mark 01,Mark 22,VEV_6000,XIRECS,0.0,3
280600,Mark 01,Mark 22,VEV_6500,XIRECS,0.0,3
282700,SUBMISSION,Mark 38,HYDROGEL_PACK,XIRECS,9952.0,2
283400,Mark 38,SUBMISSION,HYDROGEL_PACK,XIRECS,9975.0,2
286700,Mark 14,Mark 38,VEV_4000,XIRECS,1264.0,3
287400,SUBMISSION,Mark 38,HYDROGEL_PACK,XIRECS,9959.0,5
287500,Mark 38,SUBMISSION,HYDROGEL_PACK,XIRECS,9974.0,6
287500,Mark 01,Mark 55,VELVETFRUIT_EXTRACT,XIRECS,5271.0,8
290200,Mark 01,Mark 55,VELVETFRUIT_EXTRACT,XIRECS,5264.0,4
291400,Mark 14,Mark 55,VELVETFRUIT_EXTRACT,XIRECS,5263.0,5
291800,Mark 38,Mark 14,VEV_4000,XIRECS,1274.0,3
292800,Mark 14,Mark 55,VELVETFRUIT_EXTRACT,XIRECS,5261.0,7
293700,Mark 38,Mark 14,VEV_4000,XIRECS,1270.0,3
294400,SUBMISSION,Mark 38,HYDROGEL_PACK,XIRECS,9970.0,5
294800,Mark 01,Mark 55,VELVETFRUIT_EXTRACT,XIRECS,5255.0,5
297500,SUBMISSION,Mark 38,HYDROGEL_PACK,XIRECS,9957.0,2
300100,SUBMISSION,Mark 14,HYDROGEL_PACK,XIRECS,9953.0,15
300100,SUBMISSION,Mark 01,HYDROGEL_PACK,XIRECS,9955.0,20
300600,Mark 55,Mark 01,VELVETFRUIT_EXTRACT,XIRECS,5259.0,6
301300,Mark 14,Mark 55,VELVETFRUIT_EXTRACT,XIRECS,5257.0,5
302200,Mark 38,SUBMISSION,HYDROGEL_PACK,XIRECS,9943.0,6
302300,Mark 01,Mark 22,VEV_5300,XIRECS,33.0,3
302300,Mark 01,Mark 22,VEV_5400,XIRECS,7.0,3
302300,Mark 01,Mark 22,VEV_5500,XIRECS,1.0,3
302300,Mark 01,Mark 22,VEV_6000,XIRECS,0.0,3
302300,Mark 01,Mark 22,VEV_6500,XIRECS,0.0,3
303600,Mark 01,Mark 22,VEV_5300,XIRECS,33.0,3
303600,Mark 01,Mark 22,VEV_5400,XIRECS,7.0,3
303600,Mark 01,Mark 22,VEV_5500,XIRECS,1.0,3
303600,Mark 01,Mark 22,VEV_6000,XIRECS,0.0,3
303600,Mark 01,Mark 22,VEV_6500,XIRECS,0.0,3
305400,SUBMISSION,Mark 22,HYDROGEL_PACK,XIRECS,9952.0,4
305800,Mark 38,Mark 14,VEV_4000,XIRECS,1267.0,3
306500,Mark 01,Mark 22,VEV_5300,XIRECS,32.0,2
306500,Mark 01,Mark 22,VEV_5400,XIRECS,6.0,2
306500,Mark 01,Mark 22,VEV_5500,XIRECS,1.0,2
306500,Mark 01,Mark 22,VEV_6000,XIRECS,0.0,2
306500,Mark 01,Mark 22,VEV_6500,XIRECS,0.0,2
306900,Mark 14,Mark 55,VELVETFRUIT_EXTRACT,XIRECS,5251.0,7
307100,SUBMISSION,Mark 38,HYDROGEL_PACK,XIRECS,9957.0,4
307500,SUBMISSION,Mark 38,HYDROGEL_PACK,XIRECS,9952.0,3
308500,Mark 38,SUBMISSION,HYDROGEL_PACK,XIRECS,9966.0,6
309000,Mark 14,Mark 55,VELVETFRUIT_EXTRACT,XIRECS,5257.0,6
309300,SUBMISSION,Mark 38,HYDROGEL_PACK,XIRECS,9947.0,6
310300,Mark 38,SUBMISSION,HYDROGEL_PACK,XIRECS,9963.0,5
311100,Mark 49,Mark 55,VELVETFRUIT_EXTRACT,XIRECS,5258.0,3
311200,Mark 14,Mark 38,VEV_4000,XIRECS,1247.0,3
314800,Mark 14,Mark 55,VELVETFRUIT_EXTRACT,XIRECS,5246.0,4
315500,Mark 55,Mark 01,VELVETFRUIT_EXTRACT,XIRECS,5249.0,3
315500,Mark 38,Mark 14,VEV_4000,XIRECS,1256.0,2
316800,Mark 38,Mark 14,VEV_4000,XIRECS,1255.0,1
317000,Mark 14,Mark 55,VELVETFRUIT_EXTRACT,XIRECS,5240.0,3
318600,Mark 01,Mark 22,VEV_5200,XIRECS,71.0,5
318600,Mark 01,Mark 22,VEV_5400,XIRECS,5.0,5
318600,Mark 01,Mark 22,VEV_5500,XIRECS,1.0,5
318600,Mark 01,Mark 22,VEV_6000,XIRECS,0.0,5
318600,Mark 01,Mark 22,VEV_6500,XIRECS,0.0,5
318800,Mark 01,Mark 22,VEV_5200,XIRECS,70.0,4
318800,Mark 01,Mark 22,VEV_5300,XIRECS,26.0,4
318800,Mark 01,Mark 22,VEV_5500,XIRECS,1.0,4
318800,Mark 01,Mark 22,VEV_6000,XIRECS,0.0,4
318800,Mark 01,Mark 22,VEV_6500,XIRECS,0.0,4
319500,SUBMISSION,Mark 14,HYDROGEL_PACK,XIRECS,9946.0,14
319500,SUBMISSION,Mark 01,HYDROGEL_PACK,XIRECS,9948.0,23
319500,SUBMISSION,Mark 38,HYDROGEL_PACK,XIRECS,9938.0,3
319600,SUBMISSION,Mark 14,HYDROGEL_PACK,XIRECS,9943.0,12
319600,SUBMISSION,Mark 01,HYDROGEL_PACK,XIRECS,9946.0,26
319900,Mark 38,Mark 14,HYDROGEL_PACK,XIRECS,9948.0,4
320500,Mark 67,Mark 49,VELVETFRUIT_EXTRACT,XIRECS,5237.0,14
320700,Mark 01,Mark 55,VELVETFRUIT_EXTRACT,XIRECS,5234.0,3
321100,Mark 55,Mark 01,VELVETFRUIT_EXTRACT,XIRECS,5242.0,4
325300,SUBMISSION,Mark 01,VELVETFRUIT_EXTRACT,XIRECS,5238.0,41
325300,SUBMISSION,Mark 14,VELVETFRUIT_EXTRACT,XIRECS,5238.0,17
325300,SUBMISSION,Mark 01,VEV_5300,XIRECS,26.0,17
325300,SUBMISSION,Mark 14,VEV_5300,XIRECS,26.0,10
325400,SUBMISSION,Mark 14,VELVETFRUIT_EXTRACT,XIRECS,5237.0,25
325400,SUBMISSION,Mark 01,VEV_5300,XIRECS,26.0,17
325400,SUBMISSION,Mark 14,VEV_5300,XIRECS,26.0,10
325500,SUBMISSION,Mark 01,VELVETFRUIT_EXTRACT,XIRECS,5236.0,34
325500,SUBMISSION,Mark 14,VELVETFRUIT_EXTRACT,XIRECS,5236.0,21
325500,SUBMISSION,Mark 14,VEV_5300,XIRECS,25.0,5
325600,SUBMISSION,Mark 01,VELVETFRUIT_EXTRACT,XIRECS,5235.0,34
325600,SUBMISSION,Mark 14,VELVETFRUIT_EXTRACT,XIRECS,5235.0,23
325600,SUBMISSION,Mark 01,VEV_5300,XIRECS,25.0,14
325600,SUBMISSION,Mark 14,VEV_5300,XIRECS,25.0,5
325700,SUBMISSION,Mark 01,VELVETFRUIT_EXTRACT,XIRECS,5236.0,41
325700,SUBMISSION,Mark 14,VELVETFRUIT_EXTRACT,XIRECS,5236.0,15
325700,SUBMISSION,Mark 14,VEV_5300,XIRECS,25.0,9
325800,SUBMISSION,Mark 14,VELVETFRUIT_EXTRACT,XIRECS,5237.0,23
325800,SUBMISSION,Mark 01,VEV_5300,XIRECS,26.0,19
325800,SUBMISSION,Mark 14,VEV_5300,XIRECS,26.0,6
325900,SUBMISSION,Mark 14,VELVETFRUIT_EXTRACT,XIRECS,5237.0,24
325900,SUBMISSION,Mark 01,VEV_5300,XIRECS,26.0,14
325900,SUBMISSION,Mark 14,VEV_5300,XIRECS,26.0,6
326200,SUBMISSION,Mark 14,VELVETFRUIT_EXTRACT,XIRECS,5238.0,18
326600,SUBMISSION,Mark 01,VELVETFRUIT_EXTRACT,XIRECS,5238.0,44
326600,SUBMISSION,Mark 14,VELVETFRUIT_EXTRACT,XIRECS,5238.0,22
326700,SUBMISSION,Mark 01,VELVETFRUIT_EXTRACT,XIRECS,5238.0,18
326700,SUBMISSION,Mark 01,VEV_5300,XIRECS,26.0,10
326700,SUBMISSION,Mark 14,VEV_5300,XIRECS,26.0,5
326700,Mark 14,Mark 38,VEV_4000,XIRECS,1225.0,3
326800,SUBMISSION,Mark 01,VEV_5300,XIRECS,26.0,11
326800,SUBMISSION,Mark 14,VEV_5300,XIRECS,26.0,6
327500,Mark 22,Mark 38,HYDROGEL_PACK,XIRECS,9918.0,5
327900,Mark 55,Mark 01,VELVETFRUIT_EXTRACT,XIRECS,5239.0,7
328000,SUBMISSION,Mark 01,VEV_5300,XIRECS,26.0,11
328000,SUBMISSION,Mark 14,VEV_5300,XIRECS,26.0,10
328200,SUBMISSION,Mark 01,VEV_5300,XIRECS,26.0,13
328200,SUBMISSION,Mark 14,VEV_5300,XIRECS,26.0,10
328300,SUBMISSION,Mark 01,VEV_5300,XIRECS,25.0,11
328300,SUBMISSION,Mark 14,VEV_5300,XIRECS,25.0,7
328400,SUBMISSION,Mark 01,VEV_5300,XIRECS,26.0,18
328400,SUBMISSION,Mark 14,VEV_5300,XIRECS,26.0,8
328500,SUBMISSION,Mark 01,VEV_5300,XIRECS,25.0,17
328500,SUBMISSION,Mark 14,VEV_5300,XIRECS,25.0,5
328600,SUBMISSION,Mark 01,VEV_5300,XIRECS,26.0,13
328600,SUBMISSION,Mark 14,VEV_5300,XIRECS,26.0,6
328900,SUBMISSION,Mark 01,VEV_5300,XIRECS,26.0,15
328900,SUBMISSION,Mark 14,VEV_5300,XIRECS,26.0,7
329000,SUBMISSION,Mark 14,VEV_5300,XIRECS,25.0,9
329100,SUBMISSION,Mark 01,VEV_5300,XIRECS,26.0,13
329100,SUBMISSION,Mark 14,VEV_5300,XIRECS,26.0,6
329200,SUBMISSION,Mark 01,VEV_5300,XIRECS,26.0,13
329200,SUBMISSION,Mark 14,VEV_5300,XIRECS,26.0,7
329300,SUBMISSION,Mark 01,VEV_5300,XIRECS,26.0,14
329300,SUBMISSION,Mark 14,VEV_5300,XIRECS,26.0,6
329400,SUBMISSION,Mark 01,VEV_5300,XIRECS,26.0,11
329400,SUBMISSION,Mark 14,VEV_5300,XIRECS,26.0,5
329400,Mark 55,Mark 01,VELVETFRUIT_EXTRACT,XIRECS,5236.0,5
329500,SUBMISSION,Mark 01,VEV_5300,XIRECS,25.0,11
329500,SUBMISSION,Mark 14,VEV_5300,XIRECS,25.0,5
329600,SUBMISSION,Mark 01,VEV_5300,XIRECS,25.0,10
329600,SUBMISSION,Mark 14,VEV_5300,XIRECS,25.0,8
329700,SUBMISSION,Mark 01,VEV_5300,XIRECS,25.0,12
329700,SUBMISSION,Mark 14,VEV_5300,XIRECS,25.0,7
329800,SUBMISSION,Mark 01,VEV_5200,XIRECS,66.0,20
329800,SUBMISSION,Mark 14,VEV_5200,XIRECS,66.0,11
329800,SUBMISSION,Mark 01,VEV_5300,XIRECS,25.0,17
329800,SUBMISSION,Mark 14,VEV_5300,XIRECS,25.0,6
329900,SUBMISSION,Mark 01,VEV_5200,XIRECS,66.0,20
329900,SUBMISSION,Mark 14,VEV_5200,XIRECS,66.0,9
329900,SUBMISSION,Mark 01,VEV_5300,XIRECS,25.0,16
329900,SUBMISSION,Mark 14,VEV_5300,XIRECS,25.0,10
330000,SUBMISSION,Mark 01,VEV_5200,XIRECS,65.0,14
330000,SUBMISSION,Mark 14,VEV_5200,XIRECS,65.0,6
330000,SUBMISSION,Mark 01,VEV_5300,XIRECS,24.0,12
330000,SUBMISSION,Mark 14,VEV_5300,XIRECS,24.0,5
330100,SUBMISSION,Mark 01,VEV_5200,XIRECS,65.0,22
330100,SUBMISSION,Mark 14,VEV_5200,XIRECS,65.0,12
330100,SUBMISSION,Mark 01,VEV_5300,XIRECS,24.0,16
330100,SUBMISSION,Mark 14,VEV_5300,XIRECS,24.0,8
330200,SUBMISSION,Mark 01,VEV_5200,XIRECS,65.0,12
330200,SUBMISSION,Mark 14,VEV_5200,XIRECS,65.0,9
330200,SUBMISSION,Mark 01,VEV_5300,XIRECS,24.0,20
330200,SUBMISSION,Mark 14,VEV_5300,XIRECS,24.0,6
330300,SUBMISSION,Mark 01,VEV_5200,XIRECS,65.0,17
330300,SUBMISSION,Mark 14,VEV_5200,XIRECS,65.0,8
330300,SUBMISSION,Mark 01,VEV_5300,XIRECS,24.0,10
330300,SUBMISSION,Mark 14,VEV_5300,XIRECS,24.0,8
330400,SUBMISSION,Mark 01,VEV_5200,XIRECS,65.0,19
330400,SUBMISSION,Mark 14,VEV_5200,XIRECS,65.0,12
330400,SUBMISSION,Mark 01,VEV_5300,XIRECS,24.0,14
330500,SUBMISSION,Mark 01,VEV_5200,XIRECS,64.0,18
330500,SUBMISSION,Mark 14,VEV_5200,XIRECS,64.0,11
330600,SUBMISSION,Mark 01,VEV_5200,XIRECS,64.0,24
330600,SUBMISSION,Mark 14,VEV_5200,XIRECS,64.0,11
330700,SUBMISSION,Mark 01,VEV_5200,XIRECS,64.0,13
330700,SUBMISSION,Mark 14,VEV_5200,XIRECS,64.0,7
330800,SUBMISSION,Mark 01,VEV_5200,XIRECS,64.0,20
330800,SUBMISSION,Mark 14,VEV_5200,XIRECS,64.0,9
330900,SUBMISSION,Mark 01,VEV_5200,XIRECS,64.0,13
330900,SUBMISSION,Mark 14,VEV_5200,XIRECS,64.0,7
331000,SUBMISSION,Mark 01,VEV_5200,XIRECS,65.0,23
331000,SUBMISSION,Mark 14,VEV_5200,XIRECS,65.0,12
331100,SUBMISSION,Mark 01,VEV_5200,XIRECS,65.0,24
331100,SUBMISSION,Mark 14,VEV_5200,XIRECS,65.0,6
331200,SUBMISSION,Mark 14,VEV_5200,XIRECS,64.0,9
331300,SUBMISSION,Mark 01,VEV_5200,XIRECS,64.0,19
331300,SUBMISSION,Mark 14,VEV_5200,XIRECS,64.0,6
331400,SUBMISSION,Mark 01,VEV_5200,XIRECS,64.0,20
331400,SUBMISSION,Mark 14,VEV_5200,XIRECS,64.0,10
331500,SUBMISSION,Mark 01,VEV_5200,XIRECS,64.0,21
331500,SUBMISSION,Mark 14,VEV_5200,XIRECS,64.0,8
331600,SUBMISSION,Mark 01,VEV_5200,XIRECS,64.0,24
331600,SUBMISSION,Mark 14,VEV_5200,XIRECS,64.0,11
331700,SUBMISSION,Mark 01,VEV_5200,XIRECS,64.0,13
331700,SUBMISSION,Mark 14,VEV_5200,XIRECS,64.0,8
331800,SUBMISSION,Mark 01,VEV_5200,XIRECS,63.0,16
331800,SUBMISSION,Mark 14,VEV_5200,XIRECS,63.0,6
331900,SUBMISSION,Mark 01,VEV_5200,XIRECS,63.0,18
331900,SUBMISSION,Mark 14,VEV_5200,XIRECS,63.0,8
332000,SUBMISSION,Mark 01,VEV_5200,XIRECS,64.0,14
333700,Mark 14,Mark 38,HYDROGEL_PACK,XIRECS,9949.0,4
334600,Mark 14,Mark 38,HYDROGEL_PACK,XIRECS,9955.0,5
335400,Mark 38,Mark 14,VEV_4000,XIRECS,1228.0,3
335800,Mark 01,Mark 22,VEV_5200,XIRECS,58.0,4
335800,Mark 01,Mark 22,VEV_5300,XIRECS,20.0,4
335800,Mark 01,Mark 22,VEV_5400,XIRECS,3.0,4
335800,Mark 01,Mark 22,VEV_5500,XIRECS,0.0,4
335800,Mark 01,Mark 22,VEV_6000,XIRECS,0.0,4
335800,Mark 01,Mark 22,VEV_6500,XIRECS,0.0,4
339600,Mark 38,SUBMISSION,HYDROGEL_PACK,XIRECS,9982.0,4
340500,Mark 14,SUBMISSION,HYDROGEL_PACK,XIRECS,9979.0,13
340500,Mark 01,SUBMISSION,HYDROGEL_PACK,XIRECS,9977.0,25
343300,SUBMISSION,Mark 38,HYDROGEL_PACK,XIRECS,9973.0,2
343300,Mark 01,Mark 55,VELVETFRUIT_EXTRACT,XIRECS,5221.0,4
343700,Mark 38,Mark 14,VEV_4000,XIRECS,1235.0,1
344600,Mark 01,Mark 22,VEV_5200,XIRECS,59.0,4
344600,Mark 01,Mark 22,VEV_5400,XIRECS,3.0,4
344600,Mark 01,Mark 22,VEV_5500,XIRECS,0.0,4
344600,Mark 01,Mark 22,VEV_6000,XIRECS,0.0,4
344600,Mark 01,Mark 22,VEV_6500,XIRECS,0.0,4
346500,Mark 14,Mark 38,VEV_4000,XIRECS,1218.0,3
347000,Mark 14,Mark 55,VELVETFRUIT_EXTRACT,XIRECS,5226.0,5
347100,Mark 01,Mark 22,VEV_5300,XIRECS,23.0,3
347100,Mark 01,Mark 22,VEV_5400,XIRECS,3.0,3
347100,Mark 01,Mark 22,VEV_5500,XIRECS,0.0,3
347100,Mark 01,Mark 22,VEV_6000,XIRECS,0.0,3
347100,Mark 01,Mark 22,VEV_6500,XIRECS,0.0,3
347500,Mark 01,Mark 22,VEV_5300,XIRECS,22.0,4
347500,Mark 01,Mark 22,VEV_5400,XIRECS,3.0,4
347500,Mark 01,Mark 22,VEV_5500,XIRECS,0.0,4
347500,Mark 01,Mark 22,VEV_6000,XIRECS,0.0,4
347500,Mark 01,Mark 22,VEV_6500,XIRECS,0.0,4
347700,Mark 14,Mark 38,HYDROGEL_PACK,XIRECS,9975.0,5
348000,Mark 38,SUBMISSION,HYDROGEL_PACK,XIRECS,9988.0,6
351800,Mark 01,Mark 55,VELVETFRUIT_EXTRACT,XIRECS,5221.0,6
352100,Mark 38,SUBMISSION,HYDROGEL_PACK,XIRECS,9998.0,4
352800,Mark 38,SUBMISSION,HYDROGEL_PACK,XIRECS,9993.0,4
354200,Mark 14,Mark 38,VEV_4000,XIRECS,1213.0,2
354800,Mark 55,Mark 01,VELVETFRUIT_EXTRACT,XIRECS,5229.0,4
354800,Mark 14,Mark 22,VEV_5200,XIRECS,62.0,5
354800,Mark 01,Mark 22,VEV_5300,XIRECS,22.0,5
354800,Mark 01,Mark 22,VEV_5400,XIRECS,3.0,5
354800,Mark 01,Mark 22,VEV_5500,XIRECS,0.0,5
354800,Mark 01,Mark 22,VEV_6000,XIRECS,0.0,5
354800,Mark 01,Mark 22,VEV_6500,XIRECS,0.0,5
354900,SUBMISSION,Mark 38,HYDROGEL_PACK,XIRECS,9969.0,3
355200,Mark 38,SUBMISSION,HYDROGEL_PACK,XIRECS,9978.0,6
357000,SUBMISSION,Mark 38,HYDROGEL_PACK,XIRECS,9964.0,5
357800,Mark 55,Mark 01,VELVETFRUIT_EXTRACT,XIRECS,5228.0,6
358700,SUBMISSION,Mark 38,HYDROGEL_PACK,XIRECS,9965.0,2
358800,Mark 01,Mark 55,VELVETFRUIT_EXTRACT,XIRECS,5215.0,3
359100,Mark 14,Mark 38,VEV_4000,XIRECS,1210.0,1
359500,SUBMISSION,Mark 38,HYDROGEL_PACK,XIRECS,9963.0,4
360000,Mark 14,Mark 38,VEV_4000,XIRECS,1213.0,2
363200,SUBMISSION,Mark 38,HYDROGEL_PACK,XIRECS,9957.0,3
363600,Mark 14,Mark 38,VEV_4000,XIRECS,1213.0,3
364100,Mark 01,Mark 55,VELVETFRUIT_EXTRACT,XIRECS,5219.0,5
366800,Mark 14,Mark 38,VEV_4000,XIRECS,1222.0,2
367400,SUBMISSION,Mark 38,HYDROGEL_PACK,XIRECS,9962.0,6
367600,Mark 55,Mark 01,VELVETFRUIT_EXTRACT,XIRECS,5233.0,5
368100,Mark 14,Mark 38,VEV_4000,XIRECS,1217.0,3
368900,Mark 01,Mark 22,VEV_5300,XIRECS,22.0,4
368900,Mark 01,Mark 22,VEV_5400,XIRECS,3.0,4
368900,Mark 01,Mark 22,VEV_5500,XIRECS,0.0,4
368900,Mark 01,Mark 22,VEV_6000,XIRECS,0.0,4
368900,Mark 01,Mark 22,VEV_6500,XIRECS,0.0,4
369000,Mark 55,Mark 14,VELVETFRUIT_EXTRACT,XIRECS,5231.0,4
370900,Mark 01,Mark 22,VEV_5300,XIRECS,23.0,2
370900,Mark 01,Mark 22,VEV_5400,XIRECS,3.0,2
370900,Mark 01,Mark 22,VEV_5500,XIRECS,0.0,2
370900,Mark 01,Mark 22,VEV_6000,XIRECS,0.0,2
370900,Mark 01,Mark 22,VEV_6500,XIRECS,0.0,2
374700,Mark 55,Mark 01,VELVETFRUIT_EXTRACT,XIRECS,5235.0,5
375300,Mark 38,SUBMISSION,HYDROGEL_PACK,XIRECS,9966.0,6
375500,Mark 14,Mark 55,VELVETFRUIT_EXTRACT,XIRECS,5228.0,3
378900,Mark 38,SUBMISSION,HYDROGEL_PACK,XIRECS,9980.0,5
379400,Mark 01,Mark 55,VELVETFRUIT_EXTRACT,XIRECS,5226.0,4
380200,Mark 01,Mark 55,VELVETFRUIT_EXTRACT,XIRECS,5226.0,6
381300,Mark 14,Mark 55,VELVETFRUIT_EXTRACT,XIRECS,5224.0,3
382600,Mark 14,Mark 38,VEV_4000,XIRECS,1221.0,1
382800,Mark 55,Mark 01,VELVETFRUIT_EXTRACT,XIRECS,5234.0,6
384500,Mark 38,SUBMISSION,HYDROGEL_PACK,XIRECS,9965.0,3
386600,Mark 14,Mark 38,HYDROGEL_PACK,XIRECS,9956.0,6
387000,Mark 55,Mark 14,VELVETFRUIT_EXTRACT,XIRECS,5234.0,6
387800,Mark 01,Mark 22,VEV_5300,XIRECS,26.0,2
387800,Mark 01,Mark 22,VEV_5400,XIRECS,4.0,2
387800,Mark 01,Mark 22,VEV_5500,XIRECS,1.0,2
387800,Mark 01,Mark 22,VEV_6000,XIRECS,0.0,2
387800,Mark 01,Mark 22,VEV_6500,XIRECS,0.0,2
388900,Mark 01,Mark 22,VEV_5400,XIRECS,4.0,2
388900,Mark 01,Mark 22,VEV_5500,XIRECS,1.0,2
388900,Mark 01,Mark 22,VEV_6000,XIRECS,0.0,2
388900,Mark 01,Mark 22,VEV_6500,XIRECS,0.0,2
391000,Mark 38,Mark 14,VEV_4000,XIRECS,1253.0,1
391100,Mark 14,Mark 38,HYDROGEL_PACK,XIRECS,9975.0,3
391300,Mark 14,SUBMISSION,HYDROGEL_PACK,XIRECS,9979.0,15
391300,Mark 01,SUBMISSION,HYDROGEL_PACK,XIRECS,9976.0,21
393100,SUBMISSION,Mark 38,HYDROGEL_PACK,XIRECS,9980.0,5
394400,Mark 38,SUBMISSION,HYDROGEL_PACK,XIRECS,9986.0,3
394700,Mark 55,Mark 01,VELVETFRUIT_EXTRACT,XIRECS,5250.0,5
394900,Mark 55,Mark 14,VELVETFRUIT_EXTRACT,XIRECS,5251.0,4
395300,Mark 01,Mark 22,VEV_5300,XIRECS,31.0,4
395300,Mark 01,Mark 22,VEV_5400,XIRECS,6.0,4
395300,Mark 01,Mark 22,VEV_5500,XIRECS,1.0,4
395300,Mark 01,Mark 22,VEV_6000,XIRECS,0.0,4
395300,Mark 01,Mark 22,VEV_6500,XIRECS,0.0,4
398400,Mark 01,SUBMISSION,VEV_5200,XIRECS,80.0,14
398400,Mark 14,SUBMISSION,VEV_5200,XIRECS,80.0,10
398400,Mark 55,Mark 01,VELVETFRUIT_EXTRACT,XIRECS,5258.0,3
398600,SUBMISSION,Mark 38,HYDROGEL_PACK,XIRECS,9986.0,4
398900,Mark 14,SUBMISSION,VEV_5200,XIRECS,80.0,12
399000,Mark 01,SUBMISSION,VEV_5200,XIRECS,80.0,15
399000,Mark 14,SUBMISSION,VEV_5200,XIRECS,80.0,9
399100,Mark 14,SUBMISSION,VEV_5200,XIRECS,81.0,7
399200,Mark 01,SUBMISSION,VEV_5200,XIRECS,82.0,20
399200,Mark 14,SUBMISSION,VEV_5200,XIRECS,82.0,6
399300,Mark 01,SUBMISSION,VEV_5200,XIRECS,82.0,17
399300,Mark 14,SUBMISSION,VEV_5200,XIRECS,82.0,9
399400,Mark 01,SUBMISSION,VEV_5200,XIRECS,83.0,19
399400,Mark 14,SUBMISSION,VEV_5200,XIRECS,83.0,8
399500,Mark 14,SUBMISSION,VEV_5200,XIRECS,83.0,11
399600,Mark 01,SUBMISSION,VEV_5200,XIRECS,83.0,18
399600,Mark 14,SUBMISSION,VEV_5200,XIRECS,83.0,9
399700,Mark 01,SUBMISSION,VEV_5200,XIRECS,82.0,13
399700,Mark 14,SUBMISSION,VEV_5200,XIRECS,82.0,8
399800,Mark 01,SUBMISSION,VEV_5200,XIRECS,82.0,14
399800,Mark 14,SUBMISSION,VEV_5200,XIRECS,82.0,7
399900,Mark 14,SUBMISSION,VEV_5200,XIRECS,83.0,9
400000,Mark 14,SUBMISSION,VELVETFRUIT_EXTRACT,XIRECS,5258.0,16
400000,Mark 01,SUBMISSION,VEV_5200,XIRECS,83.0,14
400000,Mark 14,SUBMISSION,VEV_5200,XIRECS,83.0,11
400100,Mark 14,SUBMISSION,VEV_5200,XIRECS,83.0,9
400200,Mark 01,SUBMISSION,VELVETFRUIT_EXTRACT,XIRECS,5257.0,37
400200,Mark 14,SUBMISSION,VELVETFRUIT_EXTRACT,XIRECS,5257.0,21
400200,Mark 01,SUBMISSION,VEV_5200,XIRECS,83.0,15
400200,Mark 14,SUBMISSION,VEV_5200,XIRECS,83.0,8
400300,Mark 01,SUBMISSION,VELVETFRUIT_EXTRACT,XIRECS,5258.0,46
400300,Mark 14,SUBMISSION,VELVETFRUIT_EXTRACT,XIRECS,5258.0,24
400300,Mark 14,SUBMISSION,VEV_5200,XIRECS,84.0,10
400400,Mark 01,SUBMISSION,VELVETFRUIT_EXTRACT,XIRECS,5259.0,36
400400,Mark 14,SUBMISSION,VELVETFRUIT_EXTRACT,XIRECS,5259.0,25
400400,Mark 01,SUBMISSION,VEV_5200,XIRECS,84.0,21
400400,Mark 14,SUBMISSION,VEV_5200,XIRECS,84.0,11
400500,Mark 01,SUBMISSION,VELVETFRUIT_EXTRACT,XIRECS,5260.0,42
400500,Mark 14,SUBMISSION,VELVETFRUIT_EXTRACT,XIRECS,5260.0,20
400500,Mark 01,SUBMISSION,VEV_5200,XIRECS,85.0,20
400500,Mark 14,SUBMISSION,VEV_5200,XIRECS,85.0,6
400600,Mark 01,SUBMISSION,VELVETFRUIT_EXTRACT,XIRECS,5260.0,47
400600,Mark 14,SUBMISSION,VELVETFRUIT_EXTRACT,XIRECS,5260.0,21
400600,Mark 01,SUBMISSION,VEV_5200,XIRECS,85.0,20
400600,Mark 14,SUBMISSION,VEV_5200,XIRECS,85.0,12
400700,Mark 14,SUBMISSION,VELVETFRUIT_EXTRACT,XIRECS,5261.0,25
400700,Mark 01,SUBMISSION,VEV_5200,XIRECS,85.0,19
400700,Mark 14,SUBMISSION,VEV_5200,XIRECS,85.0,7
400800,Mark 01,SUBMISSION,VELVETFRUIT_EXTRACT,XIRECS,5260.0,34
400800,Mark 14,SUBMISSION,VELVETFRUIT_EXTRACT,XIRECS,5260.0,6
400800,Mark 01,SUBMISSION,VEV_5200,XIRECS,85.0,18
400800,Mark 14,SUBMISSION,VEV_5200,XIRECS,85.0,6
400900,Mark 01,SUBMISSION,VEV_5200,XIRECS,85.0,14
400900,Mark 14,SUBMISSION,VEV_5200,XIRECS,85.0,11
401000,Mark 01,SUBMISSION,VEV_5200,XIRECS,85.0,19
401000,Mark 14,SUBMISSION,VEV_5200,XIRECS,85.0,6
401100,Mark 01,SUBMISSION,VEV_5200,XIRECS,85.0,17
401100,Mark 14,SUBMISSION,VEV_5200,XIRECS,85.0,8
401200,Mark 01,SUBMISSION,VEV_5200,XIRECS,85.0,19
401200,Mark 14,SUBMISSION,VEV_5200,XIRECS,85.0,9
401300,Mark 01,SUBMISSION,VEV_5200,XIRECS,85.0,20
401300,Mark 14,SUBMISSION,VEV_5200,XIRECS,85.0,6
401400,Mark 01,SUBMISSION,VEV_5200,XIRECS,85.0,18
401400,Mark 14,SUBMISSION,VEV_5200,XIRECS,85.0,11
401600,Mark 01,Mark 55,VELVETFRUIT_EXTRACT,XIRECS,5260.0,7
402200,Mark 14,Mark 55,VELVETFRUIT_EXTRACT,XIRECS,5261.0,5
402600,Mark 38,SUBMISSION,HYDROGEL_PACK,XIRECS,10007.0,4
404100,Mark 38,SUBMISSION,HYDROGEL_PACK,XIRECS,10006.0,5
404300,Mark 01,Mark 22,VEV_5400,XIRECS,7.0,5
404300,Mark 01,Mark 22,VEV_5500,XIRECS,1.0,5
404300,Mark 01,Mark 22,VEV_6000,XIRECS,0.0,5
404300,Mark 01,Mark 22,VEV_6500,XIRECS,0.0,5
405000,Mark 01,Mark 55,VELVETFRUIT_EXTRACT,XIRECS,5261.0,4
405100,Mark 55,Mark 14,VELVETFRUIT_EXTRACT,XIRECS,5265.0,5
406200,Mark 38,SUBMISSION,HYDROGEL_PACK,XIRECS,10001.0,3
407300,Mark 55,Mark 14,VELVETFRUIT_EXTRACT,XIRECS,5271.0,7
408900,Mark 14,Mark 38,VEV_4000,XIRECS,1259.0,2
409400,SUBMISSION,Mark 38,HYDROGEL_PACK,XIRECS,10000.0,3
410100,Mark 55,Mark 14,VELVETFRUIT_EXTRACT,XIRECS,5271.0,3
411400,Mark 01,Mark 22,VEV_5500,XIRECS,1.0,2
411400,Mark 01,Mark 22,VEV_6000,XIRECS,0.0,2
411400,Mark 01,Mark 22,VEV_6500,XIRECS,0.0,2
414600,Mark 14,Mark 55,VELVETFRUIT_EXTRACT,XIRECS,5252.0,4
415400,Mark 01,Mark 55,VELVETFRUIT_EXTRACT,XIRECS,5254.0,5
415600,Mark 55,Mark 01,VELVETFRUIT_EXTRACT,XIRECS,5258.0,8
416600,Mark 55,Mark 14,VELVETFRUIT_EXTRACT,XIRECS,5263.0,8
416900,Mark 38,SUBMISSION,HYDROGEL_PACK,XIRECS,10022.0,2
419600,Mark 55,Mark 14,VELVETFRUIT_EXTRACT,XIRECS,5250.0,5
422300,Mark 01,Mark 22,VEV_5400,XIRECS,5.0,5
422300,Mark 01,Mark 22,VEV_5500,XIRECS,1.0,5
422300,Mark 01,Mark 22,VEV_6000,XIRECS,0.0,5
422300,Mark 01,Mark 22,VEV_6500,XIRECS,0.0,5
422600,Mark 38,SUBMISSION,HYDROGEL_PACK,XIRECS,10046.0,2
427200,Mark 01,Mark 22,VEV_5400,XIRECS,5.0,4
427200,Mark 01,Mark 22,VEV_5500,XIRECS,1.0,4
427200,Mark 01,Mark 22,VEV_6000,XIRECS,0.0,4
427200,Mark 01,Mark 22,VEV_6500,XIRECS,0.0,4
427700,Mark 01,Mark 22,VEV_5400,XIRECS,5.0,3
427700,Mark 01,Mark 22,VEV_5500,XIRECS,1.0,3
427700,Mark 01,Mark 22,VEV_6000,XIRECS,0.0,3
427700,Mark 01,Mark 22,VEV_6500,XIRECS,0.0,3
429200,Mark 14,Mark 55,VELVETFRUIT_EXTRACT,XIRECS,5248.0,6
430300,Mark 14,Mark 22,VEV_5200,XIRECS,76.0,5
430300,Mark 01,Mark 22,VEV_5300,XIRECS,29.0,5
430300,Mark 01,Mark 22,VEV_5400,XIRECS,5.0,5
430300,Mark 01,Mark 22,VEV_5500,XIRECS,1.0,5
430300,Mark 01,Mark 22,VEV_6000,XIRECS,0.0,5
430300,Mark 01,Mark 22,VEV_6500,XIRECS,0.0,5
430900,Mark 01,Mark 22,VEV_5200,XIRECS,72.0,5
430900,Mark 01,Mark 22,VEV_5300,XIRECS,27.0,5
430900,Mark 01,Mark 22,VEV_5500,XIRECS,1.0,5
430900,Mark 01,Mark 22,VEV_6000,XIRECS,0.0,5
430900,Mark 01,Mark 22,VEV_6500,XIRECS,0.0,5
431200,Mark 01,Mark 22,VEV_5400,XIRECS,5.0,4
431200,Mark 01,Mark 22,VEV_5500,XIRECS,1.0,4
431200,Mark 01,Mark 22,VEV_6000,XIRECS,0.0,4
431200,Mark 01,Mark 22,VEV_6500,XIRECS,0.0,4
431600,Mark 01,Mark 55,VELVETFRUIT_EXTRACT,XIRECS,5241.0,6
432600,SUBMISSION,Mark 38,HYDROGEL_PACK,XIRECS,10044.0,2
433600,Mark 55,Mark 14,VELVETFRUIT_EXTRACT,XIRECS,5240.0,8
433900,SUBMISSION,Mark 38,HYDROGEL_PACK,XIRECS,10045.0,5
434100,SUBMISSION,Mark 14,VELVETFRUIT_EXTRACT,XIRECS,5238.0,25
434200,SUBMISSION,Mark 14,VELVETFRUIT_EXTRACT,XIRECS,5237.0,25
434300,SUBMISSION,Mark 14,VELVETFRUIT_EXTRACT,XIRECS,5236.0,25
434400,SUBMISSION,Mark 14,VELVETFRUIT_EXTRACT,XIRECS,5236.0,20
434500,SUBMISSION,Mark 14,VELVETFRUIT_EXTRACT,XIRECS,5236.0,23
434600,SUBMISSION,Mark 01,VELVETFRUIT_EXTRACT,XIRECS,5237.0,34
434600,SUBMISSION,Mark 14,VELVETFRUIT_EXTRACT,XIRECS,5237.0,17
434700,Mark 38,SUBMISSION,HYDROGEL_PACK,XIRECS,10063.0,5
434700,SUBMISSION,Mark 14,VELVETFRUIT_EXTRACT,XIRECS,5237.0,21
434800,SUBMISSION,Mark 14,VELVETFRUIT_EXTRACT,XIRECS,5237.0,20
434900,SUBMISSION,Mark 14,VELVETFRUIT_EXTRACT,XIRECS,5237.0,16
435000,SUBMISSION,Mark 01,VELVETFRUIT_EXTRACT,XIRECS,5238.0,31
435000,SUBMISSION,Mark 14,VELVETFRUIT_EXTRACT,XIRECS,5238.0,25
435100,SUBMISSION,Mark 01,VELVETFRUIT_EXTRACT,XIRECS,5238.0,45
435100,SUBMISSION,Mark 14,VELVETFRUIT_EXTRACT,XIRECS,5238.0,16
435200,SUBMISSION,Mark 14,VELVETFRUIT_EXTRACT,XIRECS,5237.0,18
435800,SUBMISSION,Mark 38,HYDROGEL_PACK,XIRECS,10053.0,5
437300,Mark 38,Mark 14,VEV_4000,XIRECS,1249.0,2
438400,SUBMISSION,Mark 38,HYDROGEL_PACK,XIRECS,10048.0,5
438500,Mark 01,Mark 55,VELVETFRUIT_EXTRACT,XIRECS,5234.0,4
438800,Mark 55,Mark 14,VELVETFRUIT_EXTRACT,XIRECS,5239.0,4
438900,SUBMISSION,Mark 14,VELVETFRUIT_EXTRACT,XIRECS,5237.0,25
439000,SUBMISSION,Mark 01,VELVETFRUIT_EXTRACT,XIRECS,5237.0,14
439400,Mark 55,Mark 22,VELVETFRUIT_EXTRACT,XIRECS,5234.0,5
439500,SUBMISSION,Mark 38,HYDROGEL_PACK,XIRECS,10044.0,6
440000,Mark 55,Mark 14,VELVETFRUIT_EXTRACT,XIRECS,5237.0,4
441000,Mark 01,Mark 22,VEV_5200,XIRECS,66.0,4
441000,Mark 01,Mark 22,VEV_5300,XIRECS,24.0,4
441000,Mark 01,Mark 22,VEV_5400,XIRECS,4.0,4
441000,Mark 01,Mark 22,VEV_6000,XIRECS,0.0,4
441000,Mark 01,Mark 22,VEV_6500,XIRECS,0.0,4
441800,Mark 67,Mark 22,VELVETFRUIT_EXTRACT,XIRECS,5230.0,7
442000,Mark 14,Mark 55,VELVETFRUIT_EXTRACT,XIRECS,5228.0,7
442200,SUBMISSION,Mark 14,VEV_5200,XIRECS,65.0,9
442300,SUBMISSION,Mark 14,VEV_5200,XIRECS,64.0,9
442400,SUBMISSION,Mark 01,VEV_5200,XIRECS,65.0,20
442400,SUBMISSION,Mark 14,VEV_5200,XIRECS,65.0,6
442500,SUBMISSION,Mark 01,VEV_5200,XIRECS,65.0,24
442500,SUBMISSION,Mark 14,VEV_5200,XIRECS,65.0,10
442600,SUBMISSION,Mark 14,VEV_5200,XIRECS,64.0,7
442700,SUBMISSION,Mark 01,VEV_5200,XIRECS,64.0,21
442700,SUBMISSION,Mark 14,VEV_5200,XIRECS,64.0,10
442800,SUBMISSION,Mark 01,VEV_5200,XIRECS,64.0,19
442800,SUBMISSION,Mark 14,VEV_5200,XIRECS,64.0,12
442900,SUBMISSION,Mark 01,VEV_5200,XIRECS,64.0,15
442900,SUBMISSION,Mark 14,VEV_5200,XIRECS,64.0,8
443000,SUBMISSION,Mark 01,VEV_5200,XIRECS,64.0,18
443000,SUBMISSION,Mark 14,VEV_5200,XIRECS,64.0,7
443100,SUBMISSION,Mark 01,VEV_5200,XIRECS,64.0,21
443100,SUBMISSION,Mark 14,VEV_5200,XIRECS,64.0,10
443200,SUBMISSION,Mark 01,VEV_5200,XIRECS,64.0,17
443200,SUBMISSION,Mark 14,VEV_5200,XIRECS,64.0,10
443300,SUBMISSION,Mark 14,VEV_5200,XIRECS,64.0,9
443400,SUBMISSION,Mark 01,VEV_5200,XIRECS,64.0,14
443400,SUBMISSION,Mark 14,VEV_5200,XIRECS,64.0,11
443500,SUBMISSION,Mark 01,VEV_5200,XIRECS,64.0,13
443500,SUBMISSION,Mark 14,VEV_5200,XIRECS,64.0,11
443600,SUBMISSION,Mark 01,VEV_5200,XIRECS,64.0,20
443600,SUBMISSION,Mark 14,VEV_5200,XIRECS,64.0,7
443700,SUBMISSION,Mark 01,VEV_5200,XIRECS,64.0,17
443700,SUBMISSION,Mark 14,VEV_5200,XIRECS,64.0,7
443800,SUBMISSION,Mark 01,VEV_5200,XIRECS,63.0,15
443800,SUBMISSION,Mark 14,VEV_5200,XIRECS,63.0,12
443900,SUBMISSION,Mark 01,VEV_5200,XIRECS,63.0,19
443900,SUBMISSION,Mark 14,VEV_5200,XIRECS,63.0,10
443900,Mark 01,Mark 22,VEV_5200,XIRECS,61.0,4
443900,Mark 01,Mark 22,VEV_5400,XIRECS,3.0,4
443900,Mark 01,Mark 22,VEV_5500,XIRECS,0.0,4
443900,Mark 01,Mark 22,VEV_6000,XIRECS,0.0,4
443900,Mark 01,Mark 22,VEV_6500,XIRECS,0.0,4
444000,SUBMISSION,Mark 01,VEV_5200,XIRECS,62.0,13
444000,SUBMISSION,Mark 14,VEV_5200,XIRECS,62.0,10
444100,SUBMISSION,Mark 01,VEV_5200,XIRECS,62.0,22
444100,SUBMISSION,Mark 14,VEV_5200,XIRECS,62.0,10
444200,SUBMISSION,Mark 01,VEV_5200,XIRECS,61.0,19
444200,SUBMISSION,Mark 14,VEV_5200,XIRECS,61.0,8
444300,SUBMISSION,Mark 01,VEV_5200,XIRECS,62.0,15
444300,SUBMISSION,Mark 14,VEV_5200,XIRECS,62.0,11
444400,SUBMISSION,Mark 01,VEV_5200,XIRECS,62.0,22
444400,SUBMISSION,Mark 14,VEV_5200,XIRECS,62.0,9
444500,SUBMISSION,Mark 01,VEV_5200,XIRECS,62.0,24
444500,SUBMISSION,Mark 14,VEV_5200,XIRECS,62.0,9
444600,SUBMISSION,Mark 01,VEV_5200,XIRECS,61.0,10
444700,Mark 38,SUBMISSION,HYDROGEL_PACK,XIRECS,10042.0,5
445400,Mark 01,Mark 22,VEV_5200,XIRECS,61.0,3
445400,Mark 01,Mark 22,VEV_5400,XIRECS,3.0,3
445400,Mark 01,Mark 22,VEV_5500,XIRECS,0.0,3
445400,Mark 01,Mark 22,VEV_6000,XIRECS,0.0,3
445400,Mark 01,Mark 22,VEV_6500,XIRECS,0.0,3
447900,SUBMISSION,Mark 38,HYDROGEL_PACK,XIRECS,10036.0,2
448000,Mark 55,Mark 01,VELVETFRUIT_EXTRACT,XIRECS,5227.0,7
448100,Mark 67,Mark 22,VELVETFRUIT_EXTRACT,XIRECS,5225.0,5
450300,Mark 14,Mark 55,VELVETFRUIT_EXTRACT,XIRECS,5223.0,8
451300,Mark 55,Mark 14,VELVETFRUIT_EXTRACT,XIRECS,5229.0,8
451400,Mark 14,Mark 38,VEV_4000,XIRECS,1217.0,1
452200,Mark 55,Mark 01,VELVETFRUIT_EXTRACT,XIRECS,5231.0,3
452400,SUBMISSION,Mark 38,HYDROGEL_PACK,XIRECS,10032.0,4
452400,Mark 55,Mark 14,VELVETFRUIT_EXTRACT,XIRECS,5232.0,4
452500,Mark 38,SUBMISSION,HYDROGEL_PACK,XIRECS,10044.0,5
454000,Mark 14,Mark 55,VELVETFRUIT_EXTRACT,XIRECS,5227.0,7
454900,Mark 14,Mark 38,VEV_4000,XIRECS,1221.0,3
455900,Mark 38,SUBMISSION,HYDROGEL_PACK,XIRECS,10034.0,6
456500,Mark 14,SUBMISSION,HYDROGEL_PACK,XIRECS,10016.0,10
456500,Mark 01,SUBMISSION,HYDROGEL_PACK,XIRECS,10013.0,21
457900,Mark 01,Mark 55,VELVETFRUIT_EXTRACT,XIRECS,5228.0,4
458700,Mark 55,Mark 01,VELVETFRUIT_EXTRACT,XIRECS,5233.0,7
459200,Mark 38,SUBMISSION,HYDROGEL_PACK,XIRECS,10044.0,3
460100,Mark 14,SUBMISSION,HYDROGEL_PACK,XIRECS,10028.0,15
460100,Mark 01,SUBMISSION,HYDROGEL_PACK,XIRECS,10025.0,25
460200,Mark 14,SUBMISSION,HYDROGEL_PACK,XIRECS,10028.0,14
460200,Mark 01,SUBMISSION,HYDROGEL_PACK,XIRECS,10025.0,22
461100,Mark 01,Mark 22,VEV_5400,XIRECS,4.0,4
461100,Mark 01,Mark 22,VEV_5500,XIRECS,0.0,4
461100,Mark 01,Mark 22,VEV_6000,XIRECS,0.0,4
461100,Mark 01,Mark 22,VEV_6500,XIRECS,0.0,4
461200,Mark 38,SUBMISSION,HYDROGEL_PACK,XIRECS,10048.0,6
461700,SUBMISSION,Mark 38,HYDROGEL_PACK,XIRECS,10026.0,4
462700,Mark 38,Mark 14,VEV_4000,XIRECS,1238.0,3
464100,Mark 01,Mark 55,VELVETFRUIT_EXTRACT,XIRECS,5229.0,4
465000,Mark 38,SUBMISSION,HYDROGEL_PACK,XIRECS,10036.0,2
465600,Mark 14,Mark 38,VEV_4000,XIRECS,1224.0,3
465800,SUBMISSION,Mark 38,HYDROGEL_PACK,XIRECS,10031.0,6
466100,Mark 55,Mark 01,VELVETFRUIT_EXTRACT,XIRECS,5238.0,3
466400,Mark 14,Mark 38,VEV_4000,XIRECS,1225.0,1
466500,Mark 55,Mark 01,VELVETFRUIT_EXTRACT,XIRECS,5238.0,8
466900,SUBMISSION,Mark 38,HYDROGEL_PACK,XIRECS,10032.0,2
467500,Mark 01,Mark 22,VEV_5300,XIRECS,26.0,3
467500,Mark 01,Mark 22,VEV_5400,XIRECS,4.0,3
467500,Mark 01,Mark 22,VEV_5500,XIRECS,1.0,3
467500,Mark 01,Mark 22,VEV_6000,XIRECS,0.0,3
467500,Mark 01,Mark 22,VEV_6500,XIRECS,0.0,3
468000,Mark 38,Mark 14,VEV_4000,XIRECS,1250.0,2
469000,SUBMISSION,Mark 38,HYDROGEL_PACK,XIRECS,10029.0,5
469300,Mark 38,SUBMISSION,HYDROGEL_PACK,XIRECS,10046.0,2
469600,Mark 14,Mark 55,VELVETFRUIT_EXTRACT,XIRECS,5236.0,5
472100,Mark 01,Mark 22,VEV_5400,XIRECS,4.0,5
472100,Mark 01,Mark 22,VEV_5500,XIRECS,1.0,5
472100,Mark 01,Mark 22,VEV_6000,XIRECS,0.0,5
472100,Mark 01,Mark 22,VEV_6500,XIRECS,0.0,5
472400,Mark 14,Mark 22,VEV_5200,XIRECS,69.0,4
472400,Mark 01,Mark 22,VEV_5300,XIRECS,25.0,4
472400,Mark 01,Mark 22,VEV_5400,XIRECS,4.0,4
472400,Mark 01,Mark 22,VEV_5500,XIRECS,1.0,4
472400,Mark 01,Mark 22,VEV_6000,XIRECS,0.0,4
472400,Mark 01,Mark 22,VEV_6500,XIRECS,0.0,4
473500,Mark 38,SUBMISSION,HYDROGEL_PACK,XIRECS,10060.0,6
475700,Mark 14,Mark 55,VELVETFRUIT_EXTRACT,XIRECS,5231.0,4
476200,Mark 55,Mark 14,VELVETFRUIT_EXTRACT,XIRECS,5239.0,3
476300,Mark 14,Mark 55,VELVETFRUIT_EXTRACT,XIRECS,5236.0,4
477500,Mark 14,Mark 55,VELVETFRUIT_EXTRACT,XIRECS,5238.0,4
478000,Mark 49,Mark 22,VELVETFRUIT_EXTRACT,XIRECS,5239.0,8
480500,Mark 55,Mark 14,VELVETFRUIT_EXTRACT,XIRECS,5234.0,3
482000,Mark 38,Mark 14,VEV_4000,XIRECS,1241.0,1
483200,SUBMISSION,Mark 38,HYDROGEL_PACK,XIRECS,10029.0,6
483200,Mark 55,Mark 14,VELVETFRUIT_EXTRACT,XIRECS,5235.0,6
484100,Mark 14,Mark 38,VEV_4000,XIRECS,1221.0,3
484700,Mark 14,Mark 22,VEV_5200,XIRECS,66.0,5
484700,Mark 01,Mark 22,VEV_5400,XIRECS,4.0,5
484700,Mark 01,Mark 22,VEV_5500,XIRECS,0.0,5
484700,Mark 01,Mark 22,VEV_6000,XIRECS,0.0,5
484700,Mark 01,Mark 22,VEV_6500,XIRECS,0.0,5
486000,Mark 01,Mark 22,VEV_5300,XIRECS,23.0,3
486000,Mark 01,Mark 22,VEV_5400,XIRECS,4.0,3
486000,Mark 01,Mark 22,VEV_5500,XIRECS,0.0,3
486000,Mark 01,Mark 22,VEV_6000,XIRECS,0.0,3
486000,Mark 01,Mark 22,VEV_6500,XIRECS,0.0,3
489000,Mark 01,Mark 22,VEV_5200,XIRECS,64.0,4
489000,Mark 01,Mark 22,VEV_5400,XIRECS,3.0,4
489000,Mark 01,Mark 22,VEV_5500,XIRECS,0.0,4
489000,Mark 01,Mark 22,VEV_6000,XIRECS,0.0,4
489000,Mark 01,Mark 22,VEV_6500,XIRECS,0.0,4
490000,Mark 55,Mark 14,VELVETFRUIT_EXTRACT,XIRECS,5235.0,8
490900,Mark 55,Mark 14,VELVETFRUIT_EXTRACT,XIRECS,5233.0,4
492900,Mark 38,Mark 14,HYDROGEL_PACK,XIRECS,10046.0,3
494000,Mark 01,Mark 55,VELVETFRUIT_EXTRACT,XIRECS,5226.0,6
497600,Mark 14,Mark 55,VELVETFRUIT_EXTRACT,XIRECS,5226.0,4
497700,Mark 38,Mark 14,HYDROGEL_PACK,XIRECS,10048.0,3
497800,Mark 38,Mark 14,HYDROGEL_PACK,XIRECS,10046.0,5
500000,Mark 38,Mark 14,HYDROGEL_PACK,XIRECS,10052.0,2
500800,Mark 14,Mark 38,VEV_4000,XIRECS,1224.0,2
503700,Mark 55,Mark 14,VELVETFRUIT_EXTRACT,XIRECS,5227.0,7
503700,Mark 14,Mark 22,VEV_5200,XIRECS,61.0,3
503700,Mark 01,Mark 22,VEV_5300,XIRECS,21.0,3
503700,Mark 01,Mark 22,VEV_5400,XIRECS,3.0,3
503700,Mark 01,Mark 22,VEV_5500,XIRECS,0.0,3
503700,Mark 01,Mark 22,VEV_6000,XIRECS,0.0,3
503700,Mark 01,Mark 22,VEV_6500,XIRECS,0.0,3
504000,SUBMISSION,Mark 38,HYDROGEL_PACK,XIRECS,10026.0,2
504200,Mark 14,Mark 55,VELVETFRUIT_EXTRACT,XIRECS,5221.0,8
504800,Mark 38,Mark 14,VEV_4000,XIRECS,1236.0,3
506700,SUBMISSION,Mark 38,HYDROGEL_PACK,XIRECS,10020.0,2
506900,Mark 01,Mark 22,VEV_5400,XIRECS,4.0,3
506900,Mark 01,Mark 22,VEV_5500,XIRECS,0.0,3
506900,Mark 01,Mark 22,VEV_6000,XIRECS,0.0,3
506900,Mark 01,Mark 22,VEV_6500,XIRECS,0.0,3
508100,Mark 67,Mark 22,VELVETFRUIT_EXTRACT,XIRECS,5233.0,5
509300,Mark 14,Mark 38,VEV_4000,XIRECS,1220.0,2
509900,SUBMISSION,Mark 38,HYDROGEL_PACK,XIRECS,10018.0,5
512400,SUBMISSION,Mark 38,HYDROGEL_PACK,XIRECS,10022.0,4
513600,Mark 14,Mark 55,VELVETFRUIT_EXTRACT,XIRECS,5227.0,5
515100,Mark 38,SUBMISSION,HYDROGEL_PACK,XIRECS,10040.0,6
516100,SUBMISSION,Mark 38,HYDROGEL_PACK,XIRECS,10030.0,4
518300,SUBMISSION,Mark 38,HYDROGEL_PACK,XIRECS,10024.0,6
518400,Mark 38,Mark 14,VEV_4000,XIRECS,1236.0,1
522300,Mark 01,Mark 22,VEV_5400,XIRECS,3.0,4
522300,Mark 01,Mark 22,VEV_5500,XIRECS,0.0,4
522300,Mark 01,Mark 22,VEV_6000,XIRECS,0.0,4
522300,Mark 01,Mark 22,VEV_6500,XIRECS,0.0,4
522600,Mark 38,Mark 14,HYDROGEL_PACK,XIRECS,10033.0,2
523100,Mark 38,Mark 14,VEV_4000,XIRECS,1237.0,3
524700,Mark 55,Mark 01,VELVETFRUIT_EXTRACT,XIRECS,5228.0,7
526900,Mark 14,Mark 38,VEV_4000,XIRECS,1221.0,1
527000,SUBMISSION,Mark 38,HYDROGEL_PACK,XIRECS,9991.0,3
527600,Mark 14,Mark 55,VELVETFRUIT_EXTRACT,XIRECS,5228.0,4
529000,Mark 55,Mark 14,VELVETFRUIT_EXTRACT,XIRECS,5235.0,4
529500,SUBMISSION,Mark 38,HYDROGEL_PACK,XIRECS,9999.0,5
530200,Mark 14,Mark 55,VELVETFRUIT_EXTRACT,XIRECS,5232.0,5
531300,Mark 38,Mark 14,VEV_4000,XIRECS,1243.0,3
531800,Mark 14,Mark 38,VEV_4000,XIRECS,1224.0,2
532300,Mark 01,Mark 22,VEV_5300,XIRECS,23.0,3
532300,Mark 14,Mark 22,VEV_5400,XIRECS,4.0,3
532300,Mark 01,Mark 22,VEV_5500,XIRECS,0.0,3
532300,Mark 01,Mark 22,VEV_6000,XIRECS,0.0,3
532300,Mark 01,Mark 22,VEV_6500,XIRECS,0.0,3
532800,Mark 14,Mark 55,VELVETFRUIT_EXTRACT,XIRECS,5234.0,5
533600,Mark 67,Mark 49,VELVETFRUIT_EXTRACT,XIRECS,5235.0,11
534300,SUBMISSION,Mark 38,HYDROGEL_PACK,XIRECS,10000.0,6
534900,Mark 38,Mark 14,HYDROGEL_PACK,XIRECS,10009.0,2
535600,SUBMISSION,Mark 38,HYDROGEL_PACK,XIRECS,9985.0,5
538700,Mark 38,Mark 14,HYDROGEL_PACK,XIRECS,10002.0,3
539000,Mark 01,Mark 55,VELVETFRUIT_EXTRACT,XIRECS,5226.0,4
539100,Mark 14,Mark 55,VELVETFRUIT_EXTRACT,XIRECS,5226.0,5
539100,Mark 14,Mark 38,VEV_4000,XIRECS,1218.0,2
540500,Mark 55,Mark 01,VELVETFRUIT_EXTRACT,XIRECS,5234.0,4
540700,Mark 55,Mark 14,VELVETFRUIT_EXTRACT,XIRECS,5234.0,8
541500,Mark 01,Mark 22,VEV_5400,XIRECS,3.0,2
541500,Mark 01,Mark 22,VEV_5500,XIRECS,0.0,2
541500,Mark 01,Mark 22,VEV_6000,XIRECS,0.0,2
541500,Mark 01,Mark 22,VEV_6500,XIRECS,0.0,2
541900,Mark 55,Mark 01,VELVETFRUIT_EXTRACT,XIRECS,5234.0,8
542400,Mark 38,Mark 14,VEV_4000,XIRECS,1241.0,3
542900,Mark 38,SUBMISSION,HYDROGEL_PACK,XIRECS,10015.0,6
544300,Mark 01,Mark 55,VELVETFRUIT_EXTRACT,XIRECS,5219.0,7
544600,Mark 38,Mark 14,VEV_4000,XIRECS,1229.0,1
545600,SUBMISSION,Mark 38,HYDROGEL_PACK,XIRECS,9995.0,5
545900,Mark 01,Mark 55,VELVETFRUIT_EXTRACT,XIRECS,5215.0,6
546100,Mark 38,SUBMISSION,HYDROGEL_PACK,XIRECS,10011.0,3
546600,Mark 01,Mark 55,VELVETFRUIT_EXTRACT,XIRECS,5208.0,3
548100,Mark 14,Mark 55,VELVETFRUIT_EXTRACT,XIRECS,5207.0,5
548300,SUBMISSION,Mark 38,HYDROGEL_PACK,XIRECS,10005.0,5
551400,Mark 38,Mark 14,VEV_4000,XIRECS,1223.0,1
552800,Mark 38,Mark 14,VEV_4000,XIRECS,1221.0,3
554300,Mark 55,Mark 14,VELVETFRUIT_EXTRACT,XIRECS,5218.0,7
554500,Mark 55,Mark 01,VELVETFRUIT_EXTRACT,XIRECS,5217.0,3
556900,Mark 55,Mark 01,VELVETFRUIT_EXTRACT,XIRECS,5224.0,6
557200,Mark 55,Mark 01,VELVETFRUIT_EXTRACT,XIRECS,5223.0,5
557700,Mark 01,Mark 55,VELVETFRUIT_EXTRACT,XIRECS,5216.0,5
559100,Mark 38,SUBMISSION,HYDROGEL_PACK,XIRECS,9999.0,4
559800,Mark 01,Mark 55,VELVETFRUIT_EXTRACT,XIRECS,5226.0,7
559900,Mark 38,SUBMISSION,HYDROGEL_PACK,XIRECS,10008.0,5
561000,Mark 55,Mark 01,VELVETFRUIT_EXTRACT,XIRECS,5230.0,7
561600,Mark 38,SUBMISSION,HYDROGEL_PACK,XIRECS,10006.0,4
562300,Mark 38,Mark 14,HYDROGEL_PACK,XIRECS,10004.0,3
564900,Mark 14,Mark 22,VEV_5200,XIRECS,69.0,2
564900,Mark 01,Mark 22,VEV_5300,XIRECS,24.0,2
564900,Mark 01,Mark 22,VEV_5400,XIRECS,4.0,2
564900,Mark 01,Mark 22,VEV_5500,XIRECS,0.0,2
564900,Mark 01,Mark 22,VEV_6000,XIRECS,0.0,2
564900,Mark 01,Mark 22,VEV_6500,XIRECS,0.0,2
565300,Mark 55,Mark 22,VELVETFRUIT_EXTRACT,XIRECS,5242.0,4
566800,Mark 55,Mark 01,VELVETFRUIT_EXTRACT,XIRECS,5243.0,5
566900,SUBMISSION,Mark 38,HYDROGEL_PACK,XIRECS,9983.0,4
567400,Mark 14,Mark 55,VELVETFRUIT_EXTRACT,XIRECS,5234.0,8
568000,Mark 55,Mark 14,VELVETFRUIT_EXTRACT,XIRECS,5240.0,5
568300,Mark 38,Mark 14,HYDROGEL_PACK,XIRECS,9982.0,3
569100,SUBMISSION,Mark 38,HYDROGEL_PACK,XIRECS,9966.0,6
569400,Mark 38,Mark 14,VEV_4000,XIRECS,1251.0,1
569600,Mark 01,Mark 55,VELVETFRUIT_EXTRACT,XIRECS,5235.0,6
570600,Mark 38,Mark 14,VEV_4000,XIRECS,1247.0,1
570900,Mark 14,Mark 38,VEV_4000,XIRECS,1225.0,2
571200,Mark 38,Mark 14,HYDROGEL_PACK,XIRECS,9968.0,2
571300,Mark 38,Mark 14,HYDROGEL_PACK,XIRECS,9966.0,2
573400,Mark 14,Mark 55,VELVETFRUIT_EXTRACT,XIRECS,5234.0,7
574100,Mark 67,Mark 22,VELVETFRUIT_EXTRACT,XIRECS,5234.0,7
574400,SUBMISSION,Mark 38,HYDROGEL_PACK,XIRECS,9966.0,4
575600,Mark 38,Mark 14,VEV_4000,XIRECS,1242.0,3
575900,Mark 14,Mark 55,VELVETFRUIT_EXTRACT,XIRECS,5230.0,8
576000,Mark 01,Mark 22,VEV_5400,XIRECS,3.0,3
576000,Mark 01,Mark 22,VEV_5500,XIRECS,0.0,3
576000,Mark 01,Mark 22,VEV_6000,XIRECS,0.0,3
576000,Mark 01,Mark 22,VEV_6500,XIRECS,0.0,3
576300,Mark 38,Mark 14,HYDROGEL_PACK,XIRECS,9972.0,5
576500,Mark 38,Mark 14,HYDROGEL_PACK,XIRECS,9972.0,2
577500,Mark 01,Mark 22,VEV_5200,XIRECS,65.0,3
577500,Mark 01,Mark 22,VEV_5300,XIRECS,22.0,3
577500,Mark 01,Mark 22,VEV_5400,XIRECS,3.0,3
577500,Mark 01,Mark 22,VEV_5500,XIRECS,0.0,3
577500,Mark 01,Mark 22,VEV_6000,XIRECS,0.0,3
577500,Mark 01,Mark 22,VEV_6500,XIRECS,0.0,3
578400,Mark 38,Mark 14,HYDROGEL_PACK,XIRECS,9976.0,2
578800,Mark 55,Mark 49,VELVETFRUIT_EXTRACT,XIRECS,5231.0,5
580200,SUBMISSION,Mark 38,HYDROGEL_PACK,XIRECS,9958.0,5
580500,Mark 14,Mark 38,VEV_4000,XIRECS,1220.0,2
581400,Mark 55,Mark 01,VELVETFRUIT_EXTRACT,XIRECS,5233.0,8
583300,Mark 38,Mark 14,HYDROGEL_PACK,XIRECS,9959.0,3
585100,Mark 01,Mark 22,VEV_5300,XIRECS,21.0,4
585100,Mark 01,Mark 22,VEV_5400,XIRECS,3.0,4
585100,Mark 01,Mark 22,VEV_5500,XIRECS,0.0,4
585100,Mark 01,Mark 22,VEV_6000,XIRECS,0.0,4
585100,Mark 01,Mark 22,VEV_6500,XIRECS,0.0,4
586600,Mark 67,Mark 49,VELVETFRUIT_EXTRACT,XIRECS,5228.0,15
586700,Mark 38,SUBMISSION,HYDROGEL_PACK,XIRECS,9950.0,5
587200,Mark 38,SUBMISSION,HYDROGEL_PACK,XIRECS,9941.0,6
588000,Mark 14,Mark 55,VELVETFRUIT_EXTRACT,XIRECS,5219.0,4
590200,Mark 01,Mark 22,VEV_5200,XIRECS,61.0,3
590200,Mark 01,Mark 22,VEV_5300,XIRECS,20.0,3
590200,Mark 01,Mark 22,VEV_5400,XIRECS,3.0,3
590200,Mark 01,Mark 22,VEV_5500,XIRECS,0.0,3
590200,Mark 01,Mark 22,VEV_6000,XIRECS,0.0,3
590200,Mark 01,Mark 22,VEV_6500,XIRECS,0.0,3
590600,Mark 38,Mark 14,VEV_4000,XIRECS,1234.0,3
591500,SUBMISSION,Mark 38,HYDROGEL_PACK,XIRECS,9930.0,2
591700,Mark 14,Mark 38,HYDROGEL_PACK,XIRECS,9929.0,3
593400,SUBMISSION,Mark 38,HYDROGEL_PACK,XIRECS,9934.0,2
594300,Mark 55,Mark 01,VELVETFRUIT_EXTRACT,XIRECS,5228.0,8
594400,Mark 14,Mark 38,VEV_4000,XIRECS,1214.0,2
594600,Mark 38,Mark 14,VEV_4000,XIRECS,1234.0,1
596100,Mark 38,Mark 14,VEV_4000,XIRECS,1235.0,2
596200,Mark 14,Mark 38,VEV_4000,XIRECS,1213.0,1
596400,Mark 38,Mark 14,VEV_4000,XIRECS,1234.0,2
596500,Mark 55,Mark 01,VELVETFRUIT_EXTRACT,XIRECS,5226.0,8
596900,Mark 01,Mark 55,VELVETFRUIT_EXTRACT,XIRECS,5218.0,4
597700,Mark 67,Mark 49,VELVETFRUIT_EXTRACT,XIRECS,5218.0,10
599300,Mark 55,Mark 49,VELVETFRUIT_EXTRACT,XIRECS,5219.0,7
599700,Mark 14,Mark 55,VELVETFRUIT_EXTRACT,XIRECS,5217.0,3
600600,Mark 38,Mark 14,HYDROGEL_PACK,XIRECS,9936.0,6
601400,Mark 14,Mark 55,VELVETFRUIT_EXTRACT,XIRECS,5214.0,8
601600,Mark 38,Mark 14,HYDROGEL_PACK,XIRECS,9937.0,3
602100,SUBMISSION,Mark 38,HYDROGEL_PACK,XIRECS,9914.0,4
602600,Mark 38,Mark 14,VEV_4000,XIRECS,1229.0,3
603400,Mark 38,Mark 14,HYDROGEL_PACK,XIRECS,9925.0,5
604200,Mark 38,Mark 14,HYDROGEL_PACK,XIRECS,9931.0,6
604400,Mark 14,Mark 55,VELVETFRUIT_EXTRACT,XIRECS,5218.0,8
604700,Mark 01,Mark 22,VEV_5300,XIRECS,18.0,3
604700,Mark 01,Mark 22,VEV_5400,XIRECS,2.0,3
604700,Mark 01,Mark 22,VEV_5500,XIRECS,0.0,3
604700,Mark 01,Mark 22,VEV_6000,XIRECS,0.0,3
604700,Mark 01,Mark 22,VEV_6500,XIRECS,0.0,3
605200,Mark 14,Mark 55,VELVETFRUIT_EXTRACT,XIRECS,5217.0,6
605700,Mark 14,Mark 55,VELVETFRUIT_EXTRACT,XIRECS,5218.0,7
606500,Mark 01,Mark 55,VELVETFRUIT_EXTRACT,XIRECS,5216.0,6
606700,Mark 14,Mark 38,VEV_4000,XIRECS,1209.0,2
607200,Mark 55,Mark 14,VELVETFRUIT_EXTRACT,XIRECS,5218.0,5
607600,SUBMISSION,Mark 38,HYDROGEL_PACK,XIRECS,9918.0,3
610000,Mark 55,Mark 14,VELVETFRUIT_EXTRACT,XIRECS,5220.0,8
611100,Mark 01,Mark 22,VEV_5300,XIRECS,18.0,4
611100,Mark 01,Mark 22,VEV_5400,XIRECS,2.0,4
611100,Mark 01,Mark 22,VEV_5500,XIRECS,0.0,4
611100,Mark 01,Mark 22,VEV_6000,XIRECS,0.0,4
611100,Mark 01,Mark 22,VEV_6500,XIRECS,0.0,4
611500,Mark 01,Mark 55,VELVETFRUIT_EXTRACT,XIRECS,5215.0,8
611500,Mark 01,Mark 22,VEV_5200,XIRECS,56.0,4
611500,Mark 01,Mark 22,VEV_5300,XIRECS,18.0,4
611500,Mark 01,Mark 22,VEV_5400,XIRECS,2.0,4
611500,Mark 01,Mark 22,VEV_5500,XIRECS,0.0,4
611500,Mark 01,Mark 22,VEV_6000,XIRECS,0.0,4
611500,Mark 01,Mark 22,VEV_6500,XIRECS,0.0,4
613600,Mark 38,SUBMISSION,HYDROGEL_PACK,XIRECS,9915.0,4
614300,Mark 38,SUBMISSION,HYDROGEL_PACK,XIRECS,9921.0,2
617400,Mark 55,Mark 01,VELVETFRUIT_EXTRACT,XIRECS,5211.0,6
618200,Mark 14,Mark 38,VEV_4000,XIRECS,1200.0,3
618700,Mark 55,Mark 14,VELVETFRUIT_EXTRACT,XIRECS,5211.0,4
619200,Mark 14,Mark 38,VEV_4000,XIRECS,1197.0,3
619300,Mark 38,SUBMISSION,HYDROGEL_PACK,XIRECS,9940.0,2
620500,SUBMISSION,Mark 38,HYDROGEL_PACK,XIRECS,9926.0,2
620500,Mark 55,Mark 01,VELVETFRUIT_EXTRACT,XIRECS,5210.0,4
620700,Mark 55,Mark 01,VELVETFRUIT_EXTRACT,XIRECS,5209.0,3
623000,Mark 55,Mark 01,VELVETFRUIT_EXTRACT,XIRECS,5210.0,7
626300,Mark 55,Mark 14,VELVETFRUIT_EXTRACT,XIRECS,5204.0,8
627500,SUBMISSION,Mark 38,HYDROGEL_PACK,XIRECS,9910.0,3
629400,Mark 01,Mark 22,VEV_5300,XIRECS,13.0,3
629400,Mark 01,Mark 22,VEV_5400,XIRECS,1.0,3
629400,Mark 01,Mark 22,VEV_5500,XIRECS,0.0,3
629400,Mark 01,Mark 22,VEV_6000,XIRECS,0.0,3
629400,Mark 01,Mark 22,VEV_6500,XIRECS,0.0,3
629900,Mark 14,Mark 38,VEV_4000,XIRECS,1190.0,2
630300,Mark 01,Mark 55,VELVETFRUIT_EXTRACT,XIRECS,5200.0,7
630400,Mark 38,Mark 14,HYDROGEL_PACK,XIRECS,9928.0,2
630600,Mark 55,Mark 01,VELVETFRUIT_EXTRACT,XIRECS,5206.0,6
631600,Mark 38,Mark 14,VEV_4000,XIRECS,1212.0,3
632000,Mark 38,Mark 14,HYDROGEL_PACK,XIRECS,9933.0,2
633000,Mark 55,Mark 14,VELVETFRUIT_EXTRACT,XIRECS,5202.0,6
635000,Mark 14,Mark 55,VELVETFRUIT_EXTRACT,XIRECS,5201.0,6
635100,Mark 14,Mark 55,VELVETFRUIT_EXTRACT,XIRECS,5202.0,6
636400,Mark 49,Mark 22,VELVETFRUIT_EXTRACT,XIRECS,5206.0,10
637800,SUBMISSION,Mark 38,HYDROGEL_PACK,XIRECS,9902.0,5
638300,SUBMISSION,Mark 38,HYDROGEL_PACK,XIRECS,9897.0,6
639700,Mark 01,Mark 55,VELVETFRUIT_EXTRACT,XIRECS,5204.0,5
644900,Mark 01,Mark 22,VEV_5300,XIRECS,16.0,4
644900,Mark 01,Mark 22,VEV_5400,XIRECS,2.0,4
644900,Mark 01,Mark 22,VEV_5500,XIRECS,0.0,4
644900,Mark 01,Mark 22,VEV_6000,XIRECS,0.0,4
644900,Mark 01,Mark 22,VEV_6500,XIRECS,0.0,4
646700,Mark 14,Mark 38,VEV_4000,XIRECS,1198.0,2
649500,Mark 55,Mark 14,VELVETFRUIT_EXTRACT,XIRECS,5211.0,6
650300,Mark 38,Mark 14,VEV_4000,XIRECS,1218.0,2
650700,Mark 55,Mark 01,VELVETFRUIT_EXTRACT,XIRECS,5211.0,3
654200,Mark 55,Mark 01,VELVETFRUIT_EXTRACT,XIRECS,5209.0,5
655500,Mark 14,Mark 38,VEV_4000,XIRECS,1199.0,2
656100,SUBMISSION,Mark 38,HYDROGEL_PACK,XIRECS,9899.0,2
656200,Mark 38,SUBMISSION,HYDROGEL_PACK,XIRECS,9914.0,6
656300,Mark 14,Mark 55,VELVETFRUIT_EXTRACT,XIRECS,5206.0,6
658500,Mark 55,Mark 01,VELVETFRUIT_EXTRACT,XIRECS,5211.0,7
658600,Mark 55,Mark 01,VELVETFRUIT_EXTRACT,XIRECS,5213.0,6
660100,Mark 14,Mark 55,VELVETFRUIT_EXTRACT,XIRECS,5203.0,8
660300,Mark 55,Mark 14,VELVETFRUIT_EXTRACT,XIRECS,5208.0,8
660500,Mark 55,Mark 01,VELVETFRUIT_EXTRACT,XIRECS,5209.0,3
660700,Mark 55,Mark 14,VELVETFRUIT_EXTRACT,XIRECS,5211.0,4
661500,Mark 38,Mark 14,HYDROGEL_PACK,XIRECS,9908.0,4
663300,Mark 38,Mark 14,VEV_4000,XIRECS,1218.0,3
666000,Mark 38,Mark 14,VEV_4000,XIRECS,1215.0,3
666700,Mark 55,Mark 01,VELVETFRUIT_EXTRACT,XIRECS,5206.0,5
668200,Mark 01,Mark 55,VELVETFRUIT_EXTRACT,XIRECS,5198.0,7
670700,Mark 14,Mark 22,VEV_5200,XIRECS,49.0,3
670700,Mark 01,Mark 22,VEV_5300,XIRECS,14.0,3
670700,Mark 01,Mark 22,VEV_5400,XIRECS,1.0,3
670700,Mark 01,Mark 22,VEV_5500,XIRECS,0.0,3
670700,Mark 01,Mark 22,VEV_6000,XIRECS,0.0,3
670700,Mark 01,Mark 22,VEV_6500,XIRECS,0.0,3
670800,Mark 55,Mark 01,VELVETFRUIT_EXTRACT,XIRECS,5208.0,5
671900,SUBMISSION,Mark 22,HYDROGEL_PACK,XIRECS,9933.0,9
672000,SUBMISSION,Mark 38,HYDROGEL_PACK,XIRECS,9925.0,2
673700,Mark 55,Mark 14,VELVETFRUIT_EXTRACT,XIRECS,5209.0,7
674600,Mark 14,Mark 55,VELVETFRUIT_EXTRACT,XIRECS,5204.0,6
676100,Mark 01,Mark 55,VELVETFRUIT_EXTRACT,XIRECS,5204.0,4
676200,SUBMISSION,Mark 38,HYDROGEL_PACK,XIRECS,9935.0,6
677000,Mark 38,Mark 14,HYDROGEL_PACK,XIRECS,9953.0,5
677500,Mark 55,Mark 49,VELVETFRUIT_EXTRACT,XIRECS,5208.0,6
677700,Mark 55,Mark 01,VELVETFRUIT_EXTRACT,XIRECS,5213.0,7
678200,Mark 14,Mark 38,VEV_4000,XIRECS,1200.0,3
678800,Mark 55,Mark 14,VELVETFRUIT_EXTRACT,XIRECS,5212.0,5
679600,Mark 55,Mark 01,VELVETFRUIT_EXTRACT,XIRECS,5218.0,3
680500,Mark 14,Mark 55,VELVETFRUIT_EXTRACT,XIRECS,5214.0,5
681300,Mark 14,Mark 55,VELVETFRUIT_EXTRACT,XIRECS,5218.0,7
684100,Mark 55,Mark 01,VELVETFRUIT_EXTRACT,XIRECS,5228.0,5
686300,SUBMISSION,Mark 38,HYDROGEL_PACK,XIRECS,9931.0,4
686600,Mark 01,Mark 55,VELVETFRUIT_EXTRACT,XIRECS,5228.0,7
687900,Mark 14,Mark 38,VEV_4000,XIRECS,1218.0,2
688200,Mark 01,Mark 55,VELVETFRUIT_EXTRACT,XIRECS,5226.0,3
689300,SUBMISSION,Mark 38,HYDROGEL_PACK,XIRECS,9930.0,5
690200,Mark 38,Mark 14,HYDROGEL_PACK,XIRECS,9953.0,2
690800,SUBMISSION,Mark 38,HYDROGEL_PACK,XIRECS,9947.0,3
691100,Mark 38,Mark 14,HYDROGEL_PACK,XIRECS,9966.0,2
691500,Mark 01,Mark 55,VELVETFRUIT_EXTRACT,XIRECS,5224.0,4
693500,SUBMISSION,Mark 38,HYDROGEL_PACK,XIRECS,9955.0,2
696000,Mark 38,SUBMISSION,HYDROGEL_PACK,XIRECS,9970.0,6
697100,Mark 55,Mark 14,VELVETFRUIT_EXTRACT,XIRECS,5236.0,7
697800,Mark 55,Mark 01,VELVETFRUIT_EXTRACT,XIRECS,5236.0,7
699300,Mark 38,SUBMISSION,HYDROGEL_PACK,XIRECS,9962.0,3
700100,Mark 67,Mark 22,VELVETFRUIT_EXTRACT,XIRECS,5233.0,7
701300,Mark 55,Mark 14,VELVETFRUIT_EXTRACT,XIRECS,5239.0,8
702000,Mark 14,Mark 38,VEV_4000,XIRECS,1227.0,3
702200,Mark 14,Mark 55,VELVETFRUIT_EXTRACT,XIRECS,5234.0,3
702400,Mark 01,Mark 55,VELVETFRUIT_EXTRACT,XIRECS,5232.0,6
703000,Mark 55,Mark 01,VELVETFRUIT_EXTRACT,XIRECS,5239.0,8
704000,Mark 14,Mark 55,VELVETFRUIT_EXTRACT,XIRECS,5228.0,5
704200,Mark 14,Mark 55,VELVETFRUIT_EXTRACT,XIRECS,5230.0,4
704400,Mark 14,Mark 38,VEV_4000,XIRECS,1221.0,1
705500,Mark 38,SUBMISSION,HYDROGEL_PACK,XIRECS,9975.0,2
710800,Mark 67,Mark 49,VELVETFRUIT_EXTRACT,XIRECS,5229.0,8
711100,Mark 14,Mark 55,VELVETFRUIT_EXTRACT,XIRECS,5229.0,4
713300,Mark 14,Mark 38,VEV_4000,XIRECS,1222.0,3
714700,SUBMISSION,Mark 38,HYDROGEL_PACK,XIRECS,9965.0,5
716300,Mark 38,Mark 14,VEV_4000,XIRECS,1245.0,3
717800,Mark 14,Mark 55,VELVETFRUIT_EXTRACT,XIRECS,5235.0,5
718900,Mark 55,Mark 01,VELVETFRUIT_EXTRACT,XIRECS,5237.0,3
719000,Mark 14,Mark 55,VELVETFRUIT_EXTRACT,XIRECS,5231.0,3
719200,Mark 38,SUBMISSION,HYDROGEL_PACK,XIRECS,9976.0,3
719300,Mark 55,Mark 14,VELVETFRUIT_EXTRACT,XIRECS,5237.0,5
720400,SUBMISSION,Mark 38,HYDROGEL_PACK,XIRECS,9965.0,6
720900,Mark 38,Mark 14,VEV_4000,XIRECS,1242.0,3
721400,SUBMISSION,Mark 38,HYDROGEL_PACK,XIRECS,9967.0,5
721800,Mark 01,Mark 55,VELVETFRUIT_EXTRACT,XIRECS,5224.0,3
723400,Mark 14,Mark 38,HYDROGEL_PACK,XIRECS,9963.0,5
723800,Mark 55,Mark 14,VELVETFRUIT_EXTRACT,XIRECS,5227.0,7
724400,Mark 55,Mark 22,VELVETFRUIT_EXTRACT,XIRECS,5220.0,6
724600,Mark 38,SUBMISSION,HYDROGEL_PACK,XIRECS,9989.0,3
724700,Mark 14,Mark 55,VELVETFRUIT_EXTRACT,XIRECS,5217.0,7
725800,Mark 14,Mark 55,VELVETFRUIT_EXTRACT,XIRECS,5219.0,3
726300,Mark 38,SUBMISSION,HYDROGEL_PACK,XIRECS,9982.0,3
727600,Mark 38,Mark 14,VEV_4000,XIRECS,1235.0,3
729300,Mark 01,Mark 22,VEV_5400,XIRECS,2.0,5
729300,Mark 01,Mark 22,VEV_5500,XIRECS,0.0,5
729300,Mark 01,Mark 22,VEV_6000,XIRECS,0.0,5
729300,Mark 01,Mark 22,VEV_6500,XIRECS,0.0,5
730000,Mark 14,Mark 38,VEV_4000,XIRECS,1212.0,1
731900,SUBMISSION,Mark 38,HYDROGEL_PACK,XIRECS,9975.0,5
732900,Mark 55,Mark 14,VELVETFRUIT_EXTRACT,XIRECS,5210.0,3
736400,Mark 67,Mark 49,VELVETFRUIT_EXTRACT,XIRECS,5221.0,10
736800,Mark 14,Mark 55,VELVETFRUIT_EXTRACT,XIRECS,5224.0,5
737300,Mark 14,Mark 55,VELVETFRUIT_EXTRACT,XIRECS,5225.0,6
738100,Mark 38,SUBMISSION,HYDROGEL_PACK,XIRECS,9971.0,4
740400,Mark 55,Mark 14,VELVETFRUIT_EXTRACT,XIRECS,5218.0,4
740800,Mark 14,Mark 38,VEV_4000,XIRECS,1204.0,1
740900,Mark 14,Mark 38,VEV_4000,XIRECS,1204.0,3
741600,Mark 67,Mark 22,VELVETFRUIT_EXTRACT,XIRECS,5212.0,7
742100,Mark 01,Mark 55,VELVETFRUIT_EXTRACT,XIRECS,5212.0,5
742500,Mark 01,Mark 55,VELVETFRUIT_EXTRACT,XIRECS,5213.0,8
744200,Mark 55,Mark 01,VELVETFRUIT_EXTRACT,XIRECS,5214.0,7
750300,Mark 55,Mark 01,VELVETFRUIT_EXTRACT,XIRECS,5210.0,3
750400,Mark 55,Mark 01,VELVETFRUIT_EXTRACT,XIRECS,5210.0,7
750800,Mark 38,Mark 14,VEV_4000,XIRECS,1218.0,1
751900,Mark 38,SUBMISSION,HYDROGEL_PACK,XIRECS,9993.0,6
753200,Mark 01,Mark 22,VEV_5200,XIRECS,47.0,3
753200,Mark 01,Mark 22,VEV_5300,XIRECS,14.0,3
753200,Mark 01,Mark 22,VEV_5400,XIRECS,1.0,3
753200,Mark 01,Mark 22,VEV_5500,XIRECS,0.0,3
753200,Mark 01,Mark 22,VEV_6000,XIRECS,0.0,3
753200,Mark 01,Mark 22,VEV_6500,XIRECS,0.0,3
753300,SUBMISSION,Mark 38,HYDROGEL_PACK,XIRECS,9967.0,6
755500,Mark 14,Mark 55,VELVETFRUIT_EXTRACT,XIRECS,5218.0,8
755600,Mark 38,SUBMISSION,HYDROGEL_PACK,XIRECS,9989.0,3
755800,Mark 01,Mark 55,VELVETFRUIT_EXTRACT,XIRECS,5218.0,6
756800,Mark 14,Mark 38,VEV_4000,XIRECS,1209.0,3
757100,Mark 01,Mark 55,VELVETFRUIT_EXTRACT,XIRECS,5217.0,7
757300,Mark 67,Mark 49,VELVETFRUIT_EXTRACT,XIRECS,5217.0,13
757500,Mark 22,Mark 38,HYDROGEL_PACK,XIRECS,9981.0,2
758400,Mark 14,Mark 55,VELVETFRUIT_EXTRACT,XIRECS,5216.0,6
760200,Mark 38,SUBMISSION,HYDROGEL_PACK,XIRECS,9988.0,2
760200,Mark 55,Mark 14,VELVETFRUIT_EXTRACT,XIRECS,5222.0,6
760800,Mark 14,Mark 38,VEV_4000,XIRECS,1210.0,1
762000,Mark 01,Mark 55,VELVETFRUIT_EXTRACT,XIRECS,5214.0,7
763500,Mark 55,Mark 14,VELVETFRUIT_EXTRACT,XIRECS,5220.0,5
763800,SUBMISSION,Mark 38,HYDROGEL_PACK,XIRECS,9974.0,4
764300,Mark 38,SUBMISSION,HYDROGEL_PACK,XIRECS,9988.0,2
764600,Mark 38,Mark 14,VEV_4000,XIRECS,1227.0,2
765200,Mark 38,Mark 14,VEV_4000,XIRECS,1228.0,3
766300,Mark 01,Mark 22,VEV_5200,XIRECS,55.0,4
766300,Mark 01,Mark 22,VEV_5300,XIRECS,17.0,4
766300,Mark 01,Mark 22,VEV_5400,XIRECS,2.0,4
766300,Mark 01,Mark 22,VEV_5500,XIRECS,0.0,4
766300,Mark 01,Mark 22,VEV_6000,XIRECS,0.0,4
766300,Mark 01,Mark 22,VEV_6500,XIRECS,0.0,4
766600,Mark 55,Mark 14,VELVETFRUIT_EXTRACT,XIRECS,5221.0,5
768000,Mark 14,Mark 55,VELVETFRUIT_EXTRACT,XIRECS,5212.0,5
768100,SUBMISSION,Mark 38,HYDROGEL_PACK,XIRECS,9958.0,3
770500,Mark 38,SUBMISSION,HYDROGEL_PACK,XIRECS,9978.0,6
770600,Mark 01,Mark 55,VELVETFRUIT_EXTRACT,XIRECS,5204.0,6
771800,Mark 14,Mark 55,VELVETFRUIT_EXTRACT,XIRECS,5203.0,6
773500,Mark 01,Mark 22,VEV_5200,XIRECS,47.0,2
773500,Mark 01,Mark 22,VEV_5300,XIRECS,14.0,2
773500,Mark 01,Mark 22,VEV_5400,XIRECS,1.0,2
773500,Mark 01,Mark 22,VEV_5500,XIRECS,0.0,2
773500,Mark 01,Mark 22,VEV_6000,XIRECS,0.0,2
773500,Mark 01,Mark 22,VEV_6500,XIRECS,0.0,2
774500,Mark 55,Mark 14,VELVETFRUIT_EXTRACT,XIRECS,5214.0,5
774900,Mark 67,Mark 49,VELVETFRUIT_EXTRACT,XIRECS,5210.0,13
778500,Mark 55,Mark 14,VELVETFRUIT_EXTRACT,XIRECS,5213.0,7
780000,Mark 01,Mark 22,VEV_5300,XIRECS,14.0,4
780000,Mark 01,Mark 22,VEV_5400,XIRECS,1.0,4
780000,Mark 01,Mark 22,VEV_5500,XIRECS,0.0,4
780000,Mark 01,Mark 22,VEV_6000,XIRECS,0.0,4
780000,Mark 01,Mark 22,VEV_6500,XIRECS,0.0,4
782500,Mark 67,Mark 22,VELVETFRUIT_EXTRACT,XIRECS,5210.0,5
785100,Mark 38,SUBMISSION,HYDROGEL_PACK,XIRECS,9978.0,3
785700,SUBMISSION,Mark 38,HYDROGEL_PACK,XIRECS,9961.0,4
786100,SUBMISSION,Mark 38,HYDROGEL_PACK,XIRECS,9963.0,6
786300,Mark 01,Mark 55,VELVETFRUIT_EXTRACT,XIRECS,5200.0,8
786400,Mark 01,Mark 22,VEV_5200,XIRECS,46.0,3
786400,Mark 01,Mark 22,VEV_5300,XIRECS,13.0,3
786400,Mark 01,Mark 22,VEV_5400,XIRECS,1.0,3
786400,Mark 01,Mark 22,VEV_5500,XIRECS,0.0,3
786400,Mark 01,Mark 22,VEV_6000,XIRECS,0.0,3
786400,Mark 01,Mark 22,VEV_6500,XIRECS,0.0,3
786900,Mark 55,Mark 01,VELVETFRUIT_EXTRACT,XIRECS,5206.0,6
787600,Mark 38,SUBMISSION,HYDROGEL_PACK,XIRECS,9978.0,4
788700,Mark 38,SUBMISSION,HYDROGEL_PACK,XIRECS,9987.0,3
788900,Mark 38,SUBMISSION,HYDROGEL_PACK,XIRECS,9989.0,2
791700,Mark 14,Mark 55,VELVETFRUIT_EXTRACT,XIRECS,5201.0,8
791900,Mark 14,Mark 38,VEV_4000,XIRECS,1195.0,2
792300,Mark 55,Mark 14,VELVETFRUIT_EXTRACT,XIRECS,5208.0,5
792400,Mark 38,SUBMISSION,HYDROGEL_PACK,XIRECS,9975.0,3
793700,Mark 55,Mark 01,VELVETFRUIT_EXTRACT,XIRECS,5208.0,4
794500,SUBMISSION,Mark 38,HYDROGEL_PACK,XIRECS,9982.0,5
795200,Mark 14,Mark 55,VELVETFRUIT_EXTRACT,XIRECS,5202.0,7
795200,Mark 38,Mark 14,VEV_4000,XIRECS,1214.0,1
795600,SUBMISSION,Mark 38,HYDROGEL_PACK,XIRECS,9977.0,4
795800,Mark 38,Mark 14,VEV_4000,XIRECS,1214.0,1
796500,Mark 14,SUBMISSION,HYDROGEL_PACK,XIRECS,9986.0,13
796500,Mark 01,SUBMISSION,HYDROGEL_PACK,XIRECS,9983.0,27
797100,Mark 67,Mark 49,VELVETFRUIT_EXTRACT,XIRECS,5205.0,13
797300,Mark 55,Mark 01,VELVETFRUIT_EXTRACT,XIRECS,5209.0,6
798100,Mark 01,Mark 55,VELVETFRUIT_EXTRACT,XIRECS,5201.0,3
799000,Mark 38,SUBMISSION,HYDROGEL_PACK,XIRECS,9983.0,6
799200,Mark 01,Mark 55,VELVETFRUIT_EXTRACT,XIRECS,5200.0,5
799900,Mark 38,Mark 14,VEV_4000,XIRECS,1217.0,2
800200,Mark 55,Mark 14,VELVETFRUIT_EXTRACT,XIRECS,5210.0,8
800400,SUBMISSION,Mark 38,HYDROGEL_PACK,XIRECS,9971.0,6
802100,Mark 67,Mark 49,VELVETFRUIT_EXTRACT,XIRECS,5200.0,9
802200,Mark 38,SUBMISSION,HYDROGEL_PACK,XIRECS,9988.0,2
803900,Mark 55,Mark 14,VELVETFRUIT_EXTRACT,XIRECS,5206.0,3
805800,Mark 01,Mark 22,VEV_5300,XIRECS,14.0,5
805800,Mark 01,Mark 22,VEV_5400,XIRECS,1.0,5
805800,Mark 01,Mark 22,VEV_5500,XIRECS,0.0,5
805800,Mark 01,Mark 22,VEV_6000,XIRECS,0.0,5
805800,Mark 01,Mark 22,VEV_6500,XIRECS,0.0,5
806900,Mark 38,SUBMISSION,HYDROGEL_PACK,XIRECS,10001.0,6
808300,SUBMISSION,Mark 38,HYDROGEL_PACK,XIRECS,9997.0,6
808900,Mark 55,Mark 14,VELVETFRUIT_EXTRACT,XIRECS,5211.0,4
809300,Mark 55,Mark 01,VELVETFRUIT_EXTRACT,XIRECS,5208.0,5
811100,SUBMISSION,Mark 38,HYDROGEL_PACK,XIRECS,9983.0,3
811700,Mark 38,SUBMISSION,HYDROGEL_PACK,XIRECS,9992.0,3
812100,Mark 14,Mark 55,VELVETFRUIT_EXTRACT,XIRECS,5203.0,7
814400,SUBMISSION,Mark 38,HYDROGEL_PACK,XIRECS,9976.0,6
815500,SUBMISSION,Mark 38,HYDROGEL_PACK,XIRECS,9975.0,3
816000,Mark 55,Mark 14,VELVETFRUIT_EXTRACT,XIRECS,5209.0,7
816400,Mark 14,Mark 55,VELVETFRUIT_EXTRACT,XIRECS,5210.0,5
816700,Mark 55,Mark 01,VELVETFRUIT_EXTRACT,XIRECS,5214.0,7
819200,Mark 55,Mark 01,VELVETFRUIT_EXTRACT,XIRECS,5213.0,6
819900,Mark 01,Mark 55,VELVETFRUIT_EXTRACT,XIRECS,5208.0,4
820800,Mark 14,Mark 55,VELVETFRUIT_EXTRACT,XIRECS,5213.0,8
821300,SUBMISSION,Mark 38,HYDROGEL_PACK,XIRECS,9997.0,6
821300,Mark 38,Mark 14,VEV_4000,XIRECS,1225.0,2
822200,Mark 01,Mark 55,VELVETFRUIT_EXTRACT,XIRECS,5215.0,3
822700,SUBMISSION,Mark 38,HYDROGEL_PACK,XIRECS,10002.0,5
822800,Mark 01,Mark 22,VEV_5400,XIRECS,2.0,5
822800,Mark 01,Mark 22,VEV_5500,XIRECS,0.0,5
822800,Mark 01,Mark 22,VEV_6000,XIRECS,0.0,5
822800,Mark 01,Mark 22,VEV_6500,XIRECS,0.0,5
823000,Mark 38,SUBMISSION,HYDROGEL_PACK,XIRECS,10015.0,4
823000,Mark 01,Mark 55,VELVETFRUIT_EXTRACT,XIRECS,5215.0,6
823300,Mark 14,Mark 38,VEV_4000,XIRECS,1205.0,2
823900,Mark 55,Mark 01,VELVETFRUIT_EXTRACT,XIRECS,5219.0,5
824500,SUBMISSION,Mark 38,HYDROGEL_PACK,XIRECS,10010.0,6
825200,Mark 14,Mark 38,VEV_4000,XIRECS,1209.0,2
825700,Mark 14,Mark 55,VELVETFRUIT_EXTRACT,XIRECS,5221.0,5
826600,Mark 01,Mark 55,VELVETFRUIT_EXTRACT,XIRECS,5221.0,6
828200,Mark 14,Mark 38,VEV_4000,XIRECS,1222.0,2
828400,Mark 55,Mark 01,VELVETFRUIT_EXTRACT,XIRECS,5235.0,7
828600,Mark 38,SUBMISSION,HYDROGEL_PACK,XIRECS,10021.0,6
828700,Mark 01,Mark 55,VELVETFRUIT_EXTRACT,XIRECS,5228.0,7
828800,Mark 01,Mark 55,VELVETFRUIT_EXTRACT,XIRECS,5228.0,6
829100,SUBMISSION,Mark 38,HYDROGEL_PACK,XIRECS,10007.0,4
830500,Mark 38,Mark 14,VEV_4000,XIRECS,1245.0,3
832100,Mark 55,Mark 14,VELVETFRUIT_EXTRACT,XIRECS,5238.0,6
833500,SUBMISSION,Mark 38,HYDROGEL_PACK,XIRECS,10027.0,5
834300,Mark 14,Mark 55,VELVETFRUIT_EXTRACT,XIRECS,5230.0,5
835200,Mark 01,Mark 22,VEV_5300,XIRECS,20.0,4
835200,Mark 14,Mark 22,VEV_5400,XIRECS,3.0,4
835200,Mark 01,Mark 22,VEV_5500,XIRECS,0.0,4
835200,Mark 01,Mark 22,VEV_6000,XIRECS,0.0,4
835200,Mark 01,Mark 22,VEV_6500,XIRECS,0.0,4
836300,Mark 14,Mark 38,VEV_4000,XIRECS,1219.0,3
836300,Mark 14,Mark 22,VEV_5200,XIRECS,61.0,3
836300,Mark 14,Mark 22,VEV_5300,XIRECS,20.0,3
836300,Mark 01,Mark 22,VEV_5400,XIRECS,2.0,3
836300,Mark 01,Mark 22,VEV_5500,XIRECS,0.0,3
836300,Mark 01,Mark 22,VEV_6000,XIRECS,0.0,3
836300,Mark 01,Mark 22,VEV_6500,XIRECS,0.0,3
836500,Mark 38,Mark 14,VEV_4000,XIRECS,1240.0,2
836600,Mark 38,SUBMISSION,HYDROGEL_PACK,XIRECS,10026.0,3
836600,Mark 01,Mark 55,VELVETFRUIT_EXTRACT,XIRECS,5228.0,6
839600,SUBMISSION,Mark 38,HYDROGEL_PACK,XIRECS,10016.0,2
842000,Mark 38,Mark 14,VEV_4000,XIRECS,1239.0,1
842100,Mark 38,SUBMISSION,HYDROGEL_PACK,XIRECS,10044.0,3
844100,Mark 14,Mark 38,VEV_4000,XIRECS,1221.0,3
844600,Mark 14,Mark 55,VELVETFRUIT_EXTRACT,XIRECS,5230.0,8
845600,Mark 14,Mark 55,VELVETFRUIT_EXTRACT,XIRECS,5227.0,4
845800,Mark 55,Mark 14,VELVETFRUIT_EXTRACT,XIRECS,5231.0,4
847000,SUBMISSION,Mark 38,HYDROGEL_PACK,XIRECS,10020.0,5
847400,Mark 38,Mark 14,VEV_4000,XIRECS,1240.0,3
847900,Mark 38,SUBMISSION,HYDROGEL_PACK,XIRECS,10032.0,2
848600,Mark 01,Mark 22,VEV_5300,XIRECS,22.0,4
848600,Mark 01,Mark 22,VEV_5400,XIRECS,3.0,4
848600,Mark 01,Mark 22,VEV_5500,XIRECS,0.0,4
848600,Mark 01,Mark 22,VEV_6000,XIRECS,0.0,4
848600,Mark 01,Mark 22,VEV_6500,XIRECS,0.0,4
849600,Mark 01,Mark 55,VELVETFRUIT_EXTRACT,XIRECS,5234.0,7
850600,Mark 55,Mark 14,VELVETFRUIT_EXTRACT,XIRECS,5233.0,8
851200,Mark 38,SUBMISSION,HYDROGEL_PACK,XIRECS,10022.0,5
851400,Mark 01,Mark 55,VELVETFRUIT_EXTRACT,XIRECS,5233.0,5
852400,Mark 14,Mark 38,VEV_4000,XIRECS,1229.0,1
854500,Mark 38,Mark 14,VEV_4000,XIRECS,1250.0,2
854800,Mark 14,Mark 22,VEV_5200,XIRECS,67.0,5
854800,Mark 01,Mark 22,VEV_5400,XIRECS,3.0,5
854800,Mark 01,Mark 22,VEV_5500,XIRECS,0.0,5
854800,Mark 01,Mark 22,VEV_6000,XIRECS,0.0,5
854800,Mark 01,Mark 22,VEV_6500,XIRECS,0.0,5
855400,Mark 38,Mark 14,HYDROGEL_PACK,XIRECS,10044.0,3
856100,Mark 01,SUBMISSION,VEV_5200,XIRECS,70.0,12
856100,Mark 14,SUBMISSION,VEV_5200,XIRECS,70.0,7
856200,Mark 01,SUBMISSION,VEV_5200,XIRECS,70.0,16
856200,Mark 14,SUBMISSION,VEV_5200,XIRECS,70.0,9
856300,Mark 01,SUBMISSION,VEV_5200,XIRECS,70.0,14
856300,Mark 14,SUBMISSION,VEV_5200,XIRECS,70.0,10
856400,Mark 01,SUBMISSION,VEV_5200,XIRECS,71.0,24
856400,Mark 14,SUBMISSION,VEV_5200,XIRECS,71.0,11
856500,Mark 01,SUBMISSION,VEV_5200,XIRECS,71.0,12
856500,Mark 14,SUBMISSION,VEV_5200,XIRECS,71.0,8
856600,Mark 14,SUBMISSION,VEV_5200,XIRECS,71.0,7
856700,Mark 01,SUBMISSION,VEV_5200,XIRECS,71.0,23
856700,Mark 14,SUBMISSION,VEV_5200,XIRECS,71.0,7
856700,Mark 14,Mark 38,VEV_4000,XIRECS,1236.0,3
856800,Mark 01,SUBMISSION,VEV_5200,XIRECS,70.0,24
856800,Mark 14,SUBMISSION,VEV_5200,XIRECS,70.0,12
857100,Mark 01,SUBMISSION,VEV_5200,XIRECS,71.0,17
857100,Mark 14,SUBMISSION,VEV_5200,XIRECS,71.0,7
857200,Mark 01,SUBMISSION,VEV_5200,XIRECS,71.0,13
857200,Mark 14,SUBMISSION,VEV_5200,XIRECS,71.0,9
857300,Mark 01,SUBMISSION,VEV_5200,XIRECS,70.0,20
857300,Mark 14,SUBMISSION,VEV_5200,XIRECS,70.0,7
857400,SUBMISSION,Mark 38,HYDROGEL_PACK,XIRECS,10029.0,3
858100,Mark 38,SUBMISSION,HYDROGEL_PACK,XIRECS,10040.0,6
858200,Mark 01,SUBMISSION,VEV_5200,XIRECS,70.0,22
858200,Mark 14,SUBMISSION,VEV_5200,XIRECS,70.0,12
858200,Mark 01,Mark 55,VELVETFRUIT_EXTRACT,XIRECS,5242.0,4
858400,SUBMISSION,Mark 38,HYDROGEL_PACK,XIRECS,10031.0,2
858600,SUBMISSION,Mark 38,HYDROGEL_PACK,XIRECS,10031.0,3
858600,Mark 01,SUBMISSION,VEV_5200,XIRECS,70.0,22
858600,Mark 14,SUBMISSION,VEV_5200,XIRECS,70.0,11
858800,Mark 38,Mark 14,VEV_4000,XIRECS,1253.0,2
859600,SUBMISSION,Mark 38,HYDROGEL_PACK,XIRECS,10032.0,3
861000,Mark 67,Mark 49,VELVETFRUIT_EXTRACT,XIRECS,5235.0,15
861100,Mark 38,SUBMISSION,HYDROGEL_PACK,XIRECS,10054.0,6
864200,Mark 01,Mark 55,VELVETFRUIT_EXTRACT,XIRECS,5222.0,6
864800,Mark 14,SUBMISSION,HYDROGEL_PACK,XIRECS,10014.0,13
864800,Mark 01,SUBMISSION,HYDROGEL_PACK,XIRECS,10012.0,20
864800,Mark 14,Mark 38,VEV_4000,XIRECS,1215.0,2
865400,Mark 14,SUBMISSION,HYDROGEL_PACK,XIRECS,10021.0,14
865400,Mark 01,SUBMISSION,HYDROGEL_PACK,XIRECS,10018.0,22
866600,Mark 14,Mark 55,VELVETFRUIT_EXTRACT,XIRECS,5228.0,8
866800,Mark 14,Mark 55,VELVETFRUIT_EXTRACT,XIRECS,5229.0,4
867400,Mark 01,Mark 55,VELVETFRUIT_EXTRACT,XIRECS,5232.0,4
867400,Mark 38,Mark 14,VEV_4000,XIRECS,1245.0,3
868100,Mark 55,Mark 14,VELVETFRUIT_EXTRACT,XIRECS,5240.0,3
868700,Mark 38,Mark 14,HYDROGEL_PACK,XIRECS,10045.0,5
869200,Mark 55,Mark 01,VELVETFRUIT_EXTRACT,XIRECS,5240.0,8
871000,Mark 14,SUBMISSION,VEV_5200,XIRECS,71.0,7
871100,Mark 01,SUBMISSION,VEV_5200,XIRECS,70.0,19
871100,Mark 14,SUBMISSION,VEV_5200,XIRECS,70.0,12
871200,Mark 38,Mark 14,HYDROGEL_PACK,XIRECS,10030.0,3
871300,Mark 01,SUBMISSION,VEV_5200,XIRECS,70.0,24
871300,Mark 14,SUBMISSION,VEV_5200,XIRECS,70.0,10
871400,Mark 01,SUBMISSION,VEV_5200,XIRECS,70.0,19
871400,Mark 14,SUBMISSION,VEV_5200,XIRECS,70.0,7
871500,Mark 14,SUBMISSION,VEV_5200,XIRECS,71.0,12
871500,Mark 22,SUBMISSION,VEV_5200,XIRECS,71.0,4
871600,Mark 01,SUBMISSION,VEV_5200,XIRECS,70.0,17
871600,Mark 14,SUBMISSION,VEV_5200,XIRECS,70.0,8
871700,Mark 01,SUBMISSION,VEV_5200,XIRECS,71.0,22
871700,Mark 14,SUBMISSION,VEV_5200,XIRECS,71.0,7
871800,Mark 14,SUBMISSION,VEV_5200,XIRECS,72.0,8
871800,Mark 55,Mark 14,VELVETFRUIT_EXTRACT,XIRECS,5249.0,7
871900,Mark 01,SUBMISSION,VEV_5200,XIRECS,72.0,22
871900,Mark 14,SUBMISSION,VEV_5200,XIRECS,72.0,10
872000,Mark 01,SUBMISSION,VEV_5200,XIRECS,72.0,23
872000,Mark 14,SUBMISSION,VEV_5200,XIRECS,72.0,8
872100,Mark 01,SUBMISSION,VEV_5200,XIRECS,73.0,15
872100,Mark 14,SUBMISSION,VEV_5200,XIRECS,73.0,8
872200,Mark 01,SUBMISSION,VEV_5200,XIRECS,73.0,2
874800,Mark 01,Mark 55,VELVETFRUIT_EXTRACT,XIRECS,5249.0,4
875500,SUBMISSION,Mark 38,HYDROGEL_PACK,XIRECS,10017.0,5
875600,Mark 14,Mark 55,VELVETFRUIT_EXTRACT,XIRECS,5246.0,5
876300,SUBMISSION,Mark 38,HYDROGEL_PACK,XIRECS,10008.0,2
877200,Mark 01,Mark 22,VEV_5300,XIRECS,26.0,4
877200,Mark 01,Mark 22,VEV_5400,XIRECS,4.0,4
877200,Mark 01,Mark 22,VEV_5500,XIRECS,0.0,4
877200,Mark 01,Mark 22,VEV_6000,XIRECS,0.0,4
877200,Mark 01,Mark 22,VEV_6500,XIRECS,0.0,4
878000,Mark 38,Mark 14,VEV_4000,XIRECS,1261.0,2
879500,Mark 38,Mark 14,HYDROGEL_PACK,XIRECS,10005.0,2
880900,Mark 49,Mark 22,VELVETFRUIT_EXTRACT,XIRECS,5242.0,8
881000,Mark 55,Mark 14,VELVETFRUIT_EXTRACT,XIRECS,5244.0,3
881700,Mark 01,Mark 22,VEV_5300,XIRECS,24.0,3
881700,Mark 01,Mark 22,VEV_5500,XIRECS,0.0,3
881700,Mark 01,Mark 22,VEV_6000,XIRECS,0.0,3
881700,Mark 01,Mark 22,VEV_6500,XIRECS,0.0,3
881800,Mark 38,Mark 14,HYDROGEL_PACK,XIRECS,10027.0,4
882700,Mark 01,Mark 55,VELVETFRUIT_EXTRACT,XIRECS,5238.0,5
885400,Mark 55,Mark 01,VELVETFRUIT_EXTRACT,XIRECS,5237.0,7
885500,SUBMISSION,Mark 38,HYDROGEL_PACK,XIRECS,10004.0,5
885700,Mark 14,Mark 55,VELVETFRUIT_EXTRACT,XIRECS,5232.0,3
885900,Mark 14,Mark 38,VEV_4000,XIRECS,1224.0,1
886200,Mark 38,Mark 14,VEV_4000,XIRECS,1245.0,1
889100,Mark 01,Mark 55,VELVETFRUIT_EXTRACT,XIRECS,5241.0,7
890100,SUBMISSION,Mark 38,HYDROGEL_PACK,XIRECS,9981.0,6
891900,Mark 55,Mark 01,VELVETFRUIT_EXTRACT,XIRECS,5241.0,4
892000,Mark 38,Mark 14,HYDROGEL_PACK,XIRECS,9996.0,5
892600,Mark 55,Mark 01,VELVETFRUIT_EXTRACT,XIRECS,5239.0,4
892700,Mark 38,SUBMISSION,HYDROGEL_PACK,XIRECS,9986.0,2
893000,Mark 38,SUBMISSION,HYDROGEL_PACK,XIRECS,9988.0,6
893300,SUBMISSION,Mark 22,HYDROGEL_PACK,XIRECS,9975.0,5
895500,Mark 55,Mark 14,VELVETFRUIT_EXTRACT,XIRECS,5233.0,7
896000,Mark 14,Mark 22,VEV_5200,XIRECS,63.0,5
896000,Mark 01,Mark 22,VEV_5300,XIRECS,20.0,5
896000,Mark 01,Mark 22,VEV_5400,XIRECS,3.0,5
896000,Mark 01,Mark 22,VEV_5500,XIRECS,0.0,5
896000,Mark 01,Mark 22,VEV_6000,XIRECS,0.0,5
896000,Mark 01,Mark 22,VEV_6500,XIRECS,0.0,5
896100,SUBMISSION,Mark 22,HYDROGEL_PACK,XIRECS,9975.0,8
898300,SUBMISSION,Mark 38,HYDROGEL_PACK,XIRECS,9979.0,6
898900,Mark 01,Mark 55,VELVETFRUIT_EXTRACT,XIRECS,5231.0,7
901400,Mark 38,Mark 14,HYDROGEL_PACK,XIRECS,10014.0,2
902100,Mark 14,Mark 55,VELVETFRUIT_EXTRACT,XIRECS,5227.0,3
902300,Mark 01,Mark 22,VEV_5300,XIRECS,18.0,2
902300,Mark 01,Mark 22,VEV_5400,XIRECS,2.0,2
902300,Mark 01,Mark 22,VEV_5500,XIRECS,0.0,2
902300,Mark 01,Mark 22,VEV_6000,XIRECS,0.0,2
902300,Mark 01,Mark 22,VEV_6500,XIRECS,0.0,2
902400,Mark 55,Mark 01,VELVETFRUIT_EXTRACT,XIRECS,5230.0,7
903700,Mark 14,Mark 38,VEV_4000,XIRECS,1214.0,3
903800,Mark 55,Mark 01,VELVETFRUIT_EXTRACT,XIRECS,5228.0,4
904500,Mark 38,Mark 14,VEV_4000,XIRECS,1236.0,1
904600,Mark 38,Mark 14,HYDROGEL_PACK,XIRECS,9992.0,5
905300,Mark 38,Mark 14,VEV_4000,XIRECS,1237.0,1
907300,Mark 55,Mark 14,VELVETFRUIT_EXTRACT,XIRECS,5226.0,4
907500,Mark 67,Mark 22,VELVETFRUIT_EXTRACT,XIRECS,5224.0,6
908100,SUBMISSION,Mark 14,VEV_5200,XIRECS,57.0,9
908200,SUBMISSION,Mark 38,HYDROGEL_PACK,XIRECS,9990.0,3
908200,SUBMISSION,Mark 14,VEV_5200,XIRECS,56.0,8
908300,SUBMISSION,Mark 01,VEV_5200,XIRECS,57.0,22
908300,SUBMISSION,Mark 14,VEV_5200,XIRECS,57.0,9
908400,SUBMISSION,Mark 14,VEV_5200,XIRECS,56.0,12
908500,SUBMISSION,Mark 01,VEV_5200,XIRECS,57.0,19
908500,SUBMISSION,Mark 14,VEV_5200,XIRECS,57.0,8
908600,SUBMISSION,Mark 01,VEV_5200,XIRECS,57.0,20
908600,SUBMISSION,Mark 14,VEV_5200,XIRECS,57.0,12
908600,Mark 14,Mark 22,VEV_5200,XIRECS,55.0,3
908600,Mark 01,Mark 22,VEV_5300,XIRECS,16.0,3
908600,Mark 01,Mark 22,VEV_5400,XIRECS,2.0,3
908600,Mark 01,Mark 22,VEV_5500,XIRECS,0.0,3
908600,Mark 01,Mark 22,VEV_6000,XIRECS,0.0,3
908600,Mark 01,Mark 22,VEV_6500,XIRECS,0.0,3
908700,SUBMISSION,Mark 01,VEV_5200,XIRECS,56.0,24
908700,SUBMISSION,Mark 14,VEV_5200,XIRECS,56.0,12
908800,SUBMISSION,Mark 01,VEV_5200,XIRECS,55.0,17
908800,SUBMISSION,Mark 14,VEV_5200,XIRECS,55.0,9
908900,SUBMISSION,Mark 01,VEV_5200,XIRECS,56.0,23
908900,SUBMISSION,Mark 14,VEV_5200,XIRECS,56.0,10
909000,SUBMISSION,Mark 01,VEV_5200,XIRECS,56.0,14
909000,SUBMISSION,Mark 14,VEV_5200,XIRECS,56.0,6
909100,SUBMISSION,Mark 01,VEV_5200,XIRECS,56.0,22
909100,SUBMISSION,Mark 14,VEV_5200,XIRECS,56.0,11
909100,Mark 55,Mark 14,VELVETFRUIT_EXTRACT,XIRECS,5221.0,3
909200,SUBMISSION,Mark 01,VEV_5200,XIRECS,56.0,19
909200,SUBMISSION,Mark 14,VEV_5200,XIRECS,56.0,10
909300,SUBMISSION,Mark 14,VEV_5200,XIRECS,56.0,9
909400,SUBMISSION,Mark 01,VEV_5200,XIRECS,56.0,21
909400,SUBMISSION,Mark 14,VEV_5200,XIRECS,56.0,8
909500,SUBMISSION,Mark 14,VEV_5200,XIRECS,56.0,6
909600,SUBMISSION,Mark 01,VEV_5200,XIRECS,56.0,21
909600,SUBMISSION,Mark 14,VEV_5200,XIRECS,56.0,6
909600,Mark 01,Mark 55,VELVETFRUIT_EXTRACT,XIRECS,5216.0,3
909700,SUBMISSION,Mark 14,VEV_5200,XIRECS,56.0,10
909800,SUBMISSION,Mark 01,VEV_5200,XIRECS,57.0,23
909800,SUBMISSION,Mark 14,VEV_5200,XIRECS,57.0,8
909900,SUBMISSION,Mark 01,VEV_5200,XIRECS,57.0,22
909900,SUBMISSION,Mark 14,VEV_5200,XIRECS,57.0,12
910200,Mark 38,SUBMISSION,HYDROGEL_PACK,XIRECS,10001.0,2
910300,SUBMISSION,Mark 38,HYDROGEL_PACK,XIRECS,9992.0,4
911100,Mark 14,Mark 55,VELVETFRUIT_EXTRACT,XIRECS,5220.0,5
911300,Mark 01,Mark 55,VELVETFRUIT_EXTRACT,XIRECS,5219.0,6
911500,SUBMISSION,Mark 14,VEV_5200,XIRECS,57.0,8
911700,SUBMISSION,Mark 01,VEV_5200,XIRECS,57.0,21
911700,SUBMISSION,Mark 14,VEV_5200,XIRECS,57.0,11
911800,SUBMISSION,Mark 01,VEV_5200,XIRECS,57.0,12
911800,SUBMISSION,Mark 14,VEV_5200,XIRECS,57.0,8
911900,SUBMISSION,Mark 01,VEV_5200,XIRECS,57.0,12
911900,SUBMISSION,Mark 14,VEV_5200,XIRECS,57.0,8
912000,SUBMISSION,Mark 01,VEV_5200,XIRECS,57.0,20
912000,SUBMISSION,Mark 14,VEV_5200,XIRECS,57.0,7
912100,SUBMISSION,Mark 01,VEV_5200,XIRECS,57.0,15
912100,SUBMISSION,Mark 14,VEV_5200,XIRECS,57.0,10
912100,Mark 01,Mark 55,VELVETFRUIT_EXTRACT,XIRECS,5217.0,7
912200,SUBMISSION,Mark 01,VEV_5200,XIRECS,56.0,15
912200,SUBMISSION,Mark 14,VEV_5200,XIRECS,56.0,11
912200,Mark 14,Mark 55,VELVETFRUIT_EXTRACT,XIRECS,5216.0,6
912500,Mark 38,Mark 14,HYDROGEL_PACK,XIRECS,10004.0,3
913000,Mark 38,SUBMISSION,HYDROGEL_PACK,XIRECS,10006.0,2
913500,Mark 38,SUBMISSION,HYDROGEL_PACK,XIRECS,10009.0,6
914600,Mark 67,Mark 22,VELVETFRUIT_EXTRACT,XIRECS,5211.0,10
914800,SUBMISSION,Mark 38,HYDROGEL_PACK,XIRECS,9994.0,2
915300,Mark 14,Mark 55,VELVETFRUIT_EXTRACT,XIRECS,5209.0,5
915400,Mark 55,Mark 14,VELVETFRUIT_EXTRACT,XIRECS,5213.0,8
915900,Mark 01,Mark 22,VEV_5300,XIRECS,14.0,4
915900,Mark 01,Mark 22,VEV_5400,XIRECS,1.0,4
915900,Mark 01,Mark 22,VEV_5500,XIRECS,0.0,4
915900,Mark 01,Mark 22,VEV_6000,XIRECS,0.0,4
915900,Mark 01,Mark 22,VEV_6500,XIRECS,0.0,4
916900,Mark 14,Mark 38,VEV_4000,XIRECS,1203.0,2
918100,SUBMISSION,Mark 38,HYDROGEL_PACK,XIRECS,9992.0,4
918200,Mark 38,SUBMISSION,HYDROGEL_PACK,XIRECS,10006.0,2
919300,Mark 01,Mark 22,VEV_5300,XIRECS,15.0,5
919300,Mark 01,Mark 22,VEV_5400,XIRECS,1.0,5
919300,Mark 01,Mark 22,VEV_5500,XIRECS,0.0,5
919300,Mark 01,Mark 22,VEV_6000,XIRECS,0.0,5
919300,Mark 01,Mark 22,VEV_6500,XIRECS,0.0,5
919400,Mark 67,Mark 22,VELVETFRUIT_EXTRACT,XIRECS,5214.0,7
919900,Mark 01,Mark 22,VEV_5200,XIRECS,52.0,5
919900,Mark 01,Mark 22,VEV_5300,XIRECS,15.0,5
919900,Mark 01,Mark 22,VEV_5400,XIRECS,1.0,5
919900,Mark 01,Mark 22,VEV_5500,XIRECS,0.0,5
919900,Mark 01,Mark 22,VEV_6000,XIRECS,0.0,5
919900,Mark 01,Mark 22,VEV_6500,XIRECS,0.0,5
920100,Mark 55,Mark 14,VELVETFRUIT_EXTRACT,XIRECS,5217.0,5
920300,Mark 38,SUBMISSION,HYDROGEL_PACK,XIRECS,10010.0,3
921100,SUBMISSION,Mark 38,HYDROGEL_PACK,XIRECS,9993.0,5
921700,Mark 38,SUBMISSION,HYDROGEL_PACK,XIRECS,10008.0,5
923600,Mark 01,Mark 22,VEV_5300,XIRECS,15.0,4
923600,Mark 01,Mark 22,VEV_5400,XIRECS,1.0,4
923600,Mark 01,Mark 22,VEV_5500,XIRECS,0.0,4
923600,Mark 01,Mark 22,VEV_6000,XIRECS,0.0,4
923600,Mark 01,Mark 22,VEV_6500,XIRECS,0.0,4
924300,SUBMISSION,Mark 38,HYDROGEL_PACK,XIRECS,9986.0,6
924600,Mark 14,Mark 38,VEV_4000,XIRECS,1209.0,2
925400,Mark 38,SUBMISSION,HYDROGEL_PACK,XIRECS,9990.0,4
925400,Mark 55,Mark 14,VELVETFRUIT_EXTRACT,XIRECS,5229.0,8
927400,SUBMISSION,Mark 38,HYDROGEL_PACK,XIRECS,9973.0,2
928700,Mark 01,Mark 55,VELVETFRUIT_EXTRACT,XIRECS,5224.0,8
929300,Mark 14,Mark 55,VELVETFRUIT_EXTRACT,XIRECS,5225.0,4
931100,Mark 38,Mark 14,VEV_4000,XIRECS,1237.0,1
932300,Mark 38,Mark 14,HYDROGEL_PACK,XIRECS,10003.0,3
932500,Mark 01,Mark 55,VELVETFRUIT_EXTRACT,XIRECS,5222.0,4
933300,Mark 55,Mark 14,VELVETFRUIT_EXTRACT,XIRECS,5231.0,8
933400,Mark 55,Mark 01,VELVETFRUIT_EXTRACT,XIRECS,5233.0,8
934300,Mark 55,Mark 01,VELVETFRUIT_EXTRACT,XIRECS,5234.0,5
934400,Mark 55,Mark 01,VELVETFRUIT_EXTRACT,XIRECS,5233.0,3
935000,Mark 67,Mark 22,VELVETFRUIT_EXTRACT,XIRECS,5229.0,9
935700,Mark 38,Mark 14,HYDROGEL_PACK,XIRECS,10013.0,5
937200,Mark 38,Mark 14,HYDROGEL_PACK,XIRECS,10010.0,5
942900,Mark 01,Mark 55,VELVETFRUIT_EXTRACT,XIRECS,5223.0,5
943900,Mark 01,Mark 22,VEV_5300,XIRECS,17.0,4
943900,Mark 01,Mark 22,VEV_5400,XIRECS,2.0,4
943900,Mark 01,Mark 22,VEV_5500,XIRECS,0.0,4
943900,Mark 01,Mark 22,VEV_6000,XIRECS,0.0,4
943900,Mark 01,Mark 22,VEV_6500,XIRECS,0.0,4
946000,Mark 01,Mark 22,VEV_5200,XIRECS,56.0,4
946000,Mark 01,Mark 22,VEV_5300,XIRECS,17.0,4
946000,Mark 01,Mark 22,VEV_5400,XIRECS,2.0,4
946000,Mark 01,Mark 22,VEV_5500,XIRECS,0.0,4
946000,Mark 01,Mark 22,VEV_6000,XIRECS,0.0,4
946000,Mark 01,Mark 22,VEV_6500,XIRECS,0.0,4
947400,Mark 38,Mark 14,HYDROGEL_PACK,XIRECS,9996.0,3
947800,Mark 49,Mark 22,VELVETFRUIT_EXTRACT,XIRECS,5218.0,5
948100,Mark 14,Mark 55,VELVETFRUIT_EXTRACT,XIRECS,5219.0,6
948900,Mark 55,Mark 01,VELVETFRUIT_EXTRACT,XIRECS,5227.0,6
949300,SUBMISSION,Mark 38,HYDROGEL_PACK,XIRECS,9980.0,2
950000,Mark 14,Mark 55,VELVETFRUIT_EXTRACT,XIRECS,5227.0,5
951100,Mark 14,Mark 22,VEV_5200,XIRECS,60.0,2
951100,Mark 01,Mark 22,VEV_5400,XIRECS,2.0,2
951100,Mark 01,Mark 22,VEV_5500,XIRECS,0.0,2
951100,Mark 01,Mark 22,VEV_6000,XIRECS,0.0,2
951100,Mark 01,Mark 22,VEV_6500,XIRECS,0.0,2
951200,Mark 14,Mark 55,VELVETFRUIT_EXTRACT,XIRECS,5228.0,5
951600,Mark 01,Mark 22,VEV_5300,XIRECS,19.0,3
951600,Mark 01,Mark 22,VEV_5400,XIRECS,2.0,3
951600,Mark 01,Mark 22,VEV_5500,XIRECS,0.0,3
951600,Mark 01,Mark 22,VEV_6000,XIRECS,0.0,3
951600,Mark 01,Mark 22,VEV_6500,XIRECS,0.0,3
951800,SUBMISSION,Mark 38,HYDROGEL_PACK,XIRECS,9986.0,3
953500,Mark 01,Mark 55,VELVETFRUIT_EXTRACT,XIRECS,5225.0,3
954300,Mark 38,Mark 14,HYDROGEL_PACK,XIRECS,9996.0,6
954500,SUBMISSION,Mark 38,HYDROGEL_PACK,XIRECS,9981.0,2
956000,Mark 38,Mark 14,VEV_4000,XIRECS,1246.0,1
958100,Mark 67,Mark 22,VELVETFRUIT_EXTRACT,XIRECS,5231.0,6
958300,Mark 14,Mark 22,VEV_5200,XIRECS,61.0,3
958300,Mark 01,Mark 22,VEV_5300,XIRECS,19.0,3
958300,Mark 01,Mark 22,VEV_5400,XIRECS,2.0,3
958300,Mark 01,Mark 22,VEV_5500,XIRECS,0.0,3
958300,Mark 01,Mark 22,VEV_6000,XIRECS,0.0,3
958300,Mark 01,Mark 22,VEV_6500,XIRECS,0.0,3
959200,Mark 14,Mark 55,VELVETFRUIT_EXTRACT,XIRECS,5227.0,5
961300,Mark 01,Mark 22,VEV_5200,XIRECS,56.0,2
961300,Mark 01,Mark 22,VEV_5300,XIRECS,17.0,2
961300,Mark 01,Mark 22,VEV_5400,XIRECS,2.0,2
961300,Mark 01,Mark 22,VEV_5500,XIRECS,0.0,2
961300,Mark 01,Mark 22,VEV_6000,XIRECS,0.0,2
961300,Mark 01,Mark 22,VEV_6500,XIRECS,0.0,2
964100,SUBMISSION,Mark 38,HYDROGEL_PACK,XIRECS,10002.0,5
964100,Mark 01,Mark 22,VEV_5200,XIRECS,55.0,3
964100,Mark 01,Mark 22,VEV_5400,XIRECS,2.0,3
964100,Mark 01,Mark 22,VEV_5500,XIRECS,0.0,3
964100,Mark 01,Mark 22,VEV_6000,XIRECS,0.0,3
964100,Mark 01,Mark 22,VEV_6500,XIRECS,0.0,3
964600,SUBMISSION,Mark 38,HYDROGEL_PACK,XIRECS,10004.0,4
965000,SUBMISSION,Mark 38,HYDROGEL_PACK,XIRECS,10004.0,2
965100,Mark 22,Mark 55,VELVETFRUIT_EXTRACT,XIRECS,5221.0,6
965400,Mark 55,Mark 01,VELVETFRUIT_EXTRACT,XIRECS,5223.0,4
965600,Mark 38,Mark 14,HYDROGEL_PACK,XIRECS,10023.0,6
966000,Mark 14,Mark 38,VEV_4000,XIRECS,1213.0,2
966000,Mark 01,Mark 22,VEV_5200,XIRECS,56.0,4
966000,Mark 01,Mark 22,VEV_5300,XIRECS,17.0,4
966000,Mark 01,Mark 22,VEV_5400,XIRECS,2.0,4
966000,Mark 01,Mark 22,VEV_5500,XIRECS,0.0,4
966000,Mark 01,Mark 22,VEV_6000,XIRECS,0.0,4
966000,Mark 01,Mark 22,VEV_6500,XIRECS,0.0,4
969100,Mark 55,Mark 14,VELVETFRUIT_EXTRACT,XIRECS,5221.0,3
969700,SUBMISSION,Mark 38,HYDROGEL_PACK,XIRECS,10020.0,2
970100,Mark 01,Mark 55,VELVETFRUIT_EXTRACT,XIRECS,5215.0,4
971100,Mark 01,Mark 55,VELVETFRUIT_EXTRACT,XIRECS,5212.0,7
971600,Mark 14,Mark 22,VEV_5200,XIRECS,53.0,4
971600,Mark 01,Mark 22,VEV_5300,XIRECS,15.0,4
971600,Mark 01,Mark 22,VEV_5400,XIRECS,2.0,4
971600,Mark 01,Mark 22,VEV_5500,XIRECS,0.0,4
971600,Mark 01,Mark 22,VEV_6000,XIRECS,0.0,4
971600,Mark 01,Mark 22,VEV_6500,XIRECS,0.0,4
972600,Mark 55,Mark 01,VELVETFRUIT_EXTRACT,XIRECS,5220.0,3
973300,SUBMISSION,Mark 38,HYDROGEL_PACK,XIRECS,10037.0,6
974500,Mark 14,Mark 55,VELVETFRUIT_EXTRACT,XIRECS,5221.0,7
975000,Mark 14,Mark 38,VEV_4000,XIRECS,1216.0,1
975000,Mark 01,Mark 22,VEV_5400,XIRECS,2.0,2
975000,Mark 01,Mark 22,VEV_5500,XIRECS,0.0,2
975000,Mark 01,Mark 22,VEV_6000,XIRECS,0.0,2
975000,Mark 01,Mark 22,VEV_6500,XIRECS,0.0,2
976900,Mark 38,Mark 14,HYDROGEL_PACK,XIRECS,10027.0,5
977700,Mark 01,Mark 22,VEV_5200,XIRECS,60.0,5
977700,Mark 01,Mark 22,VEV_5400,XIRECS,2.0,5
977700,Mark 01,Mark 22,VEV_5500,XIRECS,0.0,5
977700,Mark 01,Mark 22,VEV_6000,XIRECS,0.0,5
977700,Mark 01,Mark 22,VEV_6500,XIRECS,0.0,5
977900,Mark 01,Mark 22,VEV_5300,XIRECS,18.0,2
977900,Mark 01,Mark 22,VEV_5400,XIRECS,2.0,2
977900,Mark 01,Mark 22,VEV_5500,XIRECS,0.0,2
977900,Mark 01,Mark 22,VEV_6000,XIRECS,0.0,2
977900,Mark 01,Mark 22,VEV_6500,XIRECS,0.0,2
978300,Mark 01,Mark 55,VELVETFRUIT_EXTRACT,XIRECS,5223.0,5
979000,Mark 55,Mark 01,VELVETFRUIT_EXTRACT,XIRECS,5228.0,6
981200,Mark 38,Mark 14,VEV_4000,XIRECS,1237.0,3
982400,Mark 38,Mark 14,HYDROGEL_PACK,XIRECS,10021.0,5
984100,Mark 38,Mark 14,HYDROGEL_PACK,XIRECS,10020.0,4
984300,SUBMISSION,Mark 38,HYDROGEL_PACK,XIRECS,10005.0,5
986100,Mark 55,Mark 14,VELVETFRUIT_EXTRACT,XIRECS,5226.0,8
986300,Mark 38,Mark 14,VEV_4000,XIRECS,1235.0,2
987900,SUBMISSION,Mark 38,HYDROGEL_PACK,XIRECS,10000.0,5
989000,Mark 38,SUBMISSION,HYDROGEL_PACK,XIRECS,10015.0,4
989800,Mark 01,Mark 22,VEV_5300,XIRECS,17.0,4
989800,Mark 01,Mark 22,VEV_5400,XIRECS,2.0,4
989800,Mark 01,Mark 22,VEV_5500,XIRECS,0.0,4
989800,Mark 01,Mark 22,VEV_6000,XIRECS,0.0,4
989800,Mark 01,Mark 22,VEV_6500,XIRECS,0.0,4
991100,Mark 55,Mark 14,VELVETFRUIT_EXTRACT,XIRECS,5227.0,5
991200,Mark 55,Mark 01,VELVETFRUIT_EXTRACT,XIRECS,5226.0,6
991300,Mark 55,Mark 14,VELVETFRUIT_EXTRACT,XIRECS,5225.0,4
992200,Mark 01,Mark 55,VELVETFRUIT_EXTRACT,XIRECS,5219.0,7
993000,Mark 38,SUBMISSION,HYDROGEL_PACK,XIRECS,10011.0,3
994900,Mark 38,Mark 14,VEV_4000,XIRECS,1232.0,2
995000,Mark 67,Mark 49,VELVETFRUIT_EXTRACT,XIRECS,5221.0,9
995900,Mark 38,Mark 14,HYDROGEL_PACK,XIRECS,10011.0,4
997200,Mark 14,Mark 38,VEV_4000,XIRECS,1215.0,1
997400,Mark 01,Mark 55,VELVETFRUIT_EXTRACT,XIRECS,5221.0,7
998700,Mark 14,Mark 38,VEV_4000,XIRECS,1212.0,3
998900,Mark 38,Mark 14,HYDROGEL_PACK,XIRECS,10010.0,4
998900,Mark 55,Mark 14,VELVETFRUIT_EXTRACT,XIRECS,5223.0,4
999200,Mark 14,Mark 55,VELVETFRUIT_EXTRACT,XIRECS,5220.0,3
