timestamp,buyer,seller,symbol,currency,price,quantity
0,SUBMISSION,,VEV_5100,XIRECS,204.0,7
0,SUBMISSION,,VEV_5200,XIRECS,121.0,14
0,SUBMISSION,,VEV_5200,XIRECS,121.0,7
0,SUBMISSION,,VEV_5300,XIRECS,59.0,7
100,SUBMISSION,,VEV_5100,XIRECS,205.0,20
100,SUBMISSION,,VEV_5100,XIRECS,205.0,7
100,SUBMISSION,,VEV_5200,XIRECS,121.0,7
100,SUBMISSION,,VEV_5300,XIRECS,60.0,10
100,SUBMISSION,,VEV_5300,XIRECS,60.0,8
200,SUBMISSION,,VEV_5100,XIRECS,205.0,6
200,SUBMISSION,,VEV_5200,XIRECS,122.0,14
200,SUBMISSION,,VEV_5200,XIRECS,122.0,6
200,SUBMISSION,,VEV_5300,XIRECS,60.0,14
200,SUBMISSION,,VEV_5300,XIRECS,60.0,7
300,SUBMISSION,,VEV_5100,XIRECS,205.0,12
300,SUBMISSION,,VEV_5200,XIRECS,122.0,18
300,SUBMISSION,,VEV_5200,XIRECS,122.0,7
300,SUBMISSION,,VEV_5300,XIRECS,60.0,19
300,SUBMISSION,,VEV_5300,XIRECS,60.0,8
400,SUBMISSION,,VEV_5100,XIRECS,204.0,3
400,SUBMISSION,,VEV_5200,XIRECS,121.0,13
400,SUBMISSION,,VEV_5200,XIRECS,121.0,11
400,SUBMISSION,,VEV_5300,XIRECS,59.0,9
400,SUBMISSION,,VEV_5400,XIRECS,21.0,19
400,SUBMISSION,,VEV_5400,XIRECS,21.0,9
500,SUBMISSION,,VEV_5100,XIRECS,203.0,3
500,SUBMISSION,,VEV_5200,XIRECS,120.0,8
500,SUBMISSION,,VEV_5300,XIRECS,59.0,16
500,SUBMISSION,,VEV_5300,XIRECS,59.0,10
500,SUBMISSION,,VEV_5400,XIRECS,21.0,16
500,SUBMISSION,,VEV_5400,XIRECS,21.0,10
600,SUBMISSION,,VEV_5200,XIRECS,121.0,13
600,SUBMISSION,,VEV_5200,XIRECS,121.0,7
600,SUBMISSION,,VEV_5300,XIRECS,59.0,20
600,SUBMISSION,,VEV_5300,XIRECS,59.0,9
600,SUBMISSION,,VEV_5400,XIRECS,21.0,20
600,SUBMISSION,,VEV_5400,XIRECS,21.0,9
700,SUBMISSION,,VEV_5200,XIRECS,121.0,8
700,SUBMISSION,,VEV_5300,XIRECS,60.0,18
700,SUBMISSION,,VEV_5300,XIRECS,60.0,5
800,SUBMISSION,,VEV_5200,XIRECS,122.0,6
800,SUBMISSION,,VEV_5300,XIRECS,60.0,10
800,SUBMISSION,,VEV_5300,XIRECS,60.0,5
900,SUBMISSION,,VEV_5200,XIRECS,122.0,13
900,SUBMISSION,,VEV_5200,XIRECS,122.0,9
900,SUBMISSION,,VEV_5300,XIRECS,60.0,17
900,SUBMISSION,,VEV_5300,XIRECS,60.0,5
1000,SUBMISSION,,VEV_5200,XIRECS,122.0,23
1000,SUBMISSION,,VEV_5200,XIRECS,122.0,9
1000,SUBMISSION,,VEV_5300,XIRECS,60.0,12
1000,SUBMISSION,,VEV_5300,XIRECS,60.0,10
1100,SUBMISSION,,VEV_5200,XIRECS,123.0,14
1100,SUBMISSION,,VEV_5300,XIRECS,61.0,18
1100,SUBMISSION,,VEV_5300,XIRECS,61.0,6
1100,SUBMISSION,,VEV_5400,XIRECS,22.0,18
1100,SUBMISSION,,VEV_5400,XIRECS,22.0,6
1200,SUBMISSION,,VEV_5300,XIRECS,61.0,11
1200,SUBMISSION,,VEV_5400,XIRECS,22.0,17
1200,SUBMISSION,,VEV_5400,XIRECS,22.0,9
1300,SUBMISSION,,VEV_5400,XIRECS,22.0,18
1300,SUBMISSION,,VEV_5400,XIRECS,22.0,5
1400,SUBMISSION,,VEV_5400,XIRECS,22.0,16
1400,SUBMISSION,,VEV_5400,XIRECS,22.0,6
1500,SUBMISSION,,VEV_5400,XIRECS,22.0,14
1700,,,VEV_4000,XIRECS,1287.0,2
4400,,SUBMISSION,HYDROGEL_PACK,XIRECS,10027.0,6
4500,,,HYDROGEL_PACK,XIRECS,10010.0,3
4700,SUBMISSION,,VEV_5100,XIRECS,205.0,1
4700,SUBMISSION,,VEV_5200,XIRECS,122.0,24
4700,SUBMISSION,,VEV_5200,XIRECS,122.0,11
4700,SUBMISSION,,VEV_5300,XIRECS,60.0,19
4700,SUBMISSION,,VEV_5300,XIRECS,60.0,9
4800,SUBMISSION,,VEV_5300,XIRECS,59.0,8
4900,SUBMISSION,,VEV_5300,XIRECS,59.0,1
5200,SUBMISSION,,VEV_5400,XIRECS,21.0,14
5200,SUBMISSION,,VEV_5400,XIRECS,21.0,9
5800,SUBMISSION,,VEV_5200,XIRECS,122.0,2
5800,SUBMISSION,,VEV_5300,XIRECS,60.0,9
6200,SUBMISSION,,VEV_5400,XIRECS,22.0,8
6300,SUBMISSION,,VEV_5100,XIRECS,205.0,3
7700,SUBMISSION,,VEV_5400,XIRECS,22.0,10
8100,,,HYDROGEL_PACK,XIRECS,10008.0,5
8700,,SUBMISSION,VEV_5100,XIRECS,204.0,2
8700,,SUBMISSION,VEV_5200,XIRECS,121.0,2
8700,,SUBMISSION,VEV_5300,XIRECS,60.0,2
8700,,,VEV_4000,XIRECS,1310.0,2
10600,,,VELVETFRUIT_EXTRACT,XIRECS,5296.0,3
14200,,,VELVETFRUIT_EXTRACT,XIRECS,5293.0,5
15400,SUBMISSION,,VELVETFRUIT_EXTRACT,XIRECS,5286.0,5
17100,,,VELVETFRUIT_EXTRACT,XIRECS,5283.0,5
17300,SUBMISSION,,VELVETFRUIT_EXTRACT,XIRECS,5285.0,5
17600,SUBMISSION,,VEV_5100,XIRECS,193.0,14
17600,SUBMISSION,,VEV_5100,XIRECS,193.0,11
17600,SUBMISSION,,VEV_5200,XIRECS,112.0,14
17600,SUBMISSION,,VEV_5200,XIRECS,112.0,2
17700,SUBMISSION,,VEV_5100,XIRECS,193.0,9
17800,SUBMISSION,,VEV_5100,XIRECS,193.0,4
17900,SUBMISSION,,VELVETFRUIT_EXTRACT,XIRECS,5285.0,5
17900,SUBMISSION,,VEV_5100,XIRECS,193.0,4
18000,SUBMISSION,,VELVETFRUIT_EXTRACT,XIRECS,5285.0,5
18400,SUBMISSION,,VELVETFRUIT_EXTRACT,XIRECS,5284.0,5
18500,SUBMISSION,,VELVETFRUIT_EXTRACT,XIRECS,5282.0,5
18600,SUBMISSION,,VELVETFRUIT_EXTRACT,XIRECS,5280.0,5
18600,SUBMISSION,,VEV_5100,XIRECS,188.0,4
18600,,,VELVETFRUIT_EXTRACT,XIRECS,5275.0,3
18700,SUBMISSION,,VELVETFRUIT_EXTRACT,XIRECS,5279.0,5
18700,SUBMISSION,,VEV_5100,XIRECS,187.0,1
18700,,,HYDROGEL_PACK,XIRECS,10004.0,2
18800,SUBMISSION,,VELVETFRUIT_EXTRACT,XIRECS,5277.0,5
18800,SUBMISSION,,VEV_5100,XIRECS,185.0,6
18900,SUBMISSION,,VELVETFRUIT_EXTRACT,XIRECS,5276.0,5
19000,SUBMISSION,,VELVETFRUIT_EXTRACT,XIRECS,5276.0,5
19100,SUBMISSION,,VELVETFRUIT_EXTRACT,XIRECS,5275.0,5
19200,,SUBMISSION,HYDROGEL_PACK,XIRECS,10019.0,4
19200,SUBMISSION,,VELVETFRUIT_EXTRACT,XIRECS,5276.0,5
19300,SUBMISSION,,VELVETFRUIT_EXTRACT,XIRECS,5276.0,5
19400,SUBMISSION,,VELVETFRUIT_EXTRACT,XIRECS,5277.0,5
19500,,SUBMISSION,HYDROGEL_PACK,XIRECS,10018.0,2
19500,SUBMISSION,,VELVETFRUIT_EXTRACT,XIRECS,5278.0,5
19600,SUBMISSION,,VELVETFRUIT_EXTRACT,XIRECS,5277.0,5
19700,SUBMISSION,,VELVETFRUIT_EXTRACT,XIRECS,5277.0,5
19800,SUBMISSION,,VELVETFRUIT_EXTRACT,XIRECS,5277.0,5
19900,SUBMISSION,,VELVETFRUIT_EXTRACT,XIRECS,5277.0,5
20000,SUBMISSION,,VELVETFRUIT_EXTRACT,XIRECS,5279.0,5
20100,SUBMISSION,,VELVETFRUIT_EXTRACT,XIRECS,5279.0,5
20100,,,VELVETFRUIT_EXTRACT,XIRECS,5279.0,5
20200,SUBMISSION,,VELVETFRUIT_EXTRACT,XIRECS,5279.0,5
20300,SUBMISSION,,VELVETFRUIT_EXTRACT,XIRECS,5279.0,5
20400,SUBMISSION,,VELVETFRUIT_EXTRACT,XIRECS,5278.0,5
20500,SUBMISSION,,VELVETFRUIT_EXTRACT,XIRECS,5278.0,5
20600,SUBMISSION,,VELVETFRUIT_EXTRACT,XIRECS,5278.0,5
20700,SUBMISSION,,VELVETFRUIT_EXTRACT,XIRECS,5278.0,5
20800,SUBMISSION,,VELVETFRUIT_EXTRACT,XIRECS,5278.0,5
20900,SUBMISSION,,VELVETFRUIT_EXTRACT,XIRECS,5277.0,5
21000,SUBMISSION,,VELVETFRUIT_EXTRACT,XIRECS,5277.0,5
21100,SUBMISSION,,VELVETFRUIT_EXTRACT,XIRECS,5276.0,5
21200,SUBMISSION,,VELVETFRUIT_EXTRACT,XIRECS,5275.0,5
21300,SUBMISSION,,VELVETFRUIT_EXTRACT,XIRECS,5275.0,5
21400,SUBMISSION,,VELVETFRUIT_EXTRACT,XIRECS,5277.0,5
21500,SUBMISSION,,VELVETFRUIT_EXTRACT,XIRECS,5277.0,5
21600,SUBMISSION,,VELVETFRUIT_EXTRACT,XIRECS,5277.0,5
21700,SUBMISSION,,VELVETFRUIT_EXTRACT,XIRECS,5278.0,5
22300,,SUBMISSION,HYDROGEL_PACK,XIRECS,10036.0,4
22300,SUBMISSION,,VELVETFRUIT_EXTRACT,XIRECS,5277.0,5
22500,,SUBMISSION,HYDROGEL_PACK,XIRECS,10025.0,12
22500,,SUBMISSION,HYDROGEL_PACK,XIRECS,10022.0,27
22500,,SUBMISSION,HYDROGEL_PACK,XIRECS,10040.0,6
22600,SUBMISSION,,VELVETFRUIT_EXTRACT,XIRECS,5277.0,5
22800,,SUBMISSION,VEV_5100,XIRECS,180.0,3
22800,,SUBMISSION,VEV_5200,XIRECS,102.0,3
22800,,SUBMISSION,VEV_5300,XIRECS,48.0,3
22800,,,VEV_4000,XIRECS,1283.0,3
23900,,,HYDROGEL_PACK,XIRECS,10022.0,2
24500,,,HYDROGEL_PACK,XIRECS,10026.0,5
25600,,,HYDROGEL_PACK,XIRECS,10026.0,3
28000,,,VELVETFRUIT_EXTRACT,XIRECS,5275.0,5
28400,,SUBMISSION,HYDROGEL_PACK,XIRECS,10036.0,3
28500,,,VELVETFRUIT_EXTRACT,XIRECS,5271.0,7
30400,SUBMISSION,,VEV_5100,XIRECS,178.0,11
30400,SUBMISSION,,VEV_5200,XIRECS,100.0,11
30400,SUBMISSION,,VEV_5300,XIRECS,46.0,5
30500,SUBMISSION,,VEV_5100,XIRECS,177.0,11
30500,SUBMISSION,,VEV_5200,XIRECS,100.0,7
30600,SUBMISSION,,VEV_5100,XIRECS,176.0,7
30700,SUBMISSION,,VEV_5100,XIRECS,177.0,12
31300,,,HYDROGEL_PACK,XIRECS,10032.0,3
31400,,,VELVETFRUIT_EXTRACT,XIRECS,5264.0,7
32700,,,VELVETFRUIT_EXTRACT,XIRECS,5265.0,5
32900,,,VEV_5300,XIRECS,45.0,3
32900,,,VEV_5400,XIRECS,14.0,3
32900,,,VEV_5500,XIRECS,4.0,3
32900,,,VEV_6000,XIRECS,0.0,3
32900,,,VEV_6500,XIRECS,0.0,3
33000,SUBMISSION,,VEV_5100,XIRECS,180.0,1
33400,,,VELVETFRUIT_EXTRACT,XIRECS,5268.0,3
33600,,,VEV_5300,XIRECS,46.0,2
33600,,,VEV_5400,XIRECS,15.0,2
33600,,,VEV_5500,XIRECS,4.0,2
33600,,,VEV_6000,XIRECS,0.0,2
33600,,,VEV_6500,XIRECS,0.0,2
33900,SUBMISSION,,HYDROGEL_PACK,XIRECS,10029.0,3
34200,,,HYDROGEL_PACK,XIRECS,10039.0,6
35100,SUBMISSION,,HYDROGEL_PACK,XIRECS,10025.0,2
35500,SUBMISSION,,HYDROGEL_PACK,XIRECS,10025.0,5
37000,,,VEV_5400,XIRECS,15.0,5
37000,,,VEV_5500,XIRECS,4.0,5
37000,,,VEV_6000,XIRECS,0.0,5
37000,,,VEV_6500,XIRECS,0.0,5
37100,SUBMISSION,,HYDROGEL_PACK,XIRECS,10016.0,3
38400,SUBMISSION,,HYDROGEL_PACK,XIRECS,10017.0,4
38600,SUBMISSION,,HYDROGEL_PACK,XIRECS,10015.0,5
39100,,,VELVETFRUIT_EXTRACT,XIRECS,5258.0,5
39500,,,VELVETFRUIT_EXTRACT,XIRECS,5257.0,4
39800,,,VELVETFRUIT_EXTRACT,XIRECS,5262.0,3
40200,SUBMISSION,,VEV_5100,XIRECS,169.0,3
40200,,,VEV_5300,XIRECS,41.0,3
40200,,,VEV_5400,XIRECS,13.0,3
40200,,,VEV_6000,XIRECS,0.0,3
40200,,,VEV_6500,XIRECS,0.0,3
40300,SUBMISSION,,VEV_5100,XIRECS,172.0,9
40300,SUBMISSION,,VEV_5200,XIRECS,95.0,7
40400,SUBMISSION,,VEV_5100,XIRECS,171.0,2
40500,SUBMISSION,,VEV_5100,XIRECS,169.0,3
40500,SUBMISSION,,VEV_5200,XIRECS,93.0,8
40600,SUBMISSION,,VEV_5100,XIRECS,168.0,5
40700,SUBMISSION,,VEV_5100,XIRECS,166.0,6
40700,SUBMISSION,,VEV_5200,XIRECS,91.0,4
40800,SUBMISSION,,VEV_5200,XIRECS,90.0,1
41600,SUBMISSION,,VEV_5200,XIRECS,90.0,1
42000,SUBMISSION,,VEV_5100,XIRECS,163.0,4
42000,SUBMISSION,,VEV_5200,XIRECS,88.0,4
42400,SUBMISSION,,VEV_5100,XIRECS,161.0,1
42400,SUBMISSION,,VEV_5200,XIRECS,87.0,2
42900,SUBMISSION,,VEV_5100,XIRECS,160.0,3
43200,,,VELVETFRUIT_EXTRACT,XIRECS,5249.0,6
43600,,,VEV_4000,XIRECS,1240.0,1
45100,SUBMISSION,,VEV_5000,XIRECS,255.0,1
45300,,SUBMISSION,VEV_5000,XIRECS,250.0,1
45600,,,VEV_5400,XIRECS,11.0,4
45600,,,VEV_5500,XIRECS,3.0,4
45600,,,VEV_6000,XIRECS,0.0,4
45600,,,VEV_6500,XIRECS,0.0,4
47000,SUBMISSION,,VEV_5100,XIRECS,161.0,5
47200,,,VEV_5400,XIRECS,11.0,3
47200,,,VEV_5500,XIRECS,3.0,3
47200,,,VEV_6000,XIRECS,0.0,3
47200,,,VEV_6500,XIRECS,0.0,3
47700,SUBMISSION,,VEV_5000,XIRECS,255.0,1
47900,,SUBMISSION,VEV_5000,XIRECS,250.0,2
48000,SUBMISSION,,VEV_5000,XIRECS,255.0,1
48200,,,VELVETFRUIT_EXTRACT,XIRECS,5248.0,7
49700,,,VELVETFRUIT_EXTRACT,XIRECS,5250.0,7
50000,,,VELVETFRUIT_EXTRACT,XIRECS,5256.0,4
50700,SUBMISSION,,HYDROGEL_PACK,XIRECS,10033.0,5
52300,SUBMISSION,,HYDROGEL_PACK,XIRECS,10035.0,6
52900,SUBMISSION,,VEV_5000,XIRECS,255.0,1
53000,,SUBMISSION,VEV_5000,XIRECS,250.0,2
53100,SUBMISSION,,VEV_5000,XIRECS,256.0,2
53200,,SUBMISSION,VEV_5000,XIRECS,251.0,2
53300,SUBMISSION,,VEV_5000,XIRECS,255.0,1
54400,,,VEV_5400,XIRECS,11.0,2
54400,,,VEV_5500,XIRECS,3.0,2
54400,,,VEV_6000,XIRECS,0.0,2
54400,,,VEV_6500,XIRECS,0.0,2
54800,SUBMISSION,,VEV_5000,XIRECS,255.0,1
55000,,SUBMISSION,VEV_5000,XIRECS,250.0,2
55100,SUBMISSION,,VEV_5000,XIRECS,255.0,1
55100,,,VELVETFRUIT_EXTRACT,XIRECS,5247.0,4
55500,,SUBMISSION,VEV_5000,XIRECS,251.0,1
55600,SUBMISSION,,VEV_5000,XIRECS,257.0,1
55700,,SUBMISSION,VEV_5000,XIRECS,253.0,1
55900,SUBMISSION,,VEV_5000,XIRECS,260.0,2
56000,,SUBMISSION,VEV_5000,XIRECS,251.0,1
56200,SUBMISSION,,HYDROGEL_PACK,XIRECS,10038.0,6
56200,,SUBMISSION,VEV_5000,XIRECS,251.0,1
56400,SUBMISSION,,VEV_5000,XIRECS,258.0,1
56400,,,VELVETFRUIT_EXTRACT,XIRECS,5250.0,5
57600,,SUBMISSION,VELVETFRUIT_EXTRACT,XIRECS,5257.0,5
58100,,SUBMISSION,VELVETFRUIT_EXTRACT,XIRECS,5257.0,5
58300,,,VELVETFRUIT_EXTRACT,XIRECS,5257.0,6
59800,,SUBMISSION,VEV_5000,XIRECS,251.0,1
60200,SUBMISSION,,VEV_5000,XIRECS,257.0,1
60600,,,VEV_4000,XIRECS,1239.0,2
61300,,SUBMISSION,HYDROGEL_PACK,XIRECS,10065.0,6
62400,,,VELVETFRUIT_EXTRACT,XIRECS,5246.0,5
63000,SUBMISSION,,VEV_5000,XIRECS,256.0,1
63800,,SUBMISSION,VEV_5000,XIRECS,248.0,1
64800,SUBMISSION,,HYDROGEL_PACK,XIRECS,10056.0,2
65800,,SUBMISSION,VELVETFRUIT_EXTRACT,XIRECS,5256.0,5
65900,,SUBMISSION,VELVETFRUIT_EXTRACT,XIRECS,5256.0,5
66300,,SUBMISSION,VELVETFRUIT_EXTRACT,XIRECS,5258.0,5
66400,,SUBMISSION,VELVETFRUIT_EXTRACT,XIRECS,5258.0,5
66500,,SUBMISSION,VELVETFRUIT_EXTRACT,XIRECS,5258.0,5
66600,,SUBMISSION,VELVETFRUIT_EXTRACT,XIRECS,5258.0,5
66700,,SUBMISSION,VELVETFRUIT_EXTRACT,XIRECS,5258.0,5
66800,,SUBMISSION,VELVETFRUIT_EXTRACT,XIRECS,5259.0,5
67300,,SUBMISSION,VELVETFRUIT_EXTRACT,XIRECS,5259.0,5
67400,,SUBMISSION,VELVETFRUIT_EXTRACT,XIRECS,5258.0,5
67600,,,VELVETFRUIT_EXTRACT,XIRECS,5261.0,7
67900,SUBMISSION,,VEV_5500,XIRECS,5.0,1
68000,,SUBMISSION,VEV_5500,XIRECS,3.0,1
68000,,,VELVETFRUIT_EXTRACT,XIRECS,5261.0,5
69000,SUBMISSION,,HYDROGEL_PACK,XIRECS,10037.0,4
69400,,,VELVETFRUIT_EXTRACT,XIRECS,5255.0,8
69900,,,VEV_5400,XIRECS,12.0,5
69900,,,VEV_5500,XIRECS,3.0,5
69900,,,VEV_6000,XIRECS,0.0,5
69900,,,VEV_6500,XIRECS,0.0,5
70100,,,VEV_5400,XIRECS,12.0,5
70100,,,VEV_5500,XIRECS,3.0,5
70100,,,VEV_6000,XIRECS,0.0,5
70100,,,VEV_6500,XIRECS,0.0,5
70200,,SUBMISSION,VEV_5100,XIRECS,166.0,1
70200,,SUBMISSION,VEV_5200,XIRECS,91.0,1
70200,,SUBMISSION,VEV_5300,XIRECS,41.0,1
70200,,,VEV_4000,XIRECS,1267.0,1
70300,,,VEV_5400,XIRECS,12.0,4
70300,,,VEV_5500,XIRECS,3.0,4
70300,,,VEV_6000,XIRECS,0.0,4
70300,,,VEV_6500,XIRECS,0.0,4
71300,SUBMISSION,,VEV_5300,XIRECS,42.0,1
71500,,SUBMISSION,VELVETFRUIT_EXTRACT,XIRECS,5259.0,5
71800,,SUBMISSION,VELVETFRUIT_EXTRACT,XIRECS,5261.0,5
71900,,SUBMISSION,VELVETFRUIT_EXTRACT,XIRECS,5263.0,5
72000,,SUBMISSION,VELVETFRUIT_EXTRACT,XIRECS,5263.0,5
72100,,SUBMISSION,VELVETFRUIT_EXTRACT,XIRECS,5263.0,5
72200,,SUBMISSION,VELVETFRUIT_EXTRACT,XIRECS,5262.0,5
72300,,SUBMISSION,VELVETFRUIT_EXTRACT,XIRECS,5262.0,5
72400,,SUBMISSION,VELVETFRUIT_EXTRACT,XIRECS,5261.0,5
72500,,SUBMISSION,VELVETFRUIT_EXTRACT,XIRECS,5262.0,5
72600,,SUBMISSION,VELVETFRUIT_EXTRACT,XIRECS,5261.0,5
72700,,SUBMISSION,VELVETFRUIT_EXTRACT,XIRECS,5261.0,5
72800,,SUBMISSION,VELVETFRUIT_EXTRACT,XIRECS,5261.0,5
73000,,SUBMISSION,VELVETFRUIT_EXTRACT,XIRECS,5263.0,5
73100,,SUBMISSION,VELVETFRUIT_EXTRACT,XIRECS,5263.0,5
73200,,SUBMISSION,VELVETFRUIT_EXTRACT,XIRECS,5264.0,5
73300,,SUBMISSION,VELVETFRUIT_EXTRACT,XIRECS,5262.0,5
74300,,,VEV_5300,XIRECS,41.0,3
74300,,,VEV_5400,XIRECS,12.0,3
74300,,,VEV_6000,XIRECS,0.0,3
74300,,,VEV_6500,XIRECS,0.0,3
74900,,,VELVETFRUIT_EXTRACT,XIRECS,5257.0,8
76100,,,VEV_4000,XIRECS,1247.0,2
77100,,,VELVETFRUIT_EXTRACT,XIRECS,5255.0,5
77300,,,VELVETFRUIT_EXTRACT,XIRECS,5256.0,8
77300,,,VELVETFRUIT_EXTRACT,XIRECS,5256.0,6
77600,,,VELVETFRUIT_EXTRACT,XIRECS,5255.0,7
78900,,,VELVETFRUIT_EXTRACT,XIRECS,5256.0,6
79900,,SUBMISSION,HYDROGEL_PACK,XIRECS,10049.0,6
80000,,,VELVETFRUIT_EXTRACT,XIRECS,5257.0,8
81600,,SUBMISSION,HYDROGEL_PACK,XIRECS,10035.0,12
81600,,SUBMISSION,HYDROGEL_PACK,XIRECS,10032.0,20
83500,,,HYDROGEL_PACK,XIRECS,10055.0,5
84100,SUBMISSION,,VEV_5000,XIRECS,262.0,1
84100,,,VELVETFRUIT_EXTRACT,XIRECS,5254.0,3
84700,,SUBMISSION,VEV_5000,XIRECS,251.0,2
84900,SUBMISSION,,HYDROGEL_PACK,XIRECS,10041.0,5
85000,SUBMISSION,,VELVETFRUIT_EXTRACT,XIRECS,5248.0,5
85000,SUBMISSION,,VEV_5000,XIRECS,254.0,1
85000,,,VELVETFRUIT_EXTRACT,XIRECS,5248.0,1
85200,SUBMISSION,,VELVETFRUIT_EXTRACT,XIRECS,5249.0,5
85300,SUBMISSION,,VEV_5200,XIRECS,86.0,1
86000,SUBMISSION,,VELVETFRUIT_EXTRACT,XIRECS,5249.0,5
86100,,,VELVETFRUIT_EXTRACT,XIRECS,5244.0,6
86200,SUBMISSION,,VELVETFRUIT_EXTRACT,XIRECS,5248.0,5
86400,SUBMISSION,,VELVETFRUIT_EXTRACT,XIRECS,5248.0,5
86500,SUBMISSION,,VELVETFRUIT_EXTRACT,XIRECS,5248.0,5
86600,SUBMISSION,,VELVETFRUIT_EXTRACT,XIRECS,5247.0,5
87100,SUBMISSION,,HYDROGEL_PACK,XIRECS,10035.0,4
87300,,,VEV_5400,XIRECS,10.0,3
87300,,,VEV_5500,XIRECS,3.0,3
87300,,,VEV_6000,XIRECS,0.0,3
87300,,,VEV_6500,XIRECS,0.0,3
87400,,,VELVETFRUIT_EXTRACT,XIRECS,5245.0,6
88200,,SUBMISSION,VEV_5100,XIRECS,157.0,3
88200,,SUBMISSION,VEV_5200,XIRECS,84.0,3
88200,,SUBMISSION,VEV_5300,XIRECS,37.0,3
88200,,,VEV_4000,XIRECS,1257.0,3
88300,,,VELVETFRUIT_EXTRACT,XIRECS,5245.0,6
88800,SUBMISSION,,VEV_5200,XIRECS,86.0,3
88800,SUBMISSION,,VEV_5300,XIRECS,38.0,3
89600,,SUBMISSION,VEV_5100,XIRECS,158.0,1
89600,,,VEV_4000,XIRECS,1257.0,2
89800,,SUBMISSION,HYDROGEL_PACK,XIRECS,10044.0,4
91700,,,VELVETFRUIT_EXTRACT,XIRECS,5250.0,6
92200,,,VEV_5300,XIRECS,40.0,3
92200,,,VEV_5400,XIRECS,12.0,3
92200,,,VEV_5500,XIRECS,3.0,3
92200,,,VEV_6000,XIRECS,0.0,3
92200,,,VEV_6500,XIRECS,0.0,3
92700,,,VELVETFRUIT_EXTRACT,XIRECS,5261.0,5
93700,,,VELVETFRUIT_EXTRACT,XIRECS,5259.0,4
95200,,SUBMISSION,HYDROGEL_PACK,XIRECS,10042.0,5
95700,,,VELVETFRUIT_EXTRACT,XIRECS,5259.0,8
96600,,,VELVETFRUIT_EXTRACT,XIRECS,5253.0,4
98400,,,VELVETFRUIT_EXTRACT,XIRECS,5258.0,8
98900,,,VEV_5200,XIRECS,88.0,3
98900,,,VEV_5300,XIRECS,39.0,3
98900,,,VEV_5400,XIRECS,11.0,3
98900,,,VEV_5500,XIRECS,3.0,3
98900,,,VEV_6000,XIRECS,0.0,3
98900,,,VEV_6500,XIRECS,0.0,3
99400,,,VELVETFRUIT_EXTRACT,XIRECS,5253.0,12
100500,SUBMISSION,,HYDROGEL_PACK,XIRECS,10011.0,6
101300,,,VELVETFRUIT_EXTRACT,XIRECS,5258.0,4
101900,,,VELVETFRUIT_EXTRACT,XIRECS,5250.0,3
102200,,,VELVETFRUIT_EXTRACT,XIRECS,5253.0,4
103700,,,VELVETFRUIT_EXTRACT,XIRECS,5251.0,8
103800,,,VELVETFRUIT_EXTRACT,XIRECS,5251.0,8
104600,,SUBMISSION,VEV_5100,XIRECS,161.0,1
104600,,SUBMISSION,VEV_5200,XIRECS,86.0,1
104600,,SUBMISSION,VEV_5300,XIRECS,38.0,1
104600,,,VEV_4000,XIRECS,1261.0,1
106000,SUBMISSION,,VEV_5200,XIRECS,84.0,1
106200,SUBMISSION,,VEV_5300,XIRECS,38.0,1
106300,SUBMISSION,,VEV_5100,XIRECS,161.0,4
106800,,,VEV_4000,XIRECS,1239.0,2
108400,,,HYDROGEL_PACK,XIRECS,10026.0,5
108800,,,VEV_4000,XIRECS,1244.0,3
109400,,,VELVETFRUIT_EXTRACT,XIRECS,5252.0,8
109500,,,HYDROGEL_PACK,XIRECS,10013.0,6
110200,,,HYDROGEL_PACK,XIRECS,10019.0,5
111400,SUBMISSION,,VEV_5100,XIRECS,161.0,3
111400,,,VELVETFRUIT_EXTRACT,XIRECS,5245.0,4
111600,,SUBMISSION,VEV_5500,XIRECS,2.0,1
111600,,,VELVETFRUIT_EXTRACT,XIRECS,5244.0,6
111700,SUBMISSION,,VEV_5500,XIRECS,4.0,1
112200,SUBMISSION,,VEV_5000,XIRECS,248.0,1
112400,,SUBMISSION,HYDROGEL_PACK,XIRECS,10037.0,4
112400,,SUBMISSION,VEV_5000,XIRECS,241.0,1
112500,SUBMISSION,,VELVETFRUIT_EXTRACT,XIRECS,5243.0,5
112700,SUBMISSION,,VELVETFRUIT_EXTRACT,XIRECS,5242.0,5
112800,SUBMISSION,,VELVETFRUIT_EXTRACT,XIRECS,5242.0,5
112900,SUBMISSION,,VELVETFRUIT_EXTRACT,XIRECS,5241.0,5
113000,SUBMISSION,,VELVETFRUIT_EXTRACT,XIRECS,5241.0,5
113100,SUBMISSION,,VELVETFRUIT_EXTRACT,XIRECS,5237.0,5
113100,SUBMISSION,,VEV_5100,XIRECS,152.0,5
113100,,,VELVETFRUIT_EXTRACT,XIRECS,5237.0,5
113200,SUBMISSION,,VELVETFRUIT_EXTRACT,XIRECS,5239.0,5
113300,SUBMISSION,,VELVETFRUIT_EXTRACT,XIRECS,5239.0,5
113400,SUBMISSION,,VELVETFRUIT_EXTRACT,XIRECS,5238.0,5
113500,SUBMISSION,,VELVETFRUIT_EXTRACT,XIRECS,5237.0,5
113600,SUBMISSION,,VELVETFRUIT_EXTRACT,XIRECS,5238.0,5
113700,SUBMISSION,,VELVETFRUIT_EXTRACT,XIRECS,5239.0,5
113800,SUBMISSION,,VELVETFRUIT_EXTRACT,XIRECS,5240.0,5
113900,SUBMISSION,,VELVETFRUIT_EXTRACT,XIRECS,5240.0,5
115000,SUBMISSION,,VELVETFRUIT_EXTRACT,XIRECS,5239.0,5
115000,,,VELVETFRUIT_EXTRACT,XIRECS,5239.0,4
117400,SUBMISSION,,VELVETFRUIT_EXTRACT,XIRECS,5231.0,5
117400,SUBMISSION,,VEV_5100,XIRECS,148.0,7
117400,,,VELVETFRUIT_EXTRACT,XIRECS,5231.0,4
117500,SUBMISSION,,VELVETFRUIT_EXTRACT,XIRECS,5236.0,5
117800,,SUBMISSION,VEV_5100,XIRECS,148.0,1
117800,,SUBMISSION,VEV_5200,XIRECS,77.0,1
117800,,,VEV_4000,XIRECS,1247.0,1
117900,SUBMISSION,,VEV_5200,XIRECS,78.0,1
118100,SUBMISSION,,VELVETFRUIT_EXTRACT,XIRECS,5235.0,5
118500,,SUBMISSION,HYDROGEL_PACK,XIRECS,10042.0,5
118700,,,VEV_5400,XIRECS,9.0,4
118700,,,VEV_5500,XIRECS,2.0,4
118700,,,VEV_6000,XIRECS,0.0,4
118700,,,VEV_6500,XIRECS,0.0,4
119000,,,HYDROGEL_PACK,XIRECS,10028.0,6
119700,,,VELVETFRUIT_EXTRACT,XIRECS,5241.0,6
119900,SUBMISSION,,HYDROGEL_PACK,XIRECS,10023.0,2
121500,,,HYDROGEL_PACK,XIRECS,10030.0,4
121800,,,VELVETFRUIT_EXTRACT,XIRECS,5243.0,8
122400,,,VELVETFRUIT_EXTRACT,XIRECS,5241.0,5
122600,SUBMISSION,,HYDROGEL_PACK,XIRECS,10013.0,4
123100,,SUBMISSION,VEV_5100,XIRECS,155.0,3
123100,,SUBMISSION,VEV_5300,XIRECS,36.0,2
123100,,,VEV_4000,XIRECS,1255.0,3
123700,SUBMISSION,,HYDROGEL_PACK,XIRECS,10011.0,2
124700,,,VELVETFRUIT_EXTRACT,XIRECS,5242.0,4
125300,,SUBMISSION,HYDROGEL_PACK,XIRECS,10028.0,4
125700,,SUBMISSION,VEV_5100,XIRECS,150.0,1
125700,,SUBMISSION,VEV_5200,XIRECS,78.0,1
125700,,SUBMISSION,VEV_5300,XIRECS,34.0,1
125700,,,VEV_4000,XIRECS,1249.0,1
125800,SUBMISSION,,VEV_5200,XIRECS,80.0,1
126600,SUBMISSION,,HYDROGEL_PACK,XIRECS,10021.0,6
126600,,,VEV_5400,XIRECS,9.0,5
126600,,,VEV_5500,XIRECS,2.0,5
126600,,,VEV_6000,XIRECS,0.0,5
126600,,,VEV_6500,XIRECS,0.0,5
127100,,,VELVETFRUIT_EXTRACT,XIRECS,5242.0,7
128200,,SUBMISSION,HYDROGEL_PACK,XIRECS,10028.0,2
128700,,,VEV_5200,XIRECS,77.0,3
128700,,,VEV_5300,XIRECS,33.0,3
128700,,,VEV_5400,XIRECS,9.0,3
128700,,,VEV_5500,XIRECS,2.0,3
128700,,,VEV_6000,XIRECS,0.0,3
128700,,,VEV_6500,XIRECS,0.0,3
129000,,,VELVETFRUIT_EXTRACT,XIRECS,5240.0,8
129800,,,VEV_4000,XIRECS,1233.0,1
130000,SUBMISSION,,HYDROGEL_PACK,XIRECS,10015.0,4
130500,SUBMISSION,,VEV_5300,XIRECS,38.0,3
130600,,SUBMISSION,VELVETFRUIT_EXTRACT,XIRECS,5245.0,5
130700,,SUBMISSION,HYDROGEL_PACK,XIRECS,10025.0,2
130800,,,VELVETFRUIT_EXTRACT,XIRECS,5247.0,9
131000,,SUBMISSION,VELVETFRUIT_EXTRACT,XIRECS,5245.0,5
131100,SUBMISSION,,VEV_5000,XIRECS,253.0,1
131200,,SUBMISSION,VELVETFRUIT_EXTRACT,XIRECS,5247.0,5
131300,,SUBMISSION,VELVETFRUIT_EXTRACT,XIRECS,5246.0,5
131400,,SUBMISSION,VEV_5000,XIRECS,247.0,1
131500,,SUBMISSION,HYDROGEL_PACK,XIRECS,10019.0,5
131500,,SUBMISSION,VELVETFRUIT_EXTRACT,XIRECS,5246.0,5
131700,,SUBMISSION,VELVETFRUIT_EXTRACT,XIRECS,5246.0,5
131800,,SUBMISSION,VELVETFRUIT_EXTRACT,XIRECS,5247.0,5
131900,,SUBMISSION,VELVETFRUIT_EXTRACT,XIRECS,5248.0,5
132000,,SUBMISSION,VELVETFRUIT_EXTRACT,XIRECS,5248.0,5
132100,,SUBMISSION,VELVETFRUIT_EXTRACT,XIRECS,5248.0,5
132100,,,VEV_5400,XIRECS,10.0,4
132100,,,VEV_5500,XIRECS,3.0,4
132100,,,VEV_6000,XIRECS,0.0,4
132100,,,VEV_6500,XIRECS,0.0,4
132200,,SUBMISSION,VELVETFRUIT_EXTRACT,XIRECS,5247.0,5
132300,,SUBMISSION,VELVETFRUIT_EXTRACT,XIRECS,5247.0,5
132500,,SUBMISSION,VELVETFRUIT_EXTRACT,XIRECS,5248.0,5
132500,,,VELVETFRUIT_EXTRACT,XIRECS,5253.0,3
132600,,SUBMISSION,VELVETFRUIT_EXTRACT,XIRECS,5251.0,5
132700,,SUBMISSION,VELVETFRUIT_EXTRACT,XIRECS,5250.0,5
132800,,SUBMISSION,VELVETFRUIT_EXTRACT,XIRECS,5249.0,5
132900,,SUBMISSION,VELVETFRUIT_EXTRACT,XIRECS,5250.0,5
133000,,SUBMISSION,VELVETFRUIT_EXTRACT,XIRECS,5250.0,5
133100,,SUBMISSION,VELVETFRUIT_EXTRACT,XIRECS,5251.0,5
133200,,SUBMISSION,VELVETFRUIT_EXTRACT,XIRECS,5252.0,5
133300,,SUBMISSION,VELVETFRUIT_EXTRACT,XIRECS,5252.0,5
133400,,SUBMISSION,VELVETFRUIT_EXTRACT,XIRECS,5253.0,5
133500,,SUBMISSION,VELVETFRUIT_EXTRACT,XIRECS,5253.0,5
133600,,SUBMISSION,VELVETFRUIT_EXTRACT,XIRECS,5253.0,5
133700,,SUBMISSION,VELVETFRUIT_EXTRACT,XIRECS,5253.0,5
133800,,SUBMISSION,VELVETFRUIT_EXTRACT,XIRECS,5252.0,5
133900,,SUBMISSION,VELVETFRUIT_EXTRACT,XIRECS,5255.0,5
134000,,SUBMISSION,VELVETFRUIT_EXTRACT,XIRECS,5252.0,5
134100,,SUBMISSION,VELVETFRUIT_EXTRACT,XIRECS,5252.0,5
134200,,SUBMISSION,VELVETFRUIT_EXTRACT,XIRECS,5251.0,5
134300,,SUBMISSION,VELVETFRUIT_EXTRACT,XIRECS,5251.0,5
134400,,SUBMISSION,VELVETFRUIT_EXTRACT,XIRECS,5250.0,5
134500,,SUBMISSION,VELVETFRUIT_EXTRACT,XIRECS,5251.0,5
134600,,SUBMISSION,VELVETFRUIT_EXTRACT,XIRECS,5251.0,5
134800,,SUBMISSION,VELVETFRUIT_EXTRACT,XIRECS,5251.0,5
134900,,SUBMISSION,VELVETFRUIT_EXTRACT,XIRECS,5252.0,5
135000,,SUBMISSION,VELVETFRUIT_EXTRACT,XIRECS,5252.0,5
135100,,SUBMISSION,VELVETFRUIT_EXTRACT,XIRECS,5251.0,5
135900,,,VELVETFRUIT_EXTRACT,XIRECS,5255.0,6
136100,SUBMISSION,,HYDROGEL_PACK,XIRECS,10019.0,6
137700,,,VEV_5300,XIRECS,36.0,4
137700,,,VEV_5400,XIRECS,10.0,4
137700,,,VEV_5500,XIRECS,3.0,4
137700,,,VEV_6000,XIRECS,0.0,4
137700,,,VEV_6500,XIRECS,0.0,4
138200,,SUBMISSION,HYDROGEL_PACK,XIRECS,10022.0,4
139400,,SUBMISSION,VEV_5100,XIRECS,154.0,1
139400,,SUBMISSION,VEV_5200,XIRECS,81.0,1
139400,,SUBMISSION,VEV_5300,XIRECS,35.0,1
139400,,,VEV_4000,XIRECS,1254.0,1
139600,SUBMISSION,,VEV_5200,XIRECS,83.0,1
140700,,SUBMISSION,VEV_5100,XIRECS,152.0,2
140700,,SUBMISSION,VEV_5200,XIRECS,80.0,1
140700,,,VEV_4000,XIRECS,1251.0,2
141100,SUBMISSION,,VEV_5200,XIRECS,79.0,1
141900,,,VELVETFRUIT_EXTRACT,XIRECS,5236.0,6
142700,,SUBMISSION,HYDROGEL_PACK,XIRECS,10014.0,6
142700,,,VEV_5400,XIRECS,9.0,5
142700,,,VEV_5500,XIRECS,2.0,5
142700,,,VEV_6000,XIRECS,0.0,5
142700,,,VEV_6500,XIRECS,0.0,5
143600,,,VELVETFRUIT_EXTRACT,XIRECS,5243.0,4
144500,,,VELVETFRUIT_EXTRACT,XIRECS,5247.0,7
144800,,,VEV_5400,XIRECS,10.0,3
144800,,,VEV_5500,XIRECS,2.0,3
144800,,,VEV_6000,XIRECS,0.0,3
144800,,,VEV_6500,XIRECS,0.0,3
145100,,,VELVETFRUIT_EXTRACT,XIRECS,5243.0,5
145500,,,VEV_4000,XIRECS,1235.0,2
148500,SUBMISSION,,HYDROGEL_PACK,XIRECS,10000.0,3
148800,,,VEV_4000,XIRECS,1234.0,2
150300,SUBMISSION,,HYDROGEL_PACK,XIRECS,9989.0,3
150700,SUBMISSION,,HYDROGEL_PACK,XIRECS,9991.0,3
151400,,SUBMISSION,HYDROGEL_PACK,XIRECS,10014.0,6
151600,,,VELVETFRUIT_EXTRACT,XIRECS,5245.0,7
152300,,,HYDROGEL_PACK,XIRECS,10019.0,4
153500,,,VELVETFRUIT_EXTRACT,XIRECS,5240.0,7
153700,SUBMISSION,,HYDROGEL_PACK,XIRECS,10013.0,3
155400,,SUBMISSION,VEV_5300,XIRECS,34.0,3
155400,,,VEV_4000,XIRECS,1239.0,2
155400,,,VEV_4500,XIRECS,739.0,2
155400,,,VEV_5000,XIRECS,242.0,2
155400,,,VEV_5100,XIRECS,151.0,2
155400,,,VEV_5200,XIRECS,79.0,2
155400,,,VEV_5300,XIRECS,33.0,2
155400,,,VEV_5400,XIRECS,9.0,2
155400,,,VEV_5500,XIRECS,2.0,2
155400,,,VEV_6000,XIRECS,0.0,2
155400,,,VEV_6500,XIRECS,0.0,2
157200,SUBMISSION,,VELVETFRUIT_EXTRACT,XIRECS,5233.0,5
157500,,SUBMISSION,HYDROGEL_PACK,XIRECS,10032.0,6
158000,,,VELVETFRUIT_EXTRACT,XIRECS,5237.0,8
158400,SUBMISSION,,VELVETFRUIT_EXTRACT,XIRECS,5233.0,5
158500,SUBMISSION,,VELVETFRUIT_EXTRACT,XIRECS,5233.0,5
159200,SUBMISSION,,VELVETFRUIT_EXTRACT,XIRECS,5232.0,5
160000,,,VELVETFRUIT_EXTRACT,XIRECS,5236.0,8
160100,,,HYDROGEL_PACK,XIRECS,10044.0,4
161200,SUBMISSION,,VEV_5100,XIRECS,150.0,4
165300,,SUBMISSION,VEV_5100,XIRECS,151.0,3
165300,,SUBMISSION,VEV_5200,XIRECS,79.0,3
165300,,SUBMISSION,VEV_5300,XIRECS,34.0,3
165300,,,VEV_4000,XIRECS,1251.0,3
165500,SUBMISSION,,VEV_5200,XIRECS,80.0,3
165600,,,VELVETFRUIT_EXTRACT,XIRECS,5237.0,6
166000,,,VEV_5400,XIRECS,9.0,5
166000,,,VEV_5500,XIRECS,2.0,5
166000,,,VEV_6000,XIRECS,0.0,5
166000,,,VEV_6500,XIRECS,0.0,5
166900,SUBMISSION,,VEV_5300,XIRECS,36.0,1
167900,,,VEV_4000,XIRECS,1232.0,1
170000,SUBMISSION,,VEV_5300,XIRECS,37.0,3
170200,SUBMISSION,,VEV_5300,XIRECS,37.0,1
170700,SUBMISSION,,VEV_5300,XIRECS,38.0,2
170900,,,VELVETFRUIT_EXTRACT,XIRECS,5249.0,5
172300,,,VEV_5500,XIRECS,3.0,2
172300,,,VEV_6000,XIRECS,0.0,2
172300,,,VEV_6500,XIRECS,0.0,2
173800,,,HYDROGEL_PACK,XIRECS,10037.0,5
174100,,,HYDROGEL_PACK,XIRECS,10040.0,2
174700,,SUBMISSION,VELVETFRUIT_EXTRACT,XIRECS,5248.0,5
174800,,SUBMISSION,VELVETFRUIT_EXTRACT,XIRECS,5248.0,5
174800,,,VELVETFRUIT_EXTRACT,XIRECS,5253.0,5
174900,,SUBMISSION,VELVETFRUIT_EXTRACT,XIRECS,5249.0,5
175100,,SUBMISSION,VEV_5100,XIRECS,158.0,3
175100,,SUBMISSION,VEV_5200,XIRECS,84.0,2
175100,,SUBMISSION,VEV_5300,XIRECS,37.0,2
175100,,SUBMISSION,VEV_5400,XIRECS,11.0,3
175100,,,VEV_4000,XIRECS,1259.0,3
175200,SUBMISSION,,VEV_5200,XIRECS,85.0,1
175200,SUBMISSION,,VEV_5300,XIRECS,38.0,2
175300,,,VELVETFRUIT_EXTRACT,XIRECS,5250.0,7
176700,,,VEV_4000,XIRECS,1238.0,1
177200,SUBMISSION,,HYDROGEL_PACK,XIRECS,10031.0,2
177200,SUBMISSION,,VEV_5200,XIRECS,85.0,1
180300,,SUBMISSION,VEV_5100,XIRECS,157.0,3
180300,,SUBMISSION,VEV_5400,XIRECS,11.0,3
180300,,,VEV_4000,XIRECS,1258.0,3
180800,SUBMISSION,,HYDROGEL_PACK,XIRECS,10019.0,5
181200,,,VEV_4000,XIRECS,1235.0,2
182100,,SUBMISSION,HYDROGEL_PACK,XIRECS,10018.0,6
182100,,,VEV_4000,XIRECS,1237.0,3
182500,SUBMISSION,,HYDROGEL_PACK,XIRECS,10008.0,6
182600,,,VELVETFRUIT_EXTRACT,XIRECS,5245.0,6
183100,,,VEV_4000,XIRECS,1237.0,3
183400,,,HYDROGEL_PACK,XIRECS,10031.0,4
186200,,,VELVETFRUIT_EXTRACT,XIRECS,5242.0,8
189100,SUBMISSION,,HYDROGEL_PACK,XIRECS,9993.0,4
190700,,,VELVETFRUIT_EXTRACT,XIRECS,5247.0,3
191300,,SUBMISSION,VEV_5100,XIRECS,158.0,1
191300,,SUBMISSION,VEV_5200,XIRECS,84.0,1
191300,,SUBMISSION,VEV_5300,XIRECS,37.0,1
191300,,SUBMISSION,VEV_5400,XIRECS,11.0,1
191300,,,VEV_4000,XIRECS,1259.0,1
191900,,,VEV_4000,XIRECS,1236.0,1
192100,SUBMISSION,,VEV_5300,XIRECS,38.0,1
192600,,,VELVETFRUIT_EXTRACT,XIRECS,5247.0,6
194300,SUBMISSION,,VEV_5200,XIRECS,84.0,1
194700,SUBMISSION,,HYDROGEL_PACK,XIRECS,10007.0,3
195800,,,VELVETFRUIT_EXTRACT,XIRECS,5250.0,7
196600,,,VEV_4000,XIRECS,1234.0,1
197500,,,VELVETFRUIT_EXTRACT,XIRECS,5247.0,3
198700,SUBMISSION,,VELVETFRUIT_EXTRACT,XIRECS,5237.0,5
198700,SUBMISSION,,VEV_5100,XIRECS,152.0,7
198700,,,VELVETFRUIT_EXTRACT,XIRECS,5237.0,1
198800,,SUBMISSION,HYDROGEL_PACK,XIRECS,10028.0,5
199000,,,VELVETFRUIT_EXTRACT,XIRECS,5236.0,3
200100,,SUBMISSION,HYDROGEL_PACK,XIRECS,10027.0,3
200800,SUBMISSION,,VELVETFRUIT_EXTRACT,XIRECS,5238.0,5
201600,,,VELVETFRUIT_EXTRACT,XIRECS,5239.0,4
202200,SUBMISSION,,HYDROGEL_PACK,XIRECS,9996.0,5
202500,,SUBMISSION,VEV_5100,XIRECS,148.0,1
202500,,,VEV_4000,XIRECS,1247.0,1
203300,SUBMISSION,,HYDROGEL_PACK,XIRECS,10001.0,4
203400,SUBMISSION,,VELVETFRUIT_EXTRACT,XIRECS,5236.0,5
203500,SUBMISSION,,HYDROGEL_PACK,XIRECS,10004.0,3
203800,,SUBMISSION,VEV_5100,XIRECS,146.0,1
203800,,SUBMISSION,VEV_5300,XIRECS,32.0,1
203800,,,VEV_4000,XIRECS,1245.0,1
203900,SUBMISSION,,VELVETFRUIT_EXTRACT,XIRECS,5233.0,5
203900,SUBMISSION,,VEV_5100,XIRECS,149.0,5
204800,SUBMISSION,,HYDROGEL_PACK,XIRECS,9994.0,4
205100,SUBMISSION,,HYDROGEL_PACK,XIRECS,9987.0,5
205400,,SUBMISSION,HYDROGEL_PACK,XIRECS,10004.0,4
206300,SUBMISSION,,HYDROGEL_PACK,XIRECS,9982.0,6
207500,,,VELVETFRUIT_EXTRACT,XIRECS,5237.0,8
207600,,,VELVETFRUIT_EXTRACT,XIRECS,5237.0,5
208400,,,VELVETFRUIT_EXTRACT,XIRECS,5239.0,5
209200,SUBMISSION,,HYDROGEL_PACK,XIRECS,9973.0,5
213400,SUBMISSION,,HYDROGEL_PACK,XIRECS,9995.0,3
214000,,,VELVETFRUIT_EXTRACT,XIRECS,5233.0,5
215100,,,VELVETFRUIT_EXTRACT,XIRECS,5231.0,14
215700,,,VELVETFRUIT_EXTRACT,XIRECS,5234.0,3
217100,,SUBMISSION,HYDROGEL_PACK,XIRECS,10019.0,3
217300,SUBMISSION,,VELVETFRUIT_EXTRACT,XIRECS,5226.0,5
217300,SUBMISSION,,VEV_5100,XIRECS,143.0,2
218200,,,VELVETFRUIT_EXTRACT,XIRECS,5233.0,8
218300,,,VEV_5300,XIRECS,29.0,5
218300,,,VEV_5400,XIRECS,8.0,5
218300,,,VEV_5500,XIRECS,2.0,5
218300,,,VEV_6000,XIRECS,0.0,5
218300,,,VEV_6500,XIRECS,0.0,5
220600,SUBMISSION,,HYDROGEL_PACK,XIRECS,10014.0,5
220800,,,VEV_5300,XIRECS,31.0,4
220800,,,VEV_5400,XIRECS,8.0,4
220800,,,VEV_5500,XIRECS,2.0,4
220800,,,VEV_6000,XIRECS,0.0,4
220800,,,VEV_6500,XIRECS,0.0,4
221900,,SUBMISSION,HYDROGEL_PACK,XIRECS,10035.0,5
222300,,,HYDROGEL_PACK,XIRECS,10035.0,2
222400,,,VEV_5200,XIRECS,71.0,2
222400,,,VEV_5300,XIRECS,29.0,2
222400,,,VEV_5400,XIRECS,8.0,2
222400,,,VEV_5500,XIRECS,2.0,2
222400,,,VEV_6000,XIRECS,0.0,2
222400,,,VEV_6500,XIRECS,0.0,2
224400,,,VELVETFRUIT_EXTRACT,XIRECS,5231.0,4
225000,,,VELVETFRUIT_EXTRACT,XIRECS,5232.0,7
229300,,SUBMISSION,VELVETFRUIT_EXTRACT,XIRECS,5241.0,5
229500,,SUBMISSION,VEV_5100,XIRECS,152.0,2
229500,,SUBMISSION,VEV_5300,XIRECS,34.0,2
229500,,,VELVETFRUIT_EXTRACT,XIRECS,5239.0,4
229500,,,VEV_4000,XIRECS,1252.0,2
229700,,SUBMISSION,VELVETFRUIT_EXTRACT,XIRECS,5241.0,5
229800,,SUBMISSION,VELVETFRUIT_EXTRACT,XIRECS,5242.0,5
230000,,SUBMISSION,VELVETFRUIT_EXTRACT,XIRECS,5242.0,5
230100,,SUBMISSION,VELVETFRUIT_EXTRACT,XIRECS,5242.0,5
230300,SUBMISSION,,HYDROGEL_PACK,XIRECS,9973.0,5
230300,,SUBMISSION,VELVETFRUIT_EXTRACT,XIRECS,5242.0,5
230400,,SUBMISSION,VELVETFRUIT_EXTRACT,XIRECS,5242.0,5
230500,,SUBMISSION,VELVETFRUIT_EXTRACT,XIRECS,5243.0,5
230900,,SUBMISSION,HYDROGEL_PACK,XIRECS,9983.0,6
231300,SUBMISSION,,HYDROGEL_PACK,XIRECS,9969.0,3
231300,,,VELVETFRUIT_EXTRACT,XIRECS,5238.0,7
233100,,,VEV_4000,XIRECS,1222.0,3
233900,,,VELVETFRUIT_EXTRACT,XIRECS,5233.0,8
234500,,,VELVETFRUIT_EXTRACT,XIRECS,5238.0,4
234700,,SUBMISSION,VEV_5100,XIRECS,145.0,2
234700,,SUBMISSION,VEV_5200,XIRECS,75.0,2
234700,,SUBMISSION,VEV_5300,XIRECS,31.0,2
234700,,,VEV_4000,XIRECS,1244.0,2
234800,SUBMISSION,,VEV_5200,XIRECS,76.0,2
235900,SUBMISSION,,HYDROGEL_PACK,XIRECS,9993.0,3
236100,,,VELVETFRUIT_EXTRACT,XIRECS,5228.0,8
236300,SUBMISSION,,HYDROGEL_PACK,XIRECS,9995.0,4
236700,SUBMISSION,,VEV_5100,XIRECS,145.0,3
238800,SUBMISSION,,VELVETFRUIT_EXTRACT,XIRECS,5226.0,5
238800,SUBMISSION,,VEV_5100,XIRECS,140.0,1
240100,SUBMISSION,,HYDROGEL_PACK,XIRECS,10014.0,2
240700,,,VEV_4000,XIRECS,1225.0,3
241200,,,VEV_4000,XIRECS,1222.0,1
241400,SUBMISSION,,VEV_5100,XIRECS,146.0,1
243700,,,VEV_5300,XIRECS,31.0,2
243700,,,VEV_5400,XIRECS,9.0,2
243700,,,VEV_5500,XIRECS,2.0,2
243700,,,VEV_6000,XIRECS,0.0,2
243700,,,VEV_6500,XIRECS,0.0,2
243900,,,VELVETFRUIT_EXTRACT,XIRECS,5239.0,3
245100,,,VELVETFRUIT_EXTRACT,XIRECS,5229.0,8
245700,,,VELVETFRUIT_EXTRACT,XIRECS,5232.0,3
247000,,SUBMISSION,HYDROGEL_PACK,XIRECS,10037.0,6
248100,,,VELVETFRUIT_EXTRACT,XIRECS,5239.0,8
250200,,,VEV_5400,XIRECS,9.0,5
250200,,,VEV_5500,XIRECS,2.0,5
250200,,,VEV_6000,XIRECS,0.0,5
250200,,,VEV_6500,XIRECS,0.0,5
251400,,,VELVETFRUIT_EXTRACT,XIRECS,5235.0,4
252100,,,VELVETFRUIT_EXTRACT,XIRECS,5241.0,3
252700,,SUBMISSION,VEV_5100,XIRECS,150.0,1
252700,,SUBMISSION,VEV_5300,XIRECS,33.0,1
252700,,,VEV_4000,XIRECS,1250.0,1
253400,,,VEV_5200,XIRECS,80.0,5
253400,,,VEV_5500,XIRECS,2.0,5
253400,,,VEV_6000,XIRECS,0.0,5
253400,,,VEV_6500,XIRECS,0.0,5
254000,,,VELVETFRUIT_EXTRACT,XIRECS,5242.0,7
254300,,,VELVETFRUIT_EXTRACT,XIRECS,5239.0,15
254800,SUBMISSION,,HYDROGEL_PACK,XIRECS,10032.0,4
254900,SUBMISSION,,HYDROGEL_PACK,XIRECS,10037.0,3
256400,SUBMISSION,,HYDROGEL_PACK,XIRECS,10033.0,4
258200,,,HYDROGEL_PACK,XIRECS,10010.0,3
259200,,SUBMISSION,HYDROGEL_PACK,XIRECS,10022.0,4
259900,SUBMISSION,,HYDROGEL_PACK,XIRECS,10002.0,2
260600,,,VELVETFRUIT_EXTRACT,XIRECS,5228.0,6
261600,SUBMISSION,,HYDROGEL_PACK,XIRECS,9996.0,6
261700,,,VELVETFRUIT_EXTRACT,XIRECS,5231.0,4
262100,,SUBMISSION,HYDROGEL_PACK,XIRECS,10010.0,6
262500,,,VELVETFRUIT_EXTRACT,XIRECS,5231.0,5
263200,,,VEV_4000,XIRECS,1216.0,3
263400,,,VELVETFRUIT_EXTRACT,XIRECS,5231.0,3
263500,,,VELVETFRUIT_EXTRACT,XIRECS,5230.0,5
264000,,,VELVETFRUIT_EXTRACT,XIRECS,5230.0,9
265900,SUBMISSION,,HYDROGEL_PACK,XIRECS,9983.0,6
266300,,SUBMISSION,HYDROGEL_PACK,XIRECS,10000.0,6
268100,,SUBMISSION,VEV_5100,XIRECS,148.0,2
268100,,,VEV_4000,XIRECS,1247.0,3
268500,,,VELVETFRUIT_EXTRACT,XIRECS,5236.0,3
268800,,,HYDROGEL_PACK,XIRECS,10005.0,2
269000,,,VEV_5200,XIRECS,76.0,2
269000,,,VEV_5300,XIRECS,32.0,2
269000,,,VEV_5400,XIRECS,9.0,2
269000,,,VEV_5500,XIRECS,2.0,2
269000,,,VEV_6000,XIRECS,0.0,2
269000,,,VEV_6500,XIRECS,0.0,2
270900,SUBMISSION,,HYDROGEL_PACK,XIRECS,9995.0,6
272300,,,VELVETFRUIT_EXTRACT,XIRECS,5233.0,6
273400,,,VEV_5500,XIRECS,2.0,5
273400,,,VEV_6000,XIRECS,0.0,5
273400,,,VEV_6500,XIRECS,0.0,5
276600,,,HYDROGEL_PACK,XIRECS,10001.0,6
277600,,,VELVETFRUIT_EXTRACT,XIRECS,5241.0,5
277800,,,HYDROGEL_PACK,XIRECS,9990.0,6
281100,,,VELVETFRUIT_EXTRACT,XIRECS,5237.0,8
281800,,,VELVETFRUIT_EXTRACT,XIRECS,5237.0,4
281900,,SUBMISSION,HYDROGEL_PACK,XIRECS,10019.0,2
282100,,,VELVETFRUIT_EXTRACT,XIRECS,5235.0,7
283900,,,VELVETFRUIT_EXTRACT,XIRECS,5237.0,6
284600,,,VELVETFRUIT_EXTRACT,XIRECS,5241.0,7
285000,SUBMISSION,,VEV_5300,XIRECS,35.0,2
285300,SUBMISSION,,VEV_5300,XIRECS,36.0,2
285600,,,VELVETFRUIT_EXTRACT,XIRECS,5245.0,7
285700,,,VELVETFRUIT_EXTRACT,XIRECS,5243.0,5
285800,,SUBMISSION,HYDROGEL_PACK,XIRECS,10025.0,12
285800,,SUBMISSION,HYDROGEL_PACK,XIRECS,10022.0,20
285900,,,VELVETFRUIT_EXTRACT,XIRECS,5247.0,8
287000,,,VELVETFRUIT_EXTRACT,XIRECS,5241.0,7
289400,,,VEV_5300,XIRECS,31.0,2
289400,,,VEV_5400,XIRECS,8.0,2
289400,,,VEV_5500,XIRECS,2.0,2
289400,,,VEV_6000,XIRECS,0.0,2
289400,,,VEV_6500,XIRECS,0.0,2
289600,,,VELVETFRUIT_EXTRACT,XIRECS,5234.0,6
290900,,,VEV_5300,XIRECS,29.0,4
290900,,,VEV_5400,XIRECS,8.0,4
290900,,,VEV_5500,XIRECS,1.0,4
290900,,,VEV_6000,XIRECS,0.0,4
290900,,,VEV_6500,XIRECS,0.0,4
291900,SUBMISSION,,VELVETFRUIT_EXTRACT,XIRECS,5230.0,5
292000,SUBMISSION,,VELVETFRUIT_EXTRACT,XIRECS,5230.0,5
292100,SUBMISSION,,VELVETFRUIT_EXTRACT,XIRECS,5229.0,5
292200,SUBMISSION,,VELVETFRUIT_EXTRACT,XIRECS,5226.0,5
292200,SUBMISSION,,VEV_5100,XIRECS,142.0,4
292300,SUBMISSION,,VELVETFRUIT_EXTRACT,XIRECS,5226.0,5
292500,SUBMISSION,,VELVETFRUIT_EXTRACT,XIRECS,5230.0,5
292600,SUBMISSION,,VELVETFRUIT_EXTRACT,XIRECS,5230.0,5
292600,,,VELVETFRUIT_EXTRACT,XIRECS,5230.0,7
293200,SUBMISSION,,VELVETFRUIT_EXTRACT,XIRECS,5229.0,5
293300,,,VELVETFRUIT_EXTRACT,XIRECS,5225.0,3
293400,SUBMISSION,,VELVETFRUIT_EXTRACT,XIRECS,5228.0,5
293400,,,VELVETFRUIT_EXTRACT,XIRECS,5223.0,6
293500,SUBMISSION,,VELVETFRUIT_EXTRACT,XIRECS,5229.0,5
293600,SUBMISSION,,VELVETFRUIT_EXTRACT,XIRECS,5229.0,5
293700,SUBMISSION,,VELVETFRUIT_EXTRACT,XIRECS,5228.0,5
294300,SUBMISSION,,VELVETFRUIT_EXTRACT,XIRECS,5226.0,5
294300,SUBMISSION,,VEV_5100,XIRECS,142.0,2
294300,,,VELVETFRUIT_EXTRACT,XIRECS,5226.0,5
294800,SUBMISSION,,VELVETFRUIT_EXTRACT,XIRECS,5228.0,5
294900,SUBMISSION,,VELVETFRUIT_EXTRACT,XIRECS,5226.0,5
295000,SUBMISSION,,VELVETFRUIT_EXTRACT,XIRECS,5225.0,5
295100,SUBMISSION,,VELVETFRUIT_EXTRACT,XIRECS,5225.0,5
295200,SUBMISSION,,VELVETFRUIT_EXTRACT,XIRECS,5224.0,5
295300,SUBMISSION,,VELVETFRUIT_EXTRACT,XIRECS,5224.0,5
295400,SUBMISSION,,VELVETFRUIT_EXTRACT,XIRECS,5223.0,5
295400,,,VELVETFRUIT_EXTRACT,XIRECS,5218.0,3
295500,SUBMISSION,,VELVETFRUIT_EXTRACT,XIRECS,5222.0,5
295600,SUBMISSION,,VELVETFRUIT_EXTRACT,XIRECS,5221.0,5
295600,,,VELVETFRUIT_EXTRACT,XIRECS,5221.0,8
295700,SUBMISSION,,VELVETFRUIT_EXTRACT,XIRECS,5222.0,5
295800,SUBMISSION,,VELVETFRUIT_EXTRACT,XIRECS,5223.0,5
295900,SUBMISSION,,VELVETFRUIT_EXTRACT,XIRECS,5225.0,5
296000,SUBMISSION,,VELVETFRUIT_EXTRACT,XIRECS,5225.0,5
296100,SUBMISSION,,VELVETFRUIT_EXTRACT,XIRECS,5225.0,5
296200,,SUBMISSION,HYDROGEL_PACK,XIRECS,10032.0,6
296200,SUBMISSION,,VELVETFRUIT_EXTRACT,XIRECS,5225.0,5
296400,SUBMISSION,,VELVETFRUIT_EXTRACT,XIRECS,5225.0,5
296500,SUBMISSION,,VELVETFRUIT_EXTRACT,XIRECS,5225.0,5
296500,,SUBMISSION,VEV_5100,XIRECS,135.0,1
296500,,SUBMISSION,VEV_5300,XIRECS,27.0,3
296500,,,VEV_4000,XIRECS,1232.0,3
296600,SUBMISSION,,VELVETFRUIT_EXTRACT,XIRECS,5224.0,5
296700,SUBMISSION,,VELVETFRUIT_EXTRACT,XIRECS,5223.0,5
296800,SUBMISSION,,VELVETFRUIT_EXTRACT,XIRECS,5223.0,5
298100,,,VELVETFRUIT_EXTRACT,XIRECS,5225.0,5
298400,SUBMISSION,,VELVETFRUIT_EXTRACT,XIRECS,5223.0,5
298800,SUBMISSION,,VELVETFRUIT_EXTRACT,XIRECS,5222.0,5
298800,,,VELVETFRUIT_EXTRACT,XIRECS,5217.0,7
299900,SUBMISSION,,VEV_5100,XIRECS,139.0,3
302800,,,VELVETFRUIT_EXTRACT,XIRECS,5224.0,3
303900,,,VEV_4000,XIRECS,1210.0,3
304500,SUBMISSION,,VEV_5100,XIRECS,137.0,5
305500,,,VELVETFRUIT_EXTRACT,XIRECS,5226.0,8
306100,SUBMISSION,,HYDROGEL_PACK,XIRECS,10000.0,4
306300,,,VELVETFRUIT_EXTRACT,XIRECS,5226.0,6
309000,,,VELVETFRUIT_EXTRACT,XIRECS,5220.0,6
310300,,,VELVETFRUIT_EXTRACT,XIRECS,5226.0,3
310600,,SUBMISSION,HYDROGEL_PACK,XIRECS,9996.0,5
310900,,,VELVETFRUIT_EXTRACT,XIRECS,5226.0,3
312000,SUBMISSION,,HYDROGEL_PACK,XIRECS,9979.0,3
312800,SUBMISSION,,HYDROGEL_PACK,XIRECS,9975.0,5
314100,,SUBMISSION,VELVETFRUIT_EXTRACT,XIRECS,5230.0,5
314800,,SUBMISSION,HYDROGEL_PACK,XIRECS,9994.0,2
315800,,,VEV_5300,XIRECS,28.0,3
315800,,,VEV_5400,XIRECS,7.0,3
315800,,,VEV_5500,XIRECS,1.0,3
315800,,,VEV_6000,XIRECS,0.0,3
315800,,,VEV_6500,XIRECS,0.0,3
317100,,,VELVETFRUIT_EXTRACT,XIRECS,5224.0,6
317200,,,VEV_5300,XIRECS,28.0,4
317200,,,VEV_5400,XIRECS,7.0,4
317200,,,VEV_5500,XIRECS,1.0,4
317200,,,VEV_6000,XIRECS,0.0,4
317200,,,VEV_6500,XIRECS,0.0,4
318600,,,VELVETFRUIT_EXTRACT,XIRECS,5228.0,4
319100,,,VEV_4000,XIRECS,1213.0,3
319400,,,VELVETFRUIT_EXTRACT,XIRECS,5222.0,5
319700,,,VEV_5300,XIRECS,27.0,2
319700,,,VEV_5400,XIRECS,7.0,2
319700,,,VEV_5500,XIRECS,1.0,2
319700,,,VEV_6000,XIRECS,0.0,2
319700,,,VEV_6500,XIRECS,0.0,2
319800,SUBMISSION,,HYDROGEL_PACK,XIRECS,9969.0,2
320200,,,VELVETFRUIT_EXTRACT,XIRECS,5226.0,7
320200,,,VEV_5300,XIRECS,27.0,4
320200,,,VEV_5400,XIRECS,7.0,4
320200,,,VEV_5500,XIRECS,1.0,4
320200,,,VEV_6000,XIRECS,0.0,4
320200,,,VEV_6500,XIRECS,0.0,4
321900,,,HYDROGEL_PACK,XIRECS,9979.0,2
323300,,,VELVETFRUIT_EXTRACT,XIRECS,5229.0,7
323600,SUBMISSION,,HYDROGEL_PACK,XIRECS,9966.0,2
323600,,,VEV_4000,XIRECS,1218.0,1
326700,,,VELVETFRUIT_EXTRACT,XIRECS,5235.0,3
326800,,,VELVETFRUIT_EXTRACT,XIRECS,5229.0,8
328200,,,VELVETFRUIT_EXTRACT,XIRECS,5227.0,3
328700,,,VEV_5200,XIRECS,72.0,3
328700,,,VEV_5300,XIRECS,29.0,3
328700,,,VEV_5400,XIRECS,7.0,3
328700,,,VEV_5500,XIRECS,1.0,3
328700,,,VEV_6000,XIRECS,0.0,3
328700,,,VEV_6500,XIRECS,0.0,3
329200,,,VEV_5200,XIRECS,73.0,5
329200,,,VEV_5300,XIRECS,30.0,5
329200,,,VEV_5500,XIRECS,1.0,5
329200,,,VEV_6000,XIRECS,0.0,5
329200,,,VEV_6500,XIRECS,0.0,5
329600,,SUBMISSION,HYDROGEL_PACK,XIRECS,9999.0,2
329600,,SUBMISSION,VELVETFRUIT_EXTRACT,XIRECS,5232.0,5
329700,,SUBMISSION,VELVETFRUIT_EXTRACT,XIRECS,5232.0,5
329800,,SUBMISSION,VELVETFRUIT_EXTRACT,XIRECS,5233.0,5
329900,,SUBMISSION,VELVETFRUIT_EXTRACT,XIRECS,5236.0,5
330000,,SUBMISSION,VELVETFRUIT_EXTRACT,XIRECS,5235.0,5
330100,,SUBMISSION,VELVETFRUIT_EXTRACT,XIRECS,5236.0,5
330100,,,VELVETFRUIT_EXTRACT,XIRECS,5241.0,3
330200,,SUBMISSION,VELVETFRUIT_EXTRACT,XIRECS,5235.0,5
330300,,SUBMISSION,VELVETFRUIT_EXTRACT,XIRECS,5236.0,5
330400,,SUBMISSION,VELVETFRUIT_EXTRACT,XIRECS,5235.0,5
330500,,SUBMISSION,VELVETFRUIT_EXTRACT,XIRECS,5236.0,5
330600,,SUBMISSION,VELVETFRUIT_EXTRACT,XIRECS,5237.0,5
330700,SUBMISSION,,HYDROGEL_PACK,XIRECS,9979.0,3
330700,,SUBMISSION,VELVETFRUIT_EXTRACT,XIRECS,5236.0,5
330800,,SUBMISSION,VELVETFRUIT_EXTRACT,XIRECS,5237.0,5
330900,,SUBMISSION,VELVETFRUIT_EXTRACT,XIRECS,5238.0,5
331000,,SUBMISSION,VELVETFRUIT_EXTRACT,XIRECS,5237.0,5
331100,,SUBMISSION,VELVETFRUIT_EXTRACT,XIRECS,5237.0,5
331200,,SUBMISSION,VELVETFRUIT_EXTRACT,XIRECS,5236.0,5
331300,,SUBMISSION,VELVETFRUIT_EXTRACT,XIRECS,5236.0,5
331400,,SUBMISSION,VELVETFRUIT_EXTRACT,XIRECS,5237.0,5
331500,,SUBMISSION,VELVETFRUIT_EXTRACT,XIRECS,5237.0,5
331600,,SUBMISSION,VELVETFRUIT_EXTRACT,XIRECS,5238.0,5
331700,,SUBMISSION,VELVETFRUIT_EXTRACT,XIRECS,5238.0,5
331800,,SUBMISSION,VELVETFRUIT_EXTRACT,XIRECS,5238.0,5
331900,,SUBMISSION,VELVETFRUIT_EXTRACT,XIRECS,5238.0,5
332000,,SUBMISSION,VELVETFRUIT_EXTRACT,XIRECS,5238.0,5
332000,,,VELVETFRUIT_EXTRACT,XIRECS,5238.0,8
332600,,SUBMISSION,VELVETFRUIT_EXTRACT,XIRECS,5237.0,5
332600,,,VEV_5300,XIRECS,32.0,2
332600,,,VEV_5400,XIRECS,8.0,2
332600,,,VEV_5500,XIRECS,2.0,2
332600,,,VEV_6000,XIRECS,0.0,2
332600,,,VEV_6500,XIRECS,0.0,2
332700,SUBMISSION,,HYDROGEL_PACK,XIRECS,9987.0,5
332800,,,VELVETFRUIT_EXTRACT,XIRECS,5235.0,6
332900,,SUBMISSION,VEV_5100,XIRECS,148.0,3
332900,,SUBMISSION,VEV_5200,XIRECS,76.0,1
332900,,SUBMISSION,VEV_5300,XIRECS,32.0,3
332900,,,VEV_4000,XIRECS,1247.0,3
333000,SUBMISSION,,VEV_5200,XIRECS,77.0,1
333600,,,VELVETFRUIT_EXTRACT,XIRECS,5232.0,6
334800,,SUBMISSION,HYDROGEL_PACK,XIRECS,9999.0,6
334800,,SUBMISSION,VEV_5100,XIRECS,147.0,2
334800,,,VEV_4000,XIRECS,1247.0,2
339000,SUBMISSION,,HYDROGEL_PACK,XIRECS,10018.0,3
339800,,SUBMISSION,VEV_5100,XIRECS,142.0,1
339800,,SUBMISSION,VEV_5300,XIRECS,29.0,1
339800,,,VEV_4000,XIRECS,1240.0,1
339900,,,VELVETFRUIT_EXTRACT,XIRECS,5228.0,3
344400,,SUBMISSION,VEV_5100,XIRECS,141.0,1
344400,,SUBMISSION,VEV_5300,XIRECS,29.0,1
344400,,,VEV_4000,XIRECS,1239.0,1
344800,,,HYDROGEL_PACK,XIRECS,10041.0,6
345900,,SUBMISSION,VEV_5100,XIRECS,142.0,2
345900,,,VEV_4000,XIRECS,1240.0,2
346200,SUBMISSION,,HYDROGEL_PACK,XIRECS,10022.0,2
346200,,,VEV_5400,XIRECS,7.0,3
346200,,,VEV_5500,XIRECS,1.0,3
346200,,,VEV_6000,XIRECS,0.0,3
346200,,,VEV_6500,XIRECS,0.0,3
346900,,,VELVETFRUIT_EXTRACT,XIRECS,5221.0,3
347100,,,HYDROGEL_PACK,XIRECS,10045.0,5
348200,SUBMISSION,,VELVETFRUIT_EXTRACT,XIRECS,5223.0,5
348600,SUBMISSION,,VELVETFRUIT_EXTRACT,XIRECS,5222.0,5
348700,SUBMISSION,,VELVETFRUIT_EXTRACT,XIRECS,5223.0,5
349100,SUBMISSION,,VELVETFRUIT_EXTRACT,XIRECS,5220.0,5
349100,SUBMISSION,,VEV_5100,XIRECS,137.0,5
349100,,,VELVETFRUIT_EXTRACT,XIRECS,5220.0,1
349300,SUBMISSION,,VELVETFRUIT_EXTRACT,XIRECS,5222.0,5
349700,,,HYDROGEL_PACK,XIRECS,10040.0,2
350300,,,VEV_5200,XIRECS,68.0,4
350300,,,VEV_5300,XIRECS,27.0,4
350300,,,VEV_5500,XIRECS,1.0,4
350300,,,VEV_6000,XIRECS,0.0,4
350300,,,VEV_6500,XIRECS,0.0,4
351300,SUBMISSION,,VELVETFRUIT_EXTRACT,XIRECS,5221.0,5
351300,,,VELVETFRUIT_EXTRACT,XIRECS,5221.0,3
352000,,,VELVETFRUIT_EXTRACT,XIRECS,5221.0,9
352600,SUBMISSION,,VELVETFRUIT_EXTRACT,XIRECS,5219.0,5
352900,SUBMISSION,,VELVETFRUIT_EXTRACT,XIRECS,5219.0,5
353000,SUBMISSION,,VELVETFRUIT_EXTRACT,XIRECS,5219.0,5
353400,SUBMISSION,,VELVETFRUIT_EXTRACT,XIRECS,5218.0,5
353800,SUBMISSION,,VELVETFRUIT_EXTRACT,XIRECS,5218.0,5
353900,SUBMISSION,,VELVETFRUIT_EXTRACT,XIRECS,5217.0,5
353900,SUBMISSION,,VEV_5100,XIRECS,132.0,2
354000,SUBMISSION,,VELVETFRUIT_EXTRACT,XIRECS,5214.0,5
354000,SUBMISSION,,VEV_5100,XIRECS,132.0,4
354100,SUBMISSION,,VELVETFRUIT_EXTRACT,XIRECS,5217.0,5
354200,SUBMISSION,,VELVETFRUIT_EXTRACT,XIRECS,5214.0,5
354300,SUBMISSION,,VELVETFRUIT_EXTRACT,XIRECS,5212.0,5
354300,SUBMISSION,,VEV_5100,XIRECS,128.0,1
354400,SUBMISSION,,VELVETFRUIT_EXTRACT,XIRECS,5212.0,5
354500,SUBMISSION,,VELVETFRUIT_EXTRACT,XIRECS,5214.0,5
354600,SUBMISSION,,VELVETFRUIT_EXTRACT,XIRECS,5215.0,5
354700,SUBMISSION,,VELVETFRUIT_EXTRACT,XIRECS,5215.0,5
354800,SUBMISSION,,VELVETFRUIT_EXTRACT,XIRECS,5215.0,5
354900,SUBMISSION,,VELVETFRUIT_EXTRACT,XIRECS,5214.0,5
355000,SUBMISSION,,VELVETFRUIT_EXTRACT,XIRECS,5215.0,5
355100,SUBMISSION,,VELVETFRUIT_EXTRACT,XIRECS,5214.0,5
355300,SUBMISSION,,VELVETFRUIT_EXTRACT,XIRECS,5215.0,5
357500,,,VELVETFRUIT_EXTRACT,XIRECS,5216.0,11
358100,,,HYDROGEL_PACK,XIRECS,10043.0,3
358100,,,VEV_4000,XIRECS,1206.0,1
360100,SUBMISSION,,HYDROGEL_PACK,XIRECS,10023.0,3
360300,,,VELVETFRUIT_EXTRACT,XIRECS,5219.0,5
361700,,,HYDROGEL_PACK,XIRECS,10036.0,3
362400,,SUBMISSION,VEV_5100,XIRECS,133.0,3
362400,,SUBMISSION,VEV_5300,XIRECS,26.0,3
362400,,,VEV_4000,XIRECS,1229.0,3
363100,,,VEV_5200,XIRECS,68.0,2
363100,,,VEV_5300,XIRECS,27.0,2
363100,,,VEV_5400,XIRECS,6.0,2
363100,,,VEV_5500,XIRECS,1.0,2
363100,,,VEV_6000,XIRECS,0.0,2
363100,,,VEV_6500,XIRECS,0.0,2
363400,,,VELVETFRUIT_EXTRACT,XIRECS,5228.0,8
363700,,,HYDROGEL_PACK,XIRECS,10034.0,3
364600,,,VELVETFRUIT_EXTRACT,XIRECS,5221.0,6
364700,,,VEV_5300,XIRECS,27.0,3
364700,,,VEV_5400,XIRECS,6.0,3
364700,,,VEV_5500,XIRECS,1.0,3
364700,,,VEV_6000,XIRECS,0.0,3
364700,,,VEV_6500,XIRECS,0.0,3
366200,,,HYDROGEL_PACK,XIRECS,10046.0,4
366700,,,HYDROGEL_PACK,XIRECS,10046.0,3
367300,,,VELVETFRUIT_EXTRACT,XIRECS,5228.0,5
367700,,SUBMISSION,VELVETFRUIT_EXTRACT,XIRECS,5225.0,5
367700,,,VELVETFRUIT_EXTRACT,XIRECS,5230.0,4
367800,,SUBMISSION,VELVETFRUIT_EXTRACT,XIRECS,5226.0,5
367900,,SUBMISSION,VELVETFRUIT_EXTRACT,XIRECS,5226.0,5
368000,,SUBMISSION,VELVETFRUIT_EXTRACT,XIRECS,5225.0,5
368100,,SUBMISSION,VELVETFRUIT_EXTRACT,XIRECS,5227.0,5
368200,,SUBMISSION,VELVETFRUIT_EXTRACT,XIRECS,5226.0,5
368300,,SUBMISSION,VELVETFRUIT_EXTRACT,XIRECS,5226.0,5
368400,SUBMISSION,,HYDROGEL_PACK,XIRECS,10032.0,3
368400,,SUBMISSION,VELVETFRUIT_EXTRACT,XIRECS,5227.0,5
368500,,SUBMISSION,VELVETFRUIT_EXTRACT,XIRECS,5226.0,5
368900,SUBMISSION,,HYDROGEL_PACK,XIRECS,10027.0,5
369100,,SUBMISSION,VELVETFRUIT_EXTRACT,XIRECS,5226.0,5
369200,,SUBMISSION,VELVETFRUIT_EXTRACT,XIRECS,5227.0,5
369300,,,VELVETFRUIT_EXTRACT,XIRECS,5231.0,5
369600,,SUBMISSION,VELVETFRUIT_EXTRACT,XIRECS,5229.0,5
369800,,,VEV_5200,XIRECS,70.0,5
369800,,,VEV_5300,XIRECS,28.0,5
369800,,,VEV_5400,XIRECS,7.0,5
369800,,,VEV_5500,XIRECS,1.0,5
369800,,,VEV_6000,XIRECS,0.0,5
369800,,,VEV_6500,XIRECS,0.0,5
370100,,,VEV_4000,XIRECS,1226.0,3
370100,,,VEV_4500,XIRECS,726.0,3
370100,,,VEV_5000,XIRECS,229.0,3
370100,,,VEV_5100,XIRECS,139.0,3
370100,,,VEV_5200,XIRECS,69.0,3
370100,,,VEV_5300,XIRECS,28.0,3
370200,SUBMISSION,,HYDROGEL_PACK,XIRECS,10029.0,4
370500,,SUBMISSION,VELVETFRUIT_EXTRACT,XIRECS,5228.0,5
370600,,SUBMISSION,VELVETFRUIT_EXTRACT,XIRECS,5227.0,5
370900,SUBMISSION,,HYDROGEL_PACK,XIRECS,10031.0,3
370900,,SUBMISSION,VELVETFRUIT_EXTRACT,XIRECS,5227.0,5
371000,,SUBMISSION,VELVETFRUIT_EXTRACT,XIRECS,5228.0,5
371100,,SUBMISSION,VELVETFRUIT_EXTRACT,XIRECS,5228.0,5
371200,,SUBMISSION,VELVETFRUIT_EXTRACT,XIRECS,5229.0,5
371300,,SUBMISSION,VELVETFRUIT_EXTRACT,XIRECS,5230.0,5
371300,,,VELVETFRUIT_EXTRACT,XIRECS,5233.0,6
371400,,SUBMISSION,VELVETFRUIT_EXTRACT,XIRECS,5229.0,5
371500,,SUBMISSION,VELVETFRUIT_EXTRACT,XIRECS,5229.0,5
371600,,SUBMISSION,VELVETFRUIT_EXTRACT,XIRECS,5229.0,5
371800,,SUBMISSION,VELVETFRUIT_EXTRACT,XIRECS,5230.0,5
371900,,SUBMISSION,VELVETFRUIT_EXTRACT,XIRECS,5229.0,5
371900,,,VELVETFRUIT_EXTRACT,XIRECS,5229.0,4
372000,,SUBMISSION,VELVETFRUIT_EXTRACT,XIRECS,5230.0,5
372100,,SUBMISSION,VELVETFRUIT_EXTRACT,XIRECS,5230.0,5
372200,,SUBMISSION,VELVETFRUIT_EXTRACT,XIRECS,5229.0,5
372800,,SUBMISSION,VELVETFRUIT_EXTRACT,XIRECS,5230.0,5
372800,,,VELVETFRUIT_EXTRACT,XIRECS,5235.0,4
372900,,SUBMISSION,VELVETFRUIT_EXTRACT,XIRECS,5230.0,5
373000,,,VELVETFRUIT_EXTRACT,XIRECS,5229.0,6
373100,,SUBMISSION,VELVETFRUIT_EXTRACT,XIRECS,5231.0,5
373200,,SUBMISSION,VELVETFRUIT_EXTRACT,XIRECS,5231.0,5
373200,,,VEV_4000,XIRECS,1224.0,3
373300,,SUBMISSION,VELVETFRUIT_EXTRACT,XIRECS,5232.0,5
373400,,SUBMISSION,VELVETFRUIT_EXTRACT,XIRECS,5232.0,5
373500,,SUBMISSION,VELVETFRUIT_EXTRACT,XIRECS,5234.0,5
373600,,SUBMISSION,VELVETFRUIT_EXTRACT,XIRECS,5235.0,5
373700,,SUBMISSION,VELVETFRUIT_EXTRACT,XIRECS,5235.0,5
373800,,SUBMISSION,VELVETFRUIT_EXTRACT,XIRECS,5237.0,5
373900,,SUBMISSION,VELVETFRUIT_EXTRACT,XIRECS,5235.0,5
374000,,SUBMISSION,VELVETFRUIT_EXTRACT,XIRECS,5234.0,5
374100,,SUBMISSION,VELVETFRUIT_EXTRACT,XIRECS,5236.0,5
374200,,SUBMISSION,VELVETFRUIT_EXTRACT,XIRECS,5236.0,5
374300,,SUBMISSION,VELVETFRUIT_EXTRACT,XIRECS,5235.0,5
374400,,SUBMISSION,VELVETFRUIT_EXTRACT,XIRECS,5236.0,5
374500,,SUBMISSION,VELVETFRUIT_EXTRACT,XIRECS,5235.0,5
374600,,SUBMISSION,VELVETFRUIT_EXTRACT,XIRECS,5234.0,5
374700,,SUBMISSION,VELVETFRUIT_EXTRACT,XIRECS,5234.0,5
374800,,SUBMISSION,VELVETFRUIT_EXTRACT,XIRECS,5234.0,5
374900,,SUBMISSION,VELVETFRUIT_EXTRACT,XIRECS,5236.0,5
375000,,SUBMISSION,VELVETFRUIT_EXTRACT,XIRECS,5235.0,5
375100,,SUBMISSION,VELVETFRUIT_EXTRACT,XIRECS,5237.0,5
375200,,SUBMISSION,VELVETFRUIT_EXTRACT,XIRECS,5237.0,5
375300,,SUBMISSION,VELVETFRUIT_EXTRACT,XIRECS,5235.0,5
375500,,SUBMISSION,VELVETFRUIT_EXTRACT,XIRECS,5235.0,5
375600,,SUBMISSION,VELVETFRUIT_EXTRACT,XIRECS,5236.0,5
375700,,SUBMISSION,VELVETFRUIT_EXTRACT,XIRECS,5237.0,5
376000,,,VELVETFRUIT_EXTRACT,XIRECS,5235.0,8
376200,,,VELVETFRUIT_EXTRACT,XIRECS,5233.0,4
377000,,SUBMISSION,VELVETFRUIT_EXTRACT,XIRECS,5237.0,5
377200,,SUBMISSION,VELVETFRUIT_EXTRACT,XIRECS,5238.0,5
377300,,SUBMISSION,VELVETFRUIT_EXTRACT,XIRECS,5238.0,5
377300,SUBMISSION,,VEV_5300,XIRECS,34.0,4
377500,,SUBMISSION,VELVETFRUIT_EXTRACT,XIRECS,5238.0,5
377600,,SUBMISSION,VELVETFRUIT_EXTRACT,XIRECS,5238.0,5
377700,,SUBMISSION,VELVETFRUIT_EXTRACT,XIRECS,5238.0,5
377800,SUBMISSION,,HYDROGEL_PACK,XIRECS,10035.0,5
377800,,SUBMISSION,VELVETFRUIT_EXTRACT,XIRECS,5239.0,5
377800,SUBMISSION,,VEV_5300,XIRECS,34.0,1
378300,,SUBMISSION,VELVETFRUIT_EXTRACT,XIRECS,5240.0,5
378400,,SUBMISSION,VELVETFRUIT_EXTRACT,XIRECS,5239.0,5
378400,,,VELVETFRUIT_EXTRACT,XIRECS,5239.0,7
378500,,SUBMISSION,VELVETFRUIT_EXTRACT,XIRECS,5240.0,5
378700,,SUBMISSION,VELVETFRUIT_EXTRACT,XIRECS,5240.0,5
378800,,SUBMISSION,VELVETFRUIT_EXTRACT,XIRECS,5240.0,5
378800,SUBMISSION,,VEV_5300,XIRECS,35.0,2
378900,,SUBMISSION,VELVETFRUIT_EXTRACT,XIRECS,5242.0,5
379000,,SUBMISSION,VELVETFRUIT_EXTRACT,XIRECS,5242.0,5
379100,,SUBMISSION,VELVETFRUIT_EXTRACT,XIRECS,5241.0,5
379200,,SUBMISSION,VELVETFRUIT_EXTRACT,XIRECS,5241.0,5
379200,SUBMISSION,,VEV_5300,XIRECS,35.0,1
379400,SUBMISSION,,VEV_5300,XIRECS,35.0,1
379400,,,VEV_4000,XIRECS,1234.0,1
380200,,SUBMISSION,HYDROGEL_PACK,XIRECS,10033.0,6
380200,,,VELVETFRUIT_EXTRACT,XIRECS,5247.0,5
380300,SUBMISSION,,VEV_5300,XIRECS,35.0,1
380400,SUBMISSION,,VEV_5300,XIRECS,36.0,2
380700,,,VELVETFRUIT_EXTRACT,XIRECS,5249.0,3
380900,SUBMISSION,,VEV_5300,XIRECS,36.0,1
381000,SUBMISSION,,HYDROGEL_PACK,XIRECS,10021.0,3
381700,SUBMISSION,,VEV_5000,XIRECS,254.0,1
381900,,SUBMISSION,VEV_5000,XIRECS,250.0,2
382200,SUBMISSION,,VEV_5000,XIRECS,257.0,1
382600,,,VELVETFRUIT_EXTRACT,XIRECS,5254.0,5
383700,SUBMISSION,,VEV_5000,XIRECS,254.0,1
383800,,SUBMISSION,VEV_5000,XIRECS,247.0,1
385400,,,VEV_5300,XIRECS,32.0,4
385400,,,VEV_5400,XIRECS,8.0,4
385400,,,VEV_5500,XIRECS,2.0,4
385400,,,VEV_6000,XIRECS,0.0,4
385400,,,VEV_6500,XIRECS,0.0,4
386400,,,HYDROGEL_PACK,XIRECS,10006.0,5
387000,,,VELVETFRUIT_EXTRACT,XIRECS,5246.0,4
389100,,,VEV_5300,XIRECS,32.0,2
389100,,,VEV_5400,XIRECS,8.0,2
389100,,,VEV_5500,XIRECS,2.0,2
389100,,,VEV_6000,XIRECS,0.0,2
389100,,,VEV_6500,XIRECS,0.0,2
389200,,,HYDROGEL_PACK,XIRECS,10006.0,2
389300,,SUBMISSION,VEV_5100,XIRECS,150.0,3
389300,,SUBMISSION,VEV_5200,XIRECS,77.0,1
389300,,,VEV_4000,XIRECS,1250.0,3
389700,SUBMISSION,,VEV_5200,XIRECS,82.0,1
389800,,,VELVETFRUIT_EXTRACT,XIRECS,5242.0,5
390200,SUBMISSION,,HYDROGEL_PACK,XIRECS,9997.0,2
390600,SUBMISSION,,HYDROGEL_PACK,XIRECS,10001.0,6
391200,,,HYDROGEL_PACK,XIRECS,10003.0,2
391400,,,VEV_5300,XIRECS,34.0,4
391400,,,VEV_5400,XIRECS,9.0,4
391400,,,VEV_5500,XIRECS,2.0,4
391400,,,VEV_6000,XIRECS,0.0,4
391400,,,VEV_6500,XIRECS,0.0,4
391700,,SUBMISSION,HYDROGEL_PACK,XIRECS,10025.0,4
391900,,,HYDROGEL_PACK,XIRECS,10010.0,4
392500,,SUBMISSION,VEV_5100,XIRECS,157.0,1
392500,,SUBMISSION,VEV_5200,XIRECS,82.0,1
392500,,SUBMISSION,VEV_5300,XIRECS,35.0,1
392500,,,VEV_4000,XIRECS,1258.0,1
392900,SUBMISSION,,VEV_5200,XIRECS,83.0,1
394700,SUBMISSION,,VEV_5300,XIRECS,37.0,1
394800,,,HYDROGEL_PACK,XIRECS,10007.0,6
394900,,SUBMISSION,VEV_5000,XIRECS,250.0,1
395000,SUBMISSION,,VEV_5000,XIRECS,255.0,1
395100,SUBMISSION,,VEV_5000,XIRECS,254.0,1
395200,,SUBMISSION,VEV_5000,XIRECS,248.0,2
395300,SUBMISSION,,VEV_5000,XIRECS,254.0,2
395400,,SUBMISSION,VEV_5000,XIRECS,247.0,2
395400,,SUBMISSION,VEV_5100,XIRECS,157.0,3
395400,,SUBMISSION,VEV_5200,XIRECS,83.0,1
395400,,,VEV_4000,XIRECS,1259.0,3
395500,,SUBMISSION,HYDROGEL_PACK,XIRECS,10030.0,3
395900,SUBMISSION,,VEV_5000,XIRECS,256.0,1
396000,,,VEV_5200,XIRECS,85.0,4
396000,,,VEV_5400,XIRECS,10.0,4
396000,,,VEV_5500,XIRECS,2.0,4
396000,,,VEV_6000,XIRECS,0.0,4
396000,,,VEV_6500,XIRECS,0.0,4
396500,,SUBMISSION,HYDROGEL_PACK,XIRECS,10017.0,5
396700,,SUBMISSION,VEV_5100,XIRECS,161.0,3
396700,,SUBMISSION,VEV_5200,XIRECS,85.0,3
396700,,SUBMISSION,VEV_5300,XIRECS,37.0,3
396700,,,VEV_4000,XIRECS,1263.0,3
397000,,SUBMISSION,HYDROGEL_PACK,XIRECS,10026.0,2
397100,,SUBMISSION,HYDROGEL_PACK,XIRECS,10027.0,5
397100,SUBMISSION,,VEV_5300,XIRECS,38.0,3
397200,,,VELVETFRUIT_EXTRACT,XIRECS,5255.0,5
397300,,SUBMISSION,VEV_5100,XIRECS,161.0,1
397300,,SUBMISSION,VEV_5200,XIRECS,85.0,1
397300,,SUBMISSION,VEV_5300,XIRECS,37.0,1
397300,,SUBMISSION,VEV_5400,XIRECS,10.0,1
397300,,,VEV_4000,XIRECS,1262.0,1
397400,SUBMISSION,,VEV_5300,XIRECS,38.0,1
397900,,SUBMISSION,VEV_5100,XIRECS,160.0,2
397900,,SUBMISSION,VEV_5200,XIRECS,85.0,1
397900,,SUBMISSION,VEV_5400,XIRECS,10.0,2
397900,,,VEV_4000,XIRECS,1262.0,2
398500,,,HYDROGEL_PACK,XIRECS,10015.0,6
398900,,,VELVETFRUIT_EXTRACT,XIRECS,5253.0,6
399000,,,VELVETFRUIT_EXTRACT,XIRECS,5248.0,5
399000,,,VEV_4000,XIRECS,1240.0,1
399600,,,VELVETFRUIT_EXTRACT,XIRECS,5252.0,6
399800,,,VELVETFRUIT_EXTRACT,XIRECS,5251.0,6
400200,,SUBMISSION,HYDROGEL_PACK,XIRECS,10022.0,3
402000,,,VEV_4000,XIRECS,1241.0,3
404000,,,VELVETFRUIT_EXTRACT,XIRECS,5248.0,6
404200,SUBMISSION,,VEV_5200,XIRECS,84.0,4
404300,SUBMISSION,,HYDROGEL_PACK,XIRECS,9994.0,6
404500,SUBMISSION,,VEV_5200,XIRECS,83.0,2
405300,SUBMISSION,,VELVETFRUIT_EXTRACT,XIRECS,5244.0,5
405400,SUBMISSION,,VELVETFRUIT_EXTRACT,XIRECS,5241.0,5
405400,,,VELVETFRUIT_EXTRACT,XIRECS,5241.0,3
405600,SUBMISSION,,VELVETFRUIT_EXTRACT,XIRECS,5242.0,5
405700,SUBMISSION,,VELVETFRUIT_EXTRACT,XIRECS,5244.0,5
405900,SUBMISSION,,VELVETFRUIT_EXTRACT,XIRECS,5242.0,5
406000,SUBMISSION,,VELVETFRUIT_EXTRACT,XIRECS,5240.0,5
406100,SUBMISSION,,VELVETFRUIT_EXTRACT,XIRECS,5241.0,5
406200,SUBMISSION,,VELVETFRUIT_EXTRACT,XIRECS,5241.0,5
406300,SUBMISSION,,VELVETFRUIT_EXTRACT,XIRECS,5240.0,5
406400,SUBMISSION,,VELVETFRUIT_EXTRACT,XIRECS,5239.0,5
406500,SUBMISSION,,VELVETFRUIT_EXTRACT,XIRECS,5236.0,5
406500,,,VELVETFRUIT_EXTRACT,XIRECS,5236.0,9
406600,SUBMISSION,,VELVETFRUIT_EXTRACT,XIRECS,5239.0,5
406700,SUBMISSION,,VELVETFRUIT_EXTRACT,XIRECS,5238.0,5
406800,,SUBMISSION,HYDROGEL_PACK,XIRECS,10001.0,6
406800,SUBMISSION,,VELVETFRUIT_EXTRACT,XIRECS,5239.0,5
406900,SUBMISSION,,VELVETFRUIT_EXTRACT,XIRECS,5238.0,5
406900,,,VEV_4000,XIRECS,1225.0,1
407000,SUBMISSION,,VELVETFRUIT_EXTRACT,XIRECS,5237.0,5
407100,SUBMISSION,,VELVETFRUIT_EXTRACT,XIRECS,5238.0,5
407200,SUBMISSION,,VELVETFRUIT_EXTRACT,XIRECS,5238.0,5
407300,SUBMISSION,,VELVETFRUIT_EXTRACT,XIRECS,5239.0,5
407400,SUBMISSION,,VELVETFRUIT_EXTRACT,XIRECS,5239.0,5
407500,SUBMISSION,,VELVETFRUIT_EXTRACT,XIRECS,5237.0,5
407600,SUBMISSION,,VELVETFRUIT_EXTRACT,XIRECS,5237.0,5
407700,SUBMISSION,,VELVETFRUIT_EXTRACT,XIRECS,5237.0,5
407800,SUBMISSION,,VELVETFRUIT_EXTRACT,XIRECS,5233.0,5
407900,SUBMISSION,,VELVETFRUIT_EXTRACT,XIRECS,5237.0,5
408000,SUBMISSION,,VELVETFRUIT_EXTRACT,XIRECS,5239.0,5
408100,SUBMISSION,,VELVETFRUIT_EXTRACT,XIRECS,5238.0,5
408200,SUBMISSION,,VELVETFRUIT_EXTRACT,XIRECS,5238.0,5
408300,SUBMISSION,,VELVETFRUIT_EXTRACT,XIRECS,5238.0,5
408400,SUBMISSION,,VELVETFRUIT_EXTRACT,XIRECS,5238.0,5
408500,SUBMISSION,,VELVETFRUIT_EXTRACT,XIRECS,5237.0,5
408600,SUBMISSION,,VELVETFRUIT_EXTRACT,XIRECS,5237.0,5
408700,SUBMISSION,,VELVETFRUIT_EXTRACT,XIRECS,5235.0,5
408800,SUBMISSION,,VELVETFRUIT_EXTRACT,XIRECS,5239.0,5
408900,SUBMISSION,,VELVETFRUIT_EXTRACT,XIRECS,5239.0,5
409000,SUBMISSION,,VELVETFRUIT_EXTRACT,XIRECS,5237.0,5
409100,SUBMISSION,,HYDROGEL_PACK,XIRECS,9980.0,3
409100,SUBMISSION,,VELVETFRUIT_EXTRACT,XIRECS,5239.0,5
409200,SUBMISSION,,VELVETFRUIT_EXTRACT,XIRECS,5239.0,5
409300,SUBMISSION,,VELVETFRUIT_EXTRACT,XIRECS,5239.0,5
409400,SUBMISSION,,VELVETFRUIT_EXTRACT,XIRECS,5238.0,5
409500,SUBMISSION,,VELVETFRUIT_EXTRACT,XIRECS,5234.0,5
409600,SUBMISSION,,VELVETFRUIT_EXTRACT,XIRECS,5237.0,5
409700,SUBMISSION,,VELVETFRUIT_EXTRACT,XIRECS,5237.0,5
409700,,,VELVETFRUIT_EXTRACT,XIRECS,5232.0,4
409800,SUBMISSION,,VELVETFRUIT_EXTRACT,XIRECS,5236.0,5
409900,SUBMISSION,,VELVETFRUIT_EXTRACT,XIRECS,5236.0,5
410000,SUBMISSION,,VELVETFRUIT_EXTRACT,XIRECS,5236.0,5
410100,SUBMISSION,,VELVETFRUIT_EXTRACT,XIRECS,5236.0,5
410200,SUBMISSION,,VELVETFRUIT_EXTRACT,XIRECS,5236.0,5
410300,SUBMISSION,,VELVETFRUIT_EXTRACT,XIRECS,5236.0,5
410400,SUBMISSION,,VELVETFRUIT_EXTRACT,XIRECS,5237.0,5
410500,SUBMISSION,,VELVETFRUIT_EXTRACT,XIRECS,5237.0,5
410600,SUBMISSION,,VELVETFRUIT_EXTRACT,XIRECS,5236.0,5
410700,SUBMISSION,,VELVETFRUIT_EXTRACT,XIRECS,5236.0,5
410800,SUBMISSION,,VELVETFRUIT_EXTRACT,XIRECS,5236.0,5
410800,,,VEV_4000,XIRECS,1223.0,1
410900,SUBMISSION,,VELVETFRUIT_EXTRACT,XIRECS,5236.0,5
411000,SUBMISSION,,VELVETFRUIT_EXTRACT,XIRECS,5236.0,5
411600,SUBMISSION,,VELVETFRUIT_EXTRACT,XIRECS,5235.0,5
411700,SUBMISSION,,VELVETFRUIT_EXTRACT,XIRECS,5235.0,5
411800,SUBMISSION,,VELVETFRUIT_EXTRACT,XIRECS,5234.0,5
411800,,,VELVETFRUIT_EXTRACT,XIRECS,5229.0,3
411900,SUBMISSION,,VELVETFRUIT_EXTRACT,XIRECS,5233.0,5
412000,SUBMISSION,,VELVETFRUIT_EXTRACT,XIRECS,5230.0,5
412000,,,VELVETFRUIT_EXTRACT,XIRECS,5230.0,8
412100,SUBMISSION,,VELVETFRUIT_EXTRACT,XIRECS,5234.0,5
412200,SUBMISSION,,VELVETFRUIT_EXTRACT,XIRECS,5235.0,5
412600,SUBMISSION,,VELVETFRUIT_EXTRACT,XIRECS,5234.0,5
414300,SUBMISSION,,VELVETFRUIT_EXTRACT,XIRECS,5233.0,5
415300,SUBMISSION,,VELVETFRUIT_EXTRACT,XIRECS,5232.0,5
415400,SUBMISSION,,VELVETFRUIT_EXTRACT,XIRECS,5232.0,5
415500,SUBMISSION,,VELVETFRUIT_EXTRACT,XIRECS,5232.0,5
415700,SUBMISSION,,VELVETFRUIT_EXTRACT,XIRECS,5228.0,5
415700,SUBMISSION,,VEV_5100,XIRECS,144.0,3
415700,,,VELVETFRUIT_EXTRACT,XIRECS,5228.0,4
416000,SUBMISSION,,VELVETFRUIT_EXTRACT,XIRECS,5231.0,5
416100,SUBMISSION,,VELVETFRUIT_EXTRACT,XIRECS,5231.0,5
416400,SUBMISSION,,VELVETFRUIT_EXTRACT,XIRECS,5230.0,5
416600,SUBMISSION,,VELVETFRUIT_EXTRACT,XIRECS,5228.0,5
417000,SUBMISSION,,VELVETFRUIT_EXTRACT,XIRECS,5227.0,5
417100,,SUBMISSION,HYDROGEL_PACK,XIRECS,10012.0,4
417100,SUBMISSION,,VELVETFRUIT_EXTRACT,XIRECS,5229.0,5
417300,SUBMISSION,,VELVETFRUIT_EXTRACT,XIRECS,5228.0,5
417500,SUBMISSION,,VELVETFRUIT_EXTRACT,XIRECS,5226.0,5
417600,SUBMISSION,,VELVETFRUIT_EXTRACT,XIRECS,5227.0,5
417700,SUBMISSION,,VELVETFRUIT_EXTRACT,XIRECS,5227.0,5
418200,,,VELVETFRUIT_EXTRACT,XIRECS,5229.0,6
418300,SUBMISSION,,VELVETFRUIT_EXTRACT,XIRECS,5225.0,5
418300,SUBMISSION,,VEV_5100,XIRECS,141.0,1
419200,,,HYDROGEL_PACK,XIRECS,10013.0,2
420300,,SUBMISSION,VEV_5100,XIRECS,143.0,1
420300,,SUBMISSION,VEV_5300,XIRECS,29.0,1
420300,,,VEV_4000,XIRECS,1241.0,1
422800,,,VEV_4000,XIRECS,1219.0,1
424000,,,HYDROGEL_PACK,XIRECS,10039.0,4
425800,SUBMISSION,,VEV_5100,XIRECS,139.0,3
426600,SUBMISSION,,VEV_5100,XIRECS,135.0,2
426600,,,VELVETFRUIT_EXTRACT,XIRECS,5220.0,6
427300,SUBMISSION,,VEV_5100,XIRECS,136.0,1
427800,,SUBMISSION,VEV_5100,XIRECS,132.0,1
427800,,SUBMISSION,VEV_5300,XIRECS,25.0,1
427800,,SUBMISSION,VEV_5400,XIRECS,6.0,1
427800,,,VEV_4000,XIRECS,1228.0,1
428600,,,VEV_4000,XIRECS,1208.0,1
428900,,,VEV_5200,XIRECS,65.0,5
428900,,,VEV_5300,XIRECS,25.0,5
428900,,,VEV_5400,XIRECS,6.0,5
428900,,,VEV_5500,XIRECS,1.0,5
428900,,,VEV_6000,XIRECS,0.0,5
428900,,,VEV_6500,XIRECS,0.0,5
429300,,,VELVETFRUIT_EXTRACT,XIRECS,5219.0,7
429500,,,VELVETFRUIT_EXTRACT,XIRECS,5221.0,4
429900,SUBMISSION,,VEV_5100,XIRECS,133.0,2
430100,SUBMISSION,,VEV_5100,XIRECS,132.0,1
430100,,,VELVETFRUIT_EXTRACT,XIRECS,5217.0,6
430200,SUBMISSION,,VEV_5100,XIRECS,132.0,2
431900,,,VEV_5200,XIRECS,63.0,5
431900,,,VEV_5300,XIRECS,24.0,5
431900,,,VEV_5400,XIRECS,5.0,5
431900,,,VEV_5500,XIRECS,1.0,5
431900,,,VEV_6000,XIRECS,0.0,5
431900,,,VEV_6500,XIRECS,0.0,5
432800,,,VELVETFRUIT_EXTRACT,XIRECS,5221.0,7
434200,,,VEV_4000,XIRECS,1203.0,2
434400,,,HYDROGEL_PACK,XIRECS,10033.0,4
435100,SUBMISSION,,VEV_5100,XIRECS,134.0,1
436000,,,HYDROGEL_PACK,XIRECS,10051.0,2
437400,,,VELVETFRUIT_EXTRACT,XIRECS,5220.0,5
437500,,,VELVETFRUIT_EXTRACT,XIRECS,5220.0,6
438800,,,HYDROGEL_PACK,XIRECS,10051.0,6
439100,,,HYDROGEL_PACK,XIRECS,10051.0,3
439700,,,VELVETFRUIT_EXTRACT,XIRECS,5215.0,3
441900,,,VELVETFRUIT_EXTRACT,XIRECS,5219.0,5
442200,,,VEV_5300,XIRECS,23.0,2
442200,,,VEV_5400,XIRECS,5.0,2
442200,,,VEV_5500,XIRECS,1.0,2
442200,,,VEV_6000,XIRECS,0.0,2
442200,,,VEV_6500,XIRECS,0.0,2
442400,,,VELVETFRUIT_EXTRACT,XIRECS,5213.0,6
442900,,,HYDROGEL_PACK,XIRECS,10052.0,2
443100,,,VELVETFRUIT_EXTRACT,XIRECS,5217.0,11
444100,,,VELVETFRUIT_EXTRACT,XIRECS,5215.0,8
444500,,,VELVETFRUIT_EXTRACT,XIRECS,5218.0,8
445000,,,VELVETFRUIT_EXTRACT,XIRECS,5212.0,6
445100,SUBMISSION,,VEV_5100,XIRECS,131.0,3
446100,,,HYDROGEL_PACK,XIRECS,10054.0,2
446200,,,VELVETFRUIT_EXTRACT,XIRECS,5209.0,7
446700,SUBMISSION,,VEV_5100,XIRECS,129.0,3
447800,SUBMISSION,,VEV_5100,XIRECS,128.0,1
448000,,,VELVETFRUIT_EXTRACT,XIRECS,5210.0,4
450300,,,VELVETFRUIT_EXTRACT,XIRECS,5214.0,10
450700,,,VELVETFRUIT_EXTRACT,XIRECS,5210.0,6
451000,SUBMISSION,,HYDROGEL_PACK,XIRECS,10044.0,4
451300,,SUBMISSION,HYDROGEL_PACK,XIRECS,10052.0,6
451300,,,VEV_5300,XIRECS,23.0,3
451300,,,VEV_5400,XIRECS,5.0,3
451300,,,VEV_5500,XIRECS,1.0,3
451300,,,VEV_6000,XIRECS,0.0,3
451300,,,VEV_6500,XIRECS,0.0,3
451600,SUBMISSION,,HYDROGEL_PACK,XIRECS,10041.0,2
452100,,SUBMISSION,VEV_5100,XIRECS,124.0,1
452100,,,VEV_4000,XIRECS,1218.0,1
452800,,,VEV_4000,XIRECS,1201.0,1
453000,SUBMISSION,,HYDROGEL_PACK,XIRECS,10047.0,4
454000,,,VELVETFRUIT_EXTRACT,XIRECS,5212.0,4
454100,,,VELVETFRUIT_EXTRACT,XIRECS,5207.0,6
454500,,,VELVETFRUIT_EXTRACT,XIRECS,5211.0,3
454900,,SUBMISSION,HYDROGEL_PACK,XIRECS,10067.0,2
456100,,,VELVETFRUIT_EXTRACT,XIRECS,5210.0,3
456400,,,VELVETFRUIT_EXTRACT,XIRECS,5217.0,6
456600,,,VEV_5300,XIRECS,23.0,2
456600,,,VEV_5400,XIRECS,5.0,2
456600,,,VEV_5500,XIRECS,1.0,2
456600,,,VEV_6000,XIRECS,0.0,2
456600,,,VEV_6500,XIRECS,0.0,2
457800,,,VELVETFRUIT_EXTRACT,XIRECS,5214.0,3
459700,SUBMISSION,,HYDROGEL_PACK,XIRECS,10074.0,4
459800,,,VEV_5300,XIRECS,23.0,2
459800,,,VEV_5400,XIRECS,5.0,2
459800,,,VEV_5500,XIRECS,1.0,2
459800,,,VEV_6000,XIRECS,0.0,2
459800,,,VEV_6500,XIRECS,0.0,2
461400,,SUBMISSION,HYDROGEL_PACK,XIRECS,10079.0,4
462100,,,VELVETFRUIT_EXTRACT,XIRECS,5212.0,9
463500,,SUBMISSION,VELVETFRUIT_EXTRACT,XIRECS,5216.0,5
464800,,SUBMISSION,VELVETFRUIT_EXTRACT,XIRECS,5216.0,5
464900,,SUBMISSION,VELVETFRUIT_EXTRACT,XIRECS,5218.0,5
465000,SUBMISSION,,HYDROGEL_PACK,XIRECS,10052.0,6
465000,,SUBMISSION,VELVETFRUIT_EXTRACT,XIRECS,5217.0,5
465100,,SUBMISSION,VELVETFRUIT_EXTRACT,XIRECS,5217.0,5
465200,,SUBMISSION,VELVETFRUIT_EXTRACT,XIRECS,5220.0,5
465300,,SUBMISSION,VELVETFRUIT_EXTRACT,XIRECS,5217.0,5
465500,,,VEV_4000,XIRECS,1207.0,1
465600,,SUBMISSION,HYDROGEL_PACK,XIRECS,10065.0,6
466400,SUBMISSION,,HYDROGEL_PACK,XIRECS,10051.0,3
466900,SUBMISSION,,HYDROGEL_PACK,XIRECS,10050.0,5
467300,,,VELVETFRUIT_EXTRACT,XIRECS,5213.0,7
469100,,,VELVETFRUIT_EXTRACT,XIRECS,5208.0,3
471200,,SUBMISSION,VEV_5100,XIRECS,127.0,1
471200,,SUBMISSION,VEV_5200,XIRECS,61.0,1
471200,,,VEV_4000,XIRECS,1222.0,1
471300,SUBMISSION,,VEV_5200,XIRECS,62.0,1
471700,,,VELVETFRUIT_EXTRACT,XIRECS,5209.0,5
473400,,SUBMISSION,HYDROGEL_PACK,XIRECS,10060.0,6
473800,SUBMISSION,,VEV_5100,XIRECS,129.0,1
474600,SUBMISSION,,HYDROGEL_PACK,XIRECS,10042.0,4
475400,,SUBMISSION,HYDROGEL_PACK,XIRECS,10027.0,10
475400,,SUBMISSION,HYDROGEL_PACK,XIRECS,10025.0,20
476800,,,HYDROGEL_PACK,XIRECS,10029.0,2
476900,,,HYDROGEL_PACK,XIRECS,10028.0,4
477000,,,VELVETFRUIT_EXTRACT,XIRECS,5210.0,5
478700,,,VELVETFRUIT_EXTRACT,XIRECS,5220.0,4
480000,,,VEV_4000,XIRECS,1207.0,1
480200,,SUBMISSION,HYDROGEL_PACK,XIRECS,10039.0,5
481200,,,HYDROGEL_PACK,XIRECS,10020.0,4
481700,,SUBMISSION,VEV_5100,XIRECS,130.0,2
481700,,SUBMISSION,VEV_5200,XIRECS,63.0,1
481700,,,VEV_4000,XIRECS,1225.0,2
481800,SUBMISSION,,VEV_5200,XIRECS,64.0,1
483900,,,VEV_5300,XIRECS,22.0,3
483900,,,VEV_5500,XIRECS,1.0,3
483900,,,VEV_6000,XIRECS,0.0,3
483900,,,VEV_6500,XIRECS,0.0,3
485400,,,VELVETFRUIT_EXTRACT,XIRECS,5218.0,3
485500,,,VEV_5400,XIRECS,5.0,2
485500,,,VEV_5500,XIRECS,1.0,2
485500,,,VEV_6000,XIRECS,0.0,2
485500,,,VEV_6500,XIRECS,0.0,2
486800,,,HYDROGEL_PACK,XIRECS,10059.0,4
487200,SUBMISSION,,VEV_5100,XIRECS,129.0,2
489800,,,VELVETFRUIT_EXTRACT,XIRECS,5210.0,8
489900,,SUBMISSION,VEV_5100,XIRECS,127.0,2
489900,,SUBMISSION,VEV_5200,XIRECS,61.0,1
489900,,,VEV_4000,XIRECS,1222.0,3
490100,SUBMISSION,,VEV_5200,XIRECS,64.0,1
490700,,SUBMISSION,HYDROGEL_PACK,XIRECS,10056.0,4
491300,SUBMISSION,,VEV_5100,XIRECS,127.0,1
491400,,SUBMISSION,VEV_5100,XIRECS,124.0,1
491400,,,VEV_4000,XIRECS,1218.0,1
491500,,,VEV_4000,XIRECS,1199.0,2
492500,,SUBMISSION,VEV_5100,XIRECS,128.0,1
492500,,SUBMISSION,VEV_5300,XIRECS,24.0,2
492500,,,VEV_4000,XIRECS,1223.0,2
493200,,,VELVETFRUIT_EXTRACT,XIRECS,5208.0,8
493700,,,VELVETFRUIT_EXTRACT,XIRECS,5212.0,8
494100,,,VELVETFRUIT_EXTRACT,XIRECS,5212.0,4
494500,SUBMISSION,,VEV_5100,XIRECS,128.0,1
495100,SUBMISSION,,VEV_5100,XIRECS,127.0,4
495400,,,HYDROGEL_PACK,XIRECS,10052.0,4
496600,SUBMISSION,,VEV_5000,XIRECS,214.0,4
496600,SUBMISSION,,VEV_5100,XIRECS,126.0,2
496700,,SUBMISSION,VEV_5000,XIRECS,208.0,4
496900,,,VEV_4000,XIRECS,1197.0,2
497200,SUBMISSION,,VEV_5000,XIRECS,211.0,6
497300,,SUBMISSION,VEV_5000,XIRECS,207.0,6
497300,,,VELVETFRUIT_EXTRACT,XIRECS,5203.0,7
497600,SUBMISSION,,HYDROGEL_PACK,XIRECS,10035.0,5
497700,,,VELVETFRUIT_EXTRACT,XIRECS,5209.0,4
498100,SUBMISSION,,HYDROGEL_PACK,XIRECS,10038.0,5
498100,,,VEV_5300,XIRECS,21.0,5
498100,,,VEV_5400,XIRECS,4.0,5
498100,,,VEV_5500,XIRECS,1.0,5
498100,,,VEV_6000,XIRECS,0.0,5
498100,,,VEV_6500,XIRECS,0.0,5
498200,SUBMISSION,,VEV_5000,XIRECS,210.0,7
498300,SUBMISSION,,VEV_5000,XIRECS,211.0,3
498400,SUBMISSION,,VEV_5000,XIRECS,209.0,1
498500,,SUBMISSION,VEV_5000,XIRECS,204.0,4
498600,SUBMISSION,,VEV_5000,XIRECS,209.0,9
498700,SUBMISSION,,VELVETFRUIT_EXTRACT,XIRECS,5199.0,5
498700,SUBMISSION,,VEV_5000,XIRECS,207.0,20
498700,SUBMISSION,,VEV_5100,XIRECS,120.0,8
498800,,SUBMISSION,VEV_5000,XIRECS,201.0,7
498800,,,VELVETFRUIT_EXTRACT,XIRECS,5196.0,5
498900,,SUBMISSION,VEV_5000,XIRECS,202.0,4
499000,,,VELVETFRUIT_EXTRACT,XIRECS,5198.0,6
499100,,SUBMISSION,VEV_5000,XIRECS,203.0,5
499200,,SUBMISSION,VEV_5000,XIRECS,204.0,5
499300,SUBMISSION,,VEV_5000,XIRECS,209.0,4
499400,SUBMISSION,,VEV_5000,XIRECS,207.0,2
499500,SUBMISSION,,VEV_5000,XIRECS,208.0,4
499800,SUBMISSION,,HYDROGEL_PACK,XIRECS,10033.0,2
499800,SUBMISSION,,VEV_5000,XIRECS,206.0,4
499900,,SUBMISSION,VEV_5000,XIRECS,201.0,4
500000,,SUBMISSION,VEV_5000,XIRECS,203.0,9
500100,,SUBMISSION,VEV_5000,XIRECS,203.0,1
500200,SUBMISSION,,VEV_5000,XIRECS,207.0,5
500300,,SUBMISSION,VEV_5000,XIRECS,202.0,2
500400,SUBMISSION,,VEV_5000,XIRECS,206.0,11
500500,SUBMISSION,,VELVETFRUIT_EXTRACT,XIRECS,5197.0,5
500500,SUBMISSION,,VEV_5000,XIRECS,205.0,8
500500,SUBMISSION,,VEV_5100,XIRECS,119.0,2
500600,,SUBMISSION,VEV_5000,XIRECS,201.0,5
500700,,SUBMISSION,VEV_5000,XIRECS,202.0,11
500800,SUBMISSION,,VEV_5000,XIRECS,206.0,4
500900,,SUBMISSION,VEV_5000,XIRECS,202.0,4
501000,,SUBMISSION,VEV_5000,XIRECS,203.0,5
501100,SUBMISSION,,VEV_5000,XIRECS,207.0,4
501200,SUBMISSION,,VEV_5000,XIRECS,207.0,5
501400,SUBMISSION,,VEV_5000,XIRECS,206.0,4
501500,,SUBMISSION,VEV_5000,XIRECS,201.0,4
501700,SUBMISSION,,VEV_5000,XIRECS,205.0,9
502000,,SUBMISSION,VEV_5000,XIRECS,200.0,5
502200,SUBMISSION,,VEV_5000,XIRECS,206.0,3
502300,,SUBMISSION,VEV_5000,XIRECS,201.0,3
502400,SUBMISSION,,VEV_5000,XIRECS,206.0,3
502500,,SUBMISSION,VEV_5000,XIRECS,201.0,3
502800,,SUBMISSION,VEV_5000,XIRECS,202.0,4
503000,SUBMISSION,,VEV_5000,XIRECS,205.0,9
503100,SUBMISSION,,VEV_5000,XIRECS,204.0,7
503200,,SUBMISSION,VEV_5000,XIRECS,199.0,10
503300,SUBMISSION,,HYDROGEL_PACK,XIRECS,10034.0,2
503300,SUBMISSION,,VEV_5000,XIRECS,203.0,8
503400,SUBMISSION,,VEV_5000,XIRECS,204.0,10
503400,SUBMISSION,,VEV_5100,XIRECS,118.0,1
503500,,SUBMISSION,VEV_5000,XIRECS,199.0,7
503600,,SUBMISSION,VEV_5000,XIRECS,199.0,9
503700,SUBMISSION,,VEV_5000,XIRECS,205.0,3
503800,SUBMISSION,,VEV_5000,XIRECS,203.0,6
504300,SUBMISSION,,VEV_5000,XIRECS,201.0,6
504300,SUBMISSION,,VEV_5100,XIRECS,116.0,2
504400,SUBMISSION,,VELVETFRUIT_EXTRACT,XIRECS,5195.0,5
504400,SUBMISSION,,VEV_5000,XIRECS,200.0,9
504500,,SUBMISSION,HYDROGEL_PACK,XIRECS,10053.0,6
504500,,SUBMISSION,VEV_5000,XIRECS,196.0,6
504600,,SUBMISSION,VEV_5000,XIRECS,196.0,1
504700,SUBMISSION,,VEV_5000,XIRECS,201.0,1
504800,,SUBMISSION,VEV_5000,XIRECS,196.0,1
504900,,SUBMISSION,VEV_5000,XIRECS,197.0,4
505000,SUBMISSION,,VEV_5000,XIRECS,202.0,2
505100,SUBMISSION,,VEV_5000,XIRECS,201.0,2
505200,,SUBMISSION,VEV_5000,XIRECS,198.0,13
505200,,SUBMISSION,VEV_5000,XIRECS,198.0,6
505300,SUBMISSION,,HYDROGEL_PACK,XIRECS,10045.0,3
505300,SUBMISSION,,VEV_5000,XIRECS,204.0,10
505400,,SUBMISSION,VEV_5000,XIRECS,200.0,6
505500,,SUBMISSION,VEV_5000,XIRECS,201.0,5
505600,,SUBMISSION,VEV_5000,XIRECS,204.0,1
505900,SUBMISSION,,VEV_5000,XIRECS,206.0,3
506000,SUBMISSION,,VEV_5000,XIRECS,205.0,2
506100,,SUBMISSION,VEV_5000,XIRECS,202.0,7
506200,,SUBMISSION,VEV_5000,XIRECS,202.0,7
506200,,,VELVETFRUIT_EXTRACT,XIRECS,5198.0,4
506300,,SUBMISSION,VEV_5000,XIRECS,204.0,5
506400,SUBMISSION,,VEV_5000,XIRECS,208.0,4
506500,,SUBMISSION,VEV_5000,XIRECS,204.0,4
506600,,SUBMISSION,VEV_5000,XIRECS,205.0,4
507000,SUBMISSION,,VEV_5000,XIRECS,210.0,4
507100,SUBMISSION,,VEV_5000,XIRECS,210.0,7
507200,,SUBMISSION,VEV_5000,XIRECS,206.0,16
507300,,SUBMISSION,VEV_5000,XIRECS,207.0,5
507500,SUBMISSION,,VEV_5000,XIRECS,211.0,10
507700,,SUBMISSION,VEV_5000,XIRECS,206.0,9
507800,SUBMISSION,,VEV_5000,XIRECS,210.0,9
507900,SUBMISSION,,VEV_5000,XIRECS,210.0,4
508000,,SUBMISSION,VEV_5000,XIRECS,206.0,10
508100,SUBMISSION,,VEV_5000,XIRECS,211.0,1
508200,,SUBMISSION,VEV_5000,XIRECS,206.0,1
508300,,,VELVETFRUIT_EXTRACT,XIRECS,5207.0,5
508400,,,VELVETFRUIT_EXTRACT,XIRECS,5207.0,7
508600,,SUBMISSION,VEV_5000,XIRECS,208.0,4
508800,,SUBMISSION,VEV_5000,XIRECS,208.0,1
509400,SUBMISSION,,VEV_5000,XIRECS,212.0,12
509500,,SUBMISSION,VEV_5000,XIRECS,208.0,12
509800,SUBMISSION,,VEV_5000,XIRECS,212.0,4
509900,,SUBMISSION,VEV_5000,XIRECS,209.0,4
510600,SUBMISSION,,VEV_5000,XIRECS,213.0,8
510600,,SUBMISSION,VEV_5100,XIRECS,123.0,1
510600,,SUBMISSION,VEV_5300,XIRECS,22.0,1
510600,,,VEV_4000,XIRECS,1217.0,1
510700,,SUBMISSION,VEV_5000,XIRECS,207.0,7
510800,SUBMISSION,,VEV_5000,XIRECS,211.0,1
510900,SUBMISSION,,VEV_5000,XIRECS,210.0,12
511000,,SUBMISSION,VEV_5100,XIRECS,120.0,2
511000,,SUBMISSION,VEV_5300,XIRECS,21.0,2
511000,,,VEV_4000,XIRECS,1213.0,2
511100,SUBMISSION,,VEV_5000,XIRECS,208.0,5
511200,SUBMISSION,,VEV_5000,XIRECS,208.0,6
511300,SUBMISSION,,VEV_5000,XIRECS,207.0,3
511400,SUBMISSION,,HYDROGEL_PACK,XIRECS,10039.0,6
511500,,SUBMISSION,VEV_5000,XIRECS,204.0,6
511600,,SUBMISSION,VEV_5000,XIRECS,204.0,11
511700,SUBMISSION,,VEV_5000,XIRECS,208.0,8
511800,,SUBMISSION,VEV_5000,XIRECS,203.0,4
511800,,,VEV_5200,XIRECS,55.0,2
511800,,,VEV_5300,XIRECS,20.0,2
511800,,,VEV_5400,XIRECS,4.0,2
511800,,,VEV_5500,XIRECS,0.0,2
511800,,,VEV_6000,XIRECS,0.0,2
511800,,,VEV_6500,XIRECS,0.0,2
511900,,SUBMISSION,VEV_5000,XIRECS,204.0,8
512000,SUBMISSION,,VEV_5000,XIRECS,208.0,9
512100,SUBMISSION,,VEV_5000,XIRECS,209.0,3
512200,,SUBMISSION,VEV_5000,XIRECS,205.0,5
512300,,SUBMISSION,VEV_5000,XIRECS,204.0,3
512800,SUBMISSION,,VEV_5000,XIRECS,211.0,14
512800,,,VELVETFRUIT_EXTRACT,XIRECS,5203.0,9
512900,,SUBMISSION,VEV_5000,XIRECS,205.0,12
512900,,SUBMISSION,VEV_5000,XIRECS,205.0,2
513000,,SUBMISSION,VEV_5000,XIRECS,207.0,8
513100,,SUBMISSION,VEV_5000,XIRECS,208.0,3
516200,,SUBMISSION,VELVETFRUIT_EXTRACT,XIRECS,5207.0,5
516300,,SUBMISSION,VELVETFRUIT_EXTRACT,XIRECS,5209.0,5
516400,,SUBMISSION,HYDROGEL_PACK,XIRECS,10050.0,3
516400,,SUBMISSION,VELVETFRUIT_EXTRACT,XIRECS,5209.0,5
516400,,,VEV_5200,XIRECS,60.0,4
516400,,,VEV_5400,XIRECS,4.0,4
516400,,,VEV_5500,XIRECS,1.0,4
516400,,,VEV_6000,XIRECS,0.0,4
516400,,,VEV_6500,XIRECS,0.0,4
516500,,SUBMISSION,VELVETFRUIT_EXTRACT,XIRECS,5209.0,5
516600,,SUBMISSION,VELVETFRUIT_EXTRACT,XIRECS,5209.0,5
516700,,SUBMISSION,VELVETFRUIT_EXTRACT,XIRECS,5209.0,5
516800,,SUBMISSION,VELVETFRUIT_EXTRACT,XIRECS,5210.0,5
516900,,SUBMISSION,VELVETFRUIT_EXTRACT,XIRECS,5210.0,5
517000,,SUBMISSION,VELVETFRUIT_EXTRACT,XIRECS,5208.0,5
517800,,,HYDROGEL_PACK,XIRECS,10062.0,6
518200,,,VELVETFRUIT_EXTRACT,XIRECS,5208.0,3
519100,SUBMISSION,,VEV_5000,XIRECS,214.0,3
519200,,SUBMISSION,VEV_5000,XIRECS,209.0,3
519500,SUBMISSION,,HYDROGEL_PACK,XIRECS,10053.0,6
519700,SUBMISSION,,HYDROGEL_PACK,XIRECS,10054.0,6
519700,SUBMISSION,,VEV_5000,XIRECS,210.0,10
519700,,SUBMISSION,VEV_5500,XIRECS,0.0,2
519700,,,VELVETFRUIT_EXTRACT,XIRECS,5206.0,8
519800,,SUBMISSION,VEV_5000,XIRECS,206.0,11
519900,SUBMISSION,,VEV_5000,XIRECS,211.0,2
520100,,SUBMISSION,VEV_5000,XIRECS,207.0,3
520400,SUBMISSION,,VEV_5000,XIRECS,212.0,7
520500,SUBMISSION,,VEV_5000,XIRECS,210.0,5
520600,,SUBMISSION,VEV_5000,XIRECS,206.0,8
520700,,SUBMISSION,VEV_5000,XIRECS,206.0,1
520800,,SUBMISSION,VEV_5000,XIRECS,206.0,3
520900,SUBMISSION,,VEV_5000,XIRECS,210.0,12
521000,,SUBMISSION,VEV_5000,XIRECS,206.0,6
521000,SUBMISSION,,VEV_5500,XIRECS,2.0,3
521100,SUBMISSION,,VEV_5000,XIRECS,210.0,6
521100,,SUBMISSION,VEV_5500,XIRECS,0.0,3
521200,SUBMISSION,,VEV_5000,XIRECS,209.0,8
521300,,SUBMISSION,VEV_5000,XIRECS,203.0,2
521400,,SUBMISSION,VEV_5000,XIRECS,204.0,6
521500,,SUBMISSION,VEV_5000,XIRECS,206.0,7
521600,SUBMISSION,,VEV_5000,XIRECS,210.0,5
521700,,SUBMISSION,VEV_5000,XIRECS,206.0,10
521700,,,VELVETFRUIT_EXTRACT,XIRECS,5207.0,5
521800,SUBMISSION,,VEV_5000,XIRECS,210.0,6
521900,,SUBMISSION,VEV_5000,XIRECS,206.0,2
522000,SUBMISSION,,VEV_5000,XIRECS,210.0,7
522000,,SUBMISSION,VEV_5500,XIRECS,0.0,2
522100,SUBMISSION,,VEV_5000,XIRECS,211.0,2
522200,,SUBMISSION,VEV_5000,XIRECS,206.0,11
522300,,SUBMISSION,VEV_5000,XIRECS,207.0,2
522400,,SUBMISSION,VEV_5000,XIRECS,208.0,1
522900,,,VELVETFRUIT_EXTRACT,XIRECS,5211.0,8
523000,SUBMISSION,,VEV_5000,XIRECS,214.0,1
523100,,SUBMISSION,VEV_5000,XIRECS,208.0,1
523200,SUBMISSION,,VEV_5000,XIRECS,213.0,1
523200,,,VELVETFRUIT_EXTRACT,XIRECS,5209.0,5
523300,,SUBMISSION,VEV_5000,XIRECS,207.0,1
523500,SUBMISSION,,VEV_5000,XIRECS,213.0,1
523600,,SUBMISSION,VEV_5000,XIRECS,207.0,1
523700,SUBMISSION,,VEV_5000,XIRECS,212.0,3
523800,,SUBMISSION,VEV_5000,XIRECS,207.0,1
523900,,SUBMISSION,VEV_5000,XIRECS,207.0,2
524000,,,VEV_5200,XIRECS,57.0,2
524000,,,VEV_5300,XIRECS,21.0,2
524000,,,VEV_5400,XIRECS,4.0,2
524000,,,VEV_5500,XIRECS,1.0,2
524000,,,VEV_6000,XIRECS,0.0,2
524000,,,VEV_6500,XIRECS,0.0,2
524100,SUBMISSION,,VEV_5000,XIRECS,212.0,3
524300,SUBMISSION,,VEV_5000,XIRECS,211.0,1
524400,SUBMISSION,,VEV_5000,XIRECS,209.0,8
524500,SUBMISSION,,VEV_5000,XIRECS,209.0,5
524600,,SUBMISSION,VEV_5000,XIRECS,204.0,3
524800,,SUBMISSION,VEV_5000,XIRECS,205.0,4
524900,,SUBMISSION,VEV_5000,XIRECS,206.0,6
524900,,,VELVETFRUIT_EXTRACT,XIRECS,5201.0,8
525000,,SUBMISSION,VEV_5000,XIRECS,206.0,1
525200,,SUBMISSION,VEV_5000,XIRECS,209.0,3
526100,SUBMISSION,,VEV_5000,XIRECS,212.0,1
526200,,SUBMISSION,VEV_5000,XIRECS,207.0,1
526700,SUBMISSION,,VEV_5000,XIRECS,211.0,3
526800,SUBMISSION,,VEV_5000,XIRECS,211.0,1
526900,,SUBMISSION,VEV_5000,XIRECS,206.0,1
527000,,SUBMISSION,VEV_5000,XIRECS,207.0,3
527300,SUBMISSION,,VEV_5000,XIRECS,210.0,6
527300,,SUBMISSION,VEV_5500,XIRECS,0.0,7
527400,,SUBMISSION,HYDROGEL_PACK,XIRECS,10044.0,3
527400,SUBMISSION,,VEV_5000,XIRECS,211.0,2
527500,,SUBMISSION,VEV_5000,XIRECS,205.0,1
527600,,SUBMISSION,VEV_5000,XIRECS,206.0,6
527700,,SUBMISSION,VEV_5000,XIRECS,206.0,4
527800,SUBMISSION,,VEV_5000,XIRECS,209.0,6
527900,SUBMISSION,,VEV_5000,XIRECS,209.0,7
528000,,SUBMISSION,VEV_5000,XIRECS,204.0,3
528100,SUBMISSION,,VEV_5000,XIRECS,209.0,3
528200,SUBMISSION,,VEV_5000,XIRECS,209.0,4
528200,,,VELVETFRUIT_EXTRACT,XIRECS,5205.0,4
528300,SUBMISSION,,VEV_5000,XIRECS,208.0,1
528400,SUBMISSION,,VEV_5000,XIRECS,207.0,1
528500,SUBMISSION,,VEV_5000,XIRECS,206.0,5
528600,SUBMISSION,,VEV_5000,XIRECS,207.0,6
528700,,SUBMISSION,VEV_5000,XIRECS,201.0,3
528800,,SUBMISSION,VEV_5000,XIRECS,201.0,10
528900,SUBMISSION,,VEV_5000,XIRECS,208.0,2
529000,SUBMISSION,,VEV_5000,XIRECS,209.0,1
529100,,SUBMISSION,VEV_5000,XIRECS,204.0,6
529200,SUBMISSION,,VEV_5000,XIRECS,209.0,3
529300,SUBMISSION,,VEV_5000,XIRECS,208.0,6
529500,SUBMISSION,,VEV_5000,XIRECS,206.0,4
529600,,SUBMISSION,VEV_5000,XIRECS,202.0,12
529600,,,VEV_5300,XIRECS,20.0,2
529600,,,VEV_5400,XIRECS,4.0,2
529600,,,VEV_5500,XIRECS,0.0,2
529600,,,VEV_6000,XIRECS,0.0,2
529600,,,VEV_6500,XIRECS,0.0,2
529700,SUBMISSION,,VEV_5000,XIRECS,207.0,14
529700,SUBMISSION,,VEV_5000,XIRECS,207.0,1
529800,,SUBMISSION,VEV_5000,XIRECS,202.0,7
529900,,SUBMISSION,VEV_5000,XIRECS,203.0,4
530000,,SUBMISSION,VEV_5000,XIRECS,203.0,6
530100,SUBMISSION,,VEV_5000,XIRECS,207.0,9
530300,SUBMISSION,,VEV_5000,XIRECS,207.0,8
530300,,,VELVETFRUIT_EXTRACT,XIRECS,5197.0,4
530400,,SUBMISSION,VEV_5000,XIRECS,202.0,11
530500,,SUBMISSION,VEV_5000,XIRECS,203.0,1
530600,SUBMISSION,,VEV_5000,XIRECS,208.0,5
530700,SUBMISSION,,VEV_5000,XIRECS,207.0,7
530800,SUBMISSION,,VEV_5000,XIRECS,205.0,9
530900,,SUBMISSION,VEV_5000,XIRECS,201.0,7
531000,,SUBMISSION,VEV_5000,XIRECS,201.0,5
531100,SUBMISSION,,VEV_5000,XIRECS,205.0,1
531300,,SUBMISSION,VEV_5000,XIRECS,201.0,1
531400,,SUBMISSION,VEV_5000,XIRECS,202.0,5
531500,,SUBMISSION,VEV_5000,XIRECS,202.0,7
531500,,,VEV_5300,XIRECS,20.0,2
531500,,,VEV_5400,XIRECS,4.0,2
531500,,,VEV_5500,XIRECS,0.0,2
531500,,,VEV_6000,XIRECS,0.0,2
531500,,,VEV_6500,XIRECS,0.0,2
531600,SUBMISSION,,VEV_5000,XIRECS,206.0,9
531700,SUBMISSION,,VEV_5000,XIRECS,206.0,3
531800,,SUBMISSION,HYDROGEL_PACK,XIRECS,10051.0,3
531800,SUBMISSION,,VEV_5000,XIRECS,205.0,5
531900,,SUBMISSION,VEV_5000,XIRECS,201.0,2
532000,SUBMISSION,,VEV_5000,XIRECS,205.0,5
532200,,SUBMISSION,VEV_5000,XIRECS,201.0,8
532300,SUBMISSION,,VEV_5000,XIRECS,206.0,3
532400,,SUBMISSION,VEV_5000,XIRECS,202.0,3
532400,,,VELVETFRUIT_EXTRACT,XIRECS,5197.0,4
532500,,SUBMISSION,VEV_5000,XIRECS,203.0,9
532600,,SUBMISSION,VEV_5000,XIRECS,202.0,6
532700,SUBMISSION,,VEV_5000,XIRECS,208.0,11
532800,SUBMISSION,,VEV_5000,XIRECS,206.0,7
532800,,,VELVETFRUIT_EXTRACT,XIRECS,5201.0,7
532900,,SUBMISSION,VEV_5000,XIRECS,202.0,8
533000,SUBMISSION,,VEV_5000,XIRECS,207.0,8
533100,,SUBMISSION,VEV_5000,XIRECS,203.0,8
533200,SUBMISSION,,VEV_5000,XIRECS,208.0,7
533300,,SUBMISSION,VEV_5000,XIRECS,203.0,11
533400,SUBMISSION,,VEV_5000,XIRECS,206.0,8
533500,SUBMISSION,,VEV_5000,XIRECS,204.0,9
533600,,SUBMISSION,VEV_5000,XIRECS,200.0,3
533700,SUBMISSION,,VEV_5000,XIRECS,203.0,5
533800,,SUBMISSION,HYDROGEL_PACK,XIRECS,10028.0,5
533800,SUBMISSION,,VEV_5000,XIRECS,202.0,8
533900,SUBMISSION,,VEV_5000,XIRECS,202.0,2
534000,,SUBMISSION,VEV_5000,XIRECS,195.0,1
534000,,SUBMISSION,VEV_5100,XIRECS,113.0,1
534000,,,VELVETFRUIT_EXTRACT,XIRECS,5196.0,4
534000,,,VEV_4000,XIRECS,1203.0,2
534100,SUBMISSION,,VEV_5000,XIRECS,201.0,6
534300,,SUBMISSION,VEV_5000,XIRECS,196.0,6
534400,SUBMISSION,,VEV_5000,XIRECS,200.0,7
534400,SUBMISSION,,VEV_5100,XIRECS,114.0,1
534500,,SUBMISSION,VEV_5000,XIRECS,195.0,1
534600,SUBMISSION,,VEV_5000,XIRECS,200.0,1
534700,,,VELVETFRUIT_EXTRACT,XIRECS,5190.0,5
534800,SUBMISSION,,VEV_5000,XIRECS,199.0,4
534800,SUBMISSION,,VEV_5100,XIRECS,113.0,1
534900,,,VEV_4000,XIRECS,1182.0,3
535000,,SUBMISSION,VEV_5000,XIRECS,195.0,5
535100,SUBMISSION,,VEV_5000,XIRECS,200.0,2
535300,,SUBMISSION,VEV_5000,XIRECS,196.0,5
535400,,SUBMISSION,VEV_5000,XIRECS,196.0,8
535400,,,VEV_5300,XIRECS,18.0,3
535400,,,VEV_5400,XIRECS,3.0,3
535400,,,VEV_5500,XIRECS,0.0,3
535400,,,VEV_6000,XIRECS,0.0,3
535400,,,VEV_6500,XIRECS,0.0,3
535500,SUBMISSION,,VEV_5000,XIRECS,200.0,12
535600,,SUBMISSION,VEV_5000,XIRECS,196.0,8
535600,,,VEV_4000,XIRECS,1184.0,2
535700,SUBMISSION,,VEV_5000,XIRECS,201.0,7
535800,,SUBMISSION,VEV_5000,XIRECS,199.0,4
535900,,SUBMISSION,VEV_5000,XIRECS,197.0,7
535900,,,VEV_5200,XIRECS,52.0,3
535900,,,VEV_5300,XIRECS,18.0,3
535900,,,VEV_5400,XIRECS,3.0,3
535900,,,VEV_5500,XIRECS,0.0,3
535900,,,VEV_6000,XIRECS,0.0,3
535900,,,VEV_6500,XIRECS,0.0,3
536100,SUBMISSION,,VEV_5000,XIRECS,203.0,3
536200,,SUBMISSION,VEV_5000,XIRECS,199.0,8
536300,,SUBMISSION,VEV_5000,XIRECS,199.0,1
536400,SUBMISSION,,VEV_5000,XIRECS,204.0,1
536400,,,HYDROGEL_PACK,XIRECS,10019.0,6
536600,,SUBMISSION,VEV_5000,XIRECS,200.0,4
536700,SUBMISSION,,VEV_5000,XIRECS,205.0,1
536800,SUBMISSION,,VEV_5000,XIRECS,204.0,3
536900,,SUBMISSION,VEV_5000,XIRECS,200.0,6
537000,SUBMISSION,,VEV_5000,XIRECS,205.0,1
537100,,SUBMISSION,VEV_5000,XIRECS,200.0,2
537200,SUBMISSION,,VEV_5000,XIRECS,205.0,6
537300,,SUBMISSION,VEV_5000,XIRECS,200.0,1
537400,,SUBMISSION,VEV_5000,XIRECS,200.0,4
537500,,SUBMISSION,VEV_5000,XIRECS,202.0,3
537700,,SUBMISSION,VEV_5000,XIRECS,202.0,5
537800,SUBMISSION,,VEV_5000,XIRECS,206.0,5
537900,,SUBMISSION,VEV_5000,XIRECS,203.0,9
538000,SUBMISSION,,VEV_5000,XIRECS,206.0,8
538100,SUBMISSION,,VEV_5000,XIRECS,206.0,16
538200,,SUBMISSION,VEV_5000,XIRECS,200.0,19
538300,SUBMISSION,,VEV_5000,XIRECS,206.0,1
538500,SUBMISSION,,VEV_5000,XIRECS,207.0,3
538800,,SUBMISSION,VEV_5000,XIRECS,203.0,8
538900,SUBMISSION,,VEV_5000,XIRECS,207.0,4
539000,,SUBMISSION,VEV_5000,XIRECS,203.0,4
539100,SUBMISSION,,VEV_5000,XIRECS,208.0,6
539200,,SUBMISSION,VEV_5000,XIRECS,202.0,3
539300,SUBMISSION,,VEV_5000,XIRECS,208.0,3
539400,,SUBMISSION,VEV_5000,XIRECS,202.0,2
539500,,SUBMISSION,VEV_5000,XIRECS,203.0,5
539800,SUBMISSION,,VEV_5000,XIRECS,208.0,1
539800,,,VELVETFRUIT_EXTRACT,XIRECS,5204.0,3
539900,SUBMISSION,,VEV_5000,XIRECS,207.0,4
540000,SUBMISSION,,VEV_5000,XIRECS,207.0,4
540100,,SUBMISSION,VEV_5000,XIRECS,202.0,4
540200,,SUBMISSION,VEV_5000,XIRECS,202.0,7
540200,,,VELVETFRUIT_EXTRACT,XIRECS,5200.0,3
540300,SUBMISSION,,VEV_5000,XIRECS,208.0,2
540300,,,HYDROGEL_PACK,XIRECS,10009.0,4
540500,,SUBMISSION,VEV_5000,XIRECS,205.0,7
540600,,SUBMISSION,VEV_5000,XIRECS,206.0,5
540700,,SUBMISSION,VEV_5000,XIRECS,207.0,6
540800,,SUBMISSION,VEV_5000,XIRECS,207.0,1
540900,SUBMISSION,,VEV_5000,XIRECS,211.0,7
541000,SUBMISSION,,VEV_5000,XIRECS,210.0,5
541100,SUBMISSION,,HYDROGEL_PACK,XIRECS,10003.0,6
541100,SUBMISSION,,VEV_5000,XIRECS,209.0,2
541200,,SUBMISSION,VEV_5000,XIRECS,206.0,6
541200,SUBMISSION,,VEV_5500,XIRECS,2.0,7
541300,SUBMISSION,,VEV_5000,XIRECS,211.0,3
541400,,SUBMISSION,VEV_5000,XIRECS,207.0,7
541700,SUBMISSION,,VEV_5000,XIRECS,213.0,1
542000,,SUBMISSION,VEV_5000,XIRECS,208.0,1
542400,SUBMISSION,,VEV_5000,XIRECS,212.0,11
542500,SUBMISSION,,HYDROGEL_PACK,XIRECS,9996.0,3
542500,,SUBMISSION,VEV_5000,XIRECS,206.0,11
542600,SUBMISSION,,VEV_5000,XIRECS,211.0,3
542700,,SUBMISSION,VEV_5000,XIRECS,206.0,2
542800,,SUBMISSION,VEV_5000,XIRECS,208.0,1
542900,SUBMISSION,,VEV_5000,XIRECS,213.0,1
543100,,SUBMISSION,VELVETFRUIT_EXTRACT,XIRECS,5207.0,5
543200,,SUBMISSION,VELVETFRUIT_EXTRACT,XIRECS,5207.0,5
543500,,SUBMISSION,VEV_5000,XIRECS,208.0,1
544000,SUBMISSION,,VEV_5000,XIRECS,212.0,1
544100,,SUBMISSION,VEV_5000,XIRECS,208.0,1
544400,SUBMISSION,,VEV_5000,XIRECS,212.0,1
544500,,SUBMISSION,VEV_5000,XIRECS,206.0,1
544600,SUBMISSION,,VEV_5000,XIRECS,211.0,3
544800,,SUBMISSION,VEV_5000,XIRECS,206.0,3
544900,SUBMISSION,,HYDROGEL_PACK,XIRECS,10001.0,6
544900,SUBMISSION,,VEV_5000,XIRECS,209.0,14
545000,SUBMISSION,,VEV_5000,XIRECS,208.0,4
545100,SUBMISSION,,VEV_5000,XIRECS,206.0,8
545200,,SUBMISSION,VEV_5000,XIRECS,202.0,7
545300,,SUBMISSION,VEV_5000,XIRECS,204.0,6
545400,,,VELVETFRUIT_EXTRACT,XIRECS,5200.0,5
545500,SUBMISSION,,VEV_5000,XIRECS,209.0,1
545600,SUBMISSION,,VEV_5000,XIRECS,208.0,8
545700,,SUBMISSION,VEV_5000,XIRECS,204.0,9
545900,,SUBMISSION,VEV_5000,XIRECS,204.0,3
546000,,SUBMISSION,VEV_5000,XIRECS,205.0,4
546100,SUBMISSION,,VEV_5000,XIRECS,210.0,3
546200,SUBMISSION,,VEV_5000,XIRECS,209.0,4
546300,SUBMISSION,,VEV_5000,XIRECS,208.0,1
546400,,SUBMISSION,VEV_5000,XIRECS,204.0,5
546500,SUBMISSION,,VEV_5000,XIRECS,208.0,9
546600,,SUBMISSION,VEV_5000,XIRECS,204.0,5
546700,,SUBMISSION,VEV_5000,XIRECS,205.0,7
546800,,SUBMISSION,VEV_5000,XIRECS,205.0,5
546900,SUBMISSION,,VEV_5000,XIRECS,211.0,3
547000,,SUBMISSION,VEV_5000,XIRECS,207.0,4
547000,,,VEV_4000,XIRECS,1195.0,1
547500,SUBMISSION,,VEV_5000,XIRECS,213.0,1
547600,,,VELVETFRUIT_EXTRACT,XIRECS,5210.0,4
547600,,,VEV_5400,XIRECS,4.0,4
547600,,,VEV_5500,XIRECS,1.0,4
547600,,,VEV_6000,XIRECS,0.0,4
547600,,,VEV_6500,XIRECS,0.0,4
547800,,SUBMISSION,VELVETFRUIT_EXTRACT,XIRECS,5207.0,5
547900,,SUBMISSION,VELVETFRUIT_EXTRACT,XIRECS,5207.0,5
548000,,SUBMISSION,VELVETFRUIT_EXTRACT,XIRECS,5207.0,5
548300,,SUBMISSION,VEV_5000,XIRECS,207.0,1
549600,,SUBMISSION,VELVETFRUIT_EXTRACT,XIRECS,5208.0,5
549700,,SUBMISSION,VELVETFRUIT_EXTRACT,XIRECS,5208.0,5
549800,,SUBMISSION,VELVETFRUIT_EXTRACT,XIRECS,5210.0,5
549800,SUBMISSION,,VEV_5000,XIRECS,219.0,1
549900,,SUBMISSION,VELVETFRUIT_EXTRACT,XIRECS,5210.0,5
550000,,SUBMISSION,VELVETFRUIT_EXTRACT,XIRECS,5210.0,5
550100,,SUBMISSION,VELVETFRUIT_EXTRACT,XIRECS,5209.0,5
550100,,SUBMISSION,VEV_5000,XIRECS,212.0,1
550300,,SUBMISSION,VELVETFRUIT_EXTRACT,XIRECS,5213.0,5
550400,,SUBMISSION,VELVETFRUIT_EXTRACT,XIRECS,5211.0,5
550500,,SUBMISSION,VELVETFRUIT_EXTRACT,XIRECS,5210.0,5
550600,,SUBMISSION,VELVETFRUIT_EXTRACT,XIRECS,5211.0,5
550700,,SUBMISSION,VELVETFRUIT_EXTRACT,XIRECS,5211.0,5
550700,SUBMISSION,,VEV_5000,XIRECS,219.0,1
550800,,SUBMISSION,VELVETFRUIT_EXTRACT,XIRECS,5211.0,5
550900,,SUBMISSION,VELVETFRUIT_EXTRACT,XIRECS,5212.0,5
551000,,SUBMISSION,VELVETFRUIT_EXTRACT,XIRECS,5214.0,5
551000,,SUBMISSION,VEV_5000,XIRECS,217.0,1
551100,,SUBMISSION,VELVETFRUIT_EXTRACT,XIRECS,5214.0,5
551200,,SUBMISSION,VELVETFRUIT_EXTRACT,XIRECS,5213.0,5
551300,,SUBMISSION,VELVETFRUIT_EXTRACT,XIRECS,5214.0,5
551400,,SUBMISSION,VELVETFRUIT_EXTRACT,XIRECS,5214.0,5
551500,,SUBMISSION,VELVETFRUIT_EXTRACT,XIRECS,5212.0,5
551600,,SUBMISSION,VELVETFRUIT_EXTRACT,XIRECS,5211.0,5
551600,,,VEV_5300,XIRECS,23.0,4
551600,,,VEV_5500,XIRECS,1.0,4
551600,,,VEV_6000,XIRECS,0.0,4
551600,,,VEV_6500,XIRECS,0.0,4
551700,,SUBMISSION,VELVETFRUIT_EXTRACT,XIRECS,5212.0,5
551800,SUBMISSION,,HYDROGEL_PACK,XIRECS,9996.0,2
551800,,SUBMISSION,VELVETFRUIT_EXTRACT,XIRECS,5212.0,5
552200,,SUBMISSION,VELVETFRUIT_EXTRACT,XIRECS,5212.0,5
552200,SUBMISSION,,VEV_5000,XIRECS,220.0,1
552400,,SUBMISSION,VELVETFRUIT_EXTRACT,XIRECS,5213.0,5
552400,,SUBMISSION,VEV_5000,XIRECS,216.0,1
552500,,SUBMISSION,VELVETFRUIT_EXTRACT,XIRECS,5214.0,5
552500,,,VELVETFRUIT_EXTRACT,XIRECS,5214.0,8
552600,,SUBMISSION,VELVETFRUIT_EXTRACT,XIRECS,5214.0,5
552700,,SUBMISSION,VELVETFRUIT_EXTRACT,XIRECS,5214.0,5
552700,,,VEV_4000,XIRECS,1206.0,3
552800,,SUBMISSION,VELVETFRUIT_EXTRACT,XIRECS,5215.0,5
553000,,SUBMISSION,VELVETFRUIT_EXTRACT,XIRECS,5214.0,5
553100,,SUBMISSION,VELVETFRUIT_EXTRACT,XIRECS,5216.0,5
553200,,SUBMISSION,VELVETFRUIT_EXTRACT,XIRECS,5214.0,5
553200,SUBMISSION,,VEV_5000,XIRECS,223.0,1
553300,,SUBMISSION,VELVETFRUIT_EXTRACT,XIRECS,5215.0,5
553300,,SUBMISSION,VEV_5000,XIRECS,218.0,1
553400,,SUBMISSION,VELVETFRUIT_EXTRACT,XIRECS,5215.0,5
553500,,SUBMISSION,VELVETFRUIT_EXTRACT,XIRECS,5215.0,5
553500,,,VEV_4000,XIRECS,1207.0,1
553600,,SUBMISSION,VELVETFRUIT_EXTRACT,XIRECS,5216.0,5
553700,,SUBMISSION,VELVETFRUIT_EXTRACT,XIRECS,5216.0,5
553900,,SUBMISSION,VELVETFRUIT_EXTRACT,XIRECS,5215.0,5
554000,,SUBMISSION,VELVETFRUIT_EXTRACT,XIRECS,5217.0,5
554100,,SUBMISSION,VELVETFRUIT_EXTRACT,XIRECS,5218.0,5
554200,,SUBMISSION,VELVETFRUIT_EXTRACT,XIRECS,5218.0,5
554200,SUBMISSION,,VEV_5000,XIRECS,226.0,1
554300,,SUBMISSION,VELVETFRUIT_EXTRACT,XIRECS,5216.0,5
554400,,SUBMISSION,VELVETFRUIT_EXTRACT,XIRECS,5216.0,5
554500,,SUBMISSION,VELVETFRUIT_EXTRACT,XIRECS,5218.0,5
554500,,,VELVETFRUIT_EXTRACT,XIRECS,5223.0,3
554600,,SUBMISSION,VELVETFRUIT_EXTRACT,XIRECS,5217.0,5
554700,,SUBMISSION,VELVETFRUIT_EXTRACT,XIRECS,5219.0,5
554700,,SUBMISSION,VEV_5000,XIRECS,222.0,2
554800,,SUBMISSION,VELVETFRUIT_EXTRACT,XIRECS,5221.0,5
554800,SUBMISSION,,VEV_5000,XIRECS,229.0,1
554900,,SUBMISSION,VELVETFRUIT_EXTRACT,XIRECS,5221.0,5
555000,,SUBMISSION,VELVETFRUIT_EXTRACT,XIRECS,5221.0,5
555100,,SUBMISSION,VELVETFRUIT_EXTRACT,XIRECS,5221.0,5
555100,,,VEV_5200,XIRECS,67.0,5
555100,,,VEV_5300,XIRECS,26.0,5
555100,,,VEV_5400,XIRECS,5.0,5
555100,,,VEV_5500,XIRECS,1.0,5
555100,,,VEV_6000,XIRECS,0.0,5
555100,,,VEV_6500,XIRECS,0.0,5
555200,,SUBMISSION,VELVETFRUIT_EXTRACT,XIRECS,5222.0,5
555200,,,VELVETFRUIT_EXTRACT,XIRECS,5222.0,6
555300,,SUBMISSION,VELVETFRUIT_EXTRACT,XIRECS,5222.0,5
555400,,SUBMISSION,VELVETFRUIT_EXTRACT,XIRECS,5221.0,5
555500,,SUBMISSION,HYDROGEL_PACK,XIRECS,10005.0,5
555500,,SUBMISSION,VELVETFRUIT_EXTRACT,XIRECS,5221.0,5
555600,,SUBMISSION,VELVETFRUIT_EXTRACT,XIRECS,5220.0,5
555800,,SUBMISSION,VELVETFRUIT_EXTRACT,XIRECS,5219.0,5
555900,,SUBMISSION,VELVETFRUIT_EXTRACT,XIRECS,5220.0,5
556000,,SUBMISSION,VELVETFRUIT_EXTRACT,XIRECS,5220.0,5
556300,SUBMISSION,,VEV_5000,XIRECS,226.0,1
556400,,SUBMISSION,VEV_5000,XIRECS,219.0,2
556400,,,VEV_5400,XIRECS,5.0,5
556400,,,VEV_5500,XIRECS,1.0,5
556400,,,VEV_6000,XIRECS,0.0,5
556400,,,VEV_6500,XIRECS,0.0,5
556500,SUBMISSION,,VEV_5000,XIRECS,226.0,1
557500,SUBMISSION,,VEV_5000,XIRECS,225.0,1
557700,,SUBMISSION,VEV_5000,XIRECS,219.0,1
557900,SUBMISSION,,VEV_5000,XIRECS,225.0,1
558000,,SUBMISSION,VEV_5000,XIRECS,220.0,1
558100,SUBMISSION,,VEV_5000,XIRECS,223.0,1
558200,,SUBMISSION,VEV_5000,XIRECS,217.0,1
558600,,SUBMISSION,VEV_5100,XIRECS,132.0,2
558600,,,VEV_4000,XIRECS,1229.0,2
559400,SUBMISSION,,VEV_5000,XIRECS,223.0,1
559400,,,VELVETFRUIT_EXTRACT,XIRECS,5214.0,3
560000,,SUBMISSION,VEV_5000,XIRECS,217.0,1
560300,,,VELVETFRUIT_EXTRACT,XIRECS,5220.0,4
560700,SUBMISSION,,VEV_5000,XIRECS,221.0,1
560800,,SUBMISSION,VEV_5000,XIRECS,215.0,1
560900,,,VELVETFRUIT_EXTRACT,XIRECS,5214.0,9
561000,,,VELVETFRUIT_EXTRACT,XIRECS,5212.0,6
562200,,,VELVETFRUIT_EXTRACT,XIRECS,5220.0,8
562500,,,VELVETFRUIT_EXTRACT,XIRECS,5222.0,7
562900,,,VELVETFRUIT_EXTRACT,XIRECS,5224.0,3
563300,,SUBMISSION,VEV_5000,XIRECS,223.0,1
563400,SUBMISSION,,VEV_5000,XIRECS,228.0,1
563600,,SUBMISSION,VEV_5000,XIRECS,223.0,1
563800,SUBMISSION,,VEV_5000,XIRECS,227.0,2
563900,,SUBMISSION,VEV_5000,XIRECS,222.0,2
564300,SUBMISSION,,VEV_5000,XIRECS,231.0,2
564700,,SUBMISSION,VEV_5000,XIRECS,224.0,1
565100,,SUBMISSION,VEV_5000,XIRECS,227.0,1
565100,,,VELVETFRUIT_EXTRACT,XIRECS,5229.0,6
565200,SUBMISSION,,VEV_5000,XIRECS,233.0,1
565600,,SUBMISSION,VEV_5000,XIRECS,226.0,1
565600,,,VEV_5400,XIRECS,6.0,4
565600,,,VEV_5500,XIRECS,1.0,4
565600,,,VEV_6000,XIRECS,0.0,4
565600,,,VEV_6500,XIRECS,0.0,4
565700,,SUBMISSION,HYDROGEL_PACK,XIRECS,10000.0,4
565700,SUBMISSION,,VEV_5000,XIRECS,231.0,1
566100,,,VELVETFRUIT_EXTRACT,XIRECS,5223.0,4
566500,,SUBMISSION,VEV_5100,XIRECS,139.0,2
566500,,SUBMISSION,VEV_5300,XIRECS,27.0,2
566500,,,VEV_4000,XIRECS,1237.0,2
567800,,,VELVETFRUIT_EXTRACT,XIRECS,5222.0,5
568300,,,VEV_4000,XIRECS,1218.0,1
568400,,SUBMISSION,VEV_5000,XIRECS,227.0,2
568500,SUBMISSION,,VEV_5000,XIRECS,232.0,1
568600,SUBMISSION,,VEV_5000,XIRECS,232.0,2
568700,,SUBMISSION,VEV_5000,XIRECS,226.0,2
568800,SUBMISSION,,VEV_5000,XIRECS,232.0,2
568900,,SUBMISSION,VEV_5000,XIRECS,226.0,2
569100,SUBMISSION,,VEV_5000,XIRECS,232.0,1
569900,,,VELVETFRUIT_EXTRACT,XIRECS,5228.0,4
570100,,,VELVETFRUIT_EXTRACT,XIRECS,5224.0,3
571400,,SUBMISSION,VEV_5000,XIRECS,223.0,1
571600,SUBMISSION,,VEV_5000,XIRECS,228.0,1
571800,,SUBMISSION,VEV_5000,XIRECS,223.0,1
571900,SUBMISSION,,VEV_5000,XIRECS,228.0,1
572400,,,VEV_4000,XIRECS,1211.0,3
572700,SUBMISSION,,VEV_5000,XIRECS,223.0,1
572800,,SUBMISSION,VEV_5000,XIRECS,218.0,1
572800,,,VELVETFRUIT_EXTRACT,XIRECS,5217.0,6
574300,SUBMISSION,,VEV_5000,XIRECS,226.0,1
574400,,SUBMISSION,VEV_5000,XIRECS,220.0,1
575300,,,VELVETFRUIT_EXTRACT,XIRECS,5221.0,7
576100,SUBMISSION,,VELVETFRUIT_EXTRACT,XIRECS,5217.0,5
577200,,,VEV_4000,XIRECS,1206.0,2
578000,SUBMISSION,,VEV_5000,XIRECS,223.0,1
578100,,SUBMISSION,VEV_5000,XIRECS,219.0,1
578300,,SUBMISSION,HYDROGEL_PACK,XIRECS,9992.0,5
578300,,,VELVETFRUIT_EXTRACT,XIRECS,5223.0,8
578400,,,VELVETFRUIT_EXTRACT,XIRECS,5218.0,3
578500,SUBMISSION,,HYDROGEL_PACK,XIRECS,9979.0,2
579000,,SUBMISSION,VEV_5100,XIRECS,136.0,3
579000,,,VEV_4000,XIRECS,1234.0,3
580600,,,VEV_5300,XIRECS,25.0,5
580600,,,VEV_5400,XIRECS,5.0,5
580600,,,VEV_5500,XIRECS,1.0,5
580600,,,VEV_6000,XIRECS,0.0,5
580600,,,VEV_6500,XIRECS,0.0,5
583100,,,VEV_5400,XIRECS,5.0,2
583100,,,VEV_5500,XIRECS,1.0,2
583100,,,VEV_6000,XIRECS,0.0,2
583100,,,VEV_6500,XIRECS,0.0,2
583800,SUBMISSION,,VEV_5000,XIRECS,225.0,1
584300,,SUBMISSION,VEV_5000,XIRECS,219.0,2
584300,,,VEV_5300,XIRECS,24.0,2
584300,,,VEV_5400,XIRECS,5.0,2
584300,,,VEV_5500,XIRECS,1.0,2
584300,,,VEV_6000,XIRECS,0.0,2
584300,,,VEV_6500,XIRECS,0.0,2
584400,SUBMISSION,,VEV_5000,XIRECS,223.0,1
584400,,,VELVETFRUIT_EXTRACT,XIRECS,5220.0,6
584800,SUBMISSION,,VEV_5000,XIRECS,222.0,1
584900,,SUBMISSION,VEV_5000,XIRECS,216.0,1
585200,SUBMISSION,,VEV_5000,XIRECS,221.0,1
585300,SUBMISSION,,VELVETFRUIT_EXTRACT,XIRECS,5217.0,5
585800,SUBMISSION,,VELVETFRUIT_EXTRACT,XIRECS,5216.0,5
585900,SUBMISSION,,VELVETFRUIT_EXTRACT,XIRECS,5216.0,5
585900,,SUBMISSION,VEV_5000,XIRECS,214.0,1
586000,SUBMISSION,,VEV_5000,XIRECS,220.0,1
586100,SUBMISSION,,VELVETFRUIT_EXTRACT,XIRECS,5216.0,5
586200,SUBMISSION,,VELVETFRUIT_EXTRACT,XIRECS,5214.0,5
586300,SUBMISSION,,VELVETFRUIT_EXTRACT,XIRECS,5215.0,5
586400,SUBMISSION,,VELVETFRUIT_EXTRACT,XIRECS,5215.0,5
586500,SUBMISSION,,VELVETFRUIT_EXTRACT,XIRECS,5214.0,5
586500,,SUBMISSION,VEV_5000,XIRECS,212.0,1
586600,SUBMISSION,,VELVETFRUIT_EXTRACT,XIRECS,5213.0,5
586700,SUBMISSION,,VELVETFRUIT_EXTRACT,XIRECS,5213.0,5
586800,SUBMISSION,,VELVETFRUIT_EXTRACT,XIRECS,5215.0,5
587400,,,VELVETFRUIT_EXTRACT,XIRECS,5213.0,6
587700,,,VELVETFRUIT_EXTRACT,XIRECS,5218.0,8
588300,,,VELVETFRUIT_EXTRACT,XIRECS,5216.0,5
589800,,,VELVETFRUIT_EXTRACT,XIRECS,5223.0,4
590000,,SUBMISSION,HYDROGEL_PACK,XIRECS,10017.0,4
590500,SUBMISSION,,HYDROGEL_PACK,XIRECS,9994.0,3
591200,,SUBMISSION,HYDROGEL_PACK,XIRECS,10015.0,5
591700,,,VELVETFRUIT_EXTRACT,XIRECS,5218.0,4
592600,SUBMISSION,,VEV_5000,XIRECS,224.0,1
592800,,SUBMISSION,VEV_5000,XIRECS,220.0,1
594000,,SUBMISSION,VEV_5000,XIRECS,222.0,1
594200,SUBMISSION,,VEV_5000,XIRECS,226.0,1
594300,,,VELVETFRUIT_EXTRACT,XIRECS,5219.0,4
595400,,,VELVETFRUIT_EXTRACT,XIRECS,5219.0,5
601400,,SUBMISSION,VEV_5000,XIRECS,223.0,1
601600,,,VELVETFRUIT_EXTRACT,XIRECS,5223.0,4
601700,SUBMISSION,,VEV_5000,XIRECS,230.0,2
601800,,SUBMISSION,VEV_5000,XIRECS,224.0,1
602000,,SUBMISSION,VEV_5000,XIRECS,225.0,1
602200,SUBMISSION,,VEV_5000,XIRECS,229.0,1
602800,,,VELVETFRUIT_EXTRACT,XIRECS,5218.0,5
603700,SUBMISSION,,VEV_5000,XIRECS,223.0,1
603800,,SUBMISSION,VEV_5000,XIRECS,217.0,1
603900,SUBMISSION,,VEV_5000,XIRECS,223.0,1
604000,,SUBMISSION,VEV_5000,XIRECS,219.0,1
604600,,SUBMISSION,VEV_5000,XIRECS,221.0,1
604800,SUBMISSION,,HYDROGEL_PACK,XIRECS,9999.0,5
604800,SUBMISSION,,VEV_5000,XIRECS,228.0,2
604900,,SUBMISSION,VEV_5000,XIRECS,222.0,1
605100,SUBMISSION,,VEV_5000,XIRECS,228.0,1
605300,,SUBMISSION,VEV_5000,XIRECS,223.0,2
605500,SUBMISSION,,VEV_5000,XIRECS,231.0,1
605800,,,VELVETFRUIT_EXTRACT,XIRECS,5221.0,4
607100,SUBMISSION,,HYDROGEL_PACK,XIRECS,9999.0,3
607900,,,HYDROGEL_PACK,XIRECS,10009.0,3
609600,,SUBMISSION,VEV_5000,XIRECS,220.0,1
609700,SUBMISSION,,VEV_5000,XIRECS,225.0,1
610000,,,VELVETFRUIT_EXTRACT,XIRECS,5223.0,5
610300,,,HYDROGEL_PACK,XIRECS,10022.0,5
612000,,SUBMISSION,VEV_5000,XIRECS,228.0,1
612100,SUBMISSION,,VEV_5000,XIRECS,232.0,1
612600,,SUBMISSION,VEV_5000,XIRECS,228.0,1
612700,,,VEV_5300,XIRECS,27.0,2
612700,,,VEV_5400,XIRECS,6.0,2
612700,,,VEV_5500,XIRECS,1.0,2
612700,,,VEV_6000,XIRECS,0.0,2
612700,,,VEV_6500,XIRECS,0.0,2
613100,SUBMISSION,,VEV_5000,XIRECS,237.0,1
613200,,SUBMISSION,VEV_5000,XIRECS,232.0,1
613500,SUBMISSION,,VEV_5000,XIRECS,238.0,1
613600,,SUBMISSION,VEV_5000,XIRECS,234.0,1
613700,,SUBMISSION,VELVETFRUIT_EXTRACT,XIRECS,5235.0,5
613800,,SUBMISSION,VELVETFRUIT_EXTRACT,XIRECS,5236.0,5
613900,,SUBMISSION,VELVETFRUIT_EXTRACT,XIRECS,5234.0,5
614000,,SUBMISSION,VELVETFRUIT_EXTRACT,XIRECS,5235.0,5
614100,,SUBMISSION,VELVETFRUIT_EXTRACT,XIRECS,5235.0,5
614200,,SUBMISSION,VELVETFRUIT_EXTRACT,XIRECS,5235.0,5
614300,,SUBMISSION,VELVETFRUIT_EXTRACT,XIRECS,5237.0,5
614300,,SUBMISSION,VEV_5000,XIRECS,239.0,1
614400,,SUBMISSION,VELVETFRUIT_EXTRACT,XIRECS,5237.0,5
614400,,,VELVETFRUIT_EXTRACT,XIRECS,5243.0,3
614500,,SUBMISSION,VELVETFRUIT_EXTRACT,XIRECS,5236.0,5
614500,SUBMISSION,,VEV_5000,XIRECS,243.0,1
614600,,SUBMISSION,VELVETFRUIT_EXTRACT,XIRECS,5239.0,5
614600,SUBMISSION,,VEV_5500,XIRECS,3.0,2
614700,,SUBMISSION,VELVETFRUIT_EXTRACT,XIRECS,5235.0,5
614700,SUBMISSION,,VEV_5000,XIRECS,243.0,1
614800,,,VEV_5400,XIRECS,7.0,2
614800,,,VEV_5500,XIRECS,1.0,2
614800,,,VEV_6000,XIRECS,0.0,2
614800,,,VEV_6500,XIRECS,0.0,2
614900,SUBMISSION,,VEV_5000,XIRECS,241.0,2
615000,,SUBMISSION,VEV_5000,XIRECS,237.0,2
615100,,SUBMISSION,VELVETFRUIT_EXTRACT,XIRECS,5236.0,5
615100,SUBMISSION,,VEV_5000,XIRECS,244.0,1
615300,,SUBMISSION,VELVETFRUIT_EXTRACT,XIRECS,5237.0,5
615400,,SUBMISSION,VELVETFRUIT_EXTRACT,XIRECS,5236.0,5
615400,,,HYDROGEL_PACK,XIRECS,10015.0,3
616000,,,VELVETFRUIT_EXTRACT,XIRECS,5230.0,6
616700,SUBMISSION,,VEV_5000,XIRECS,237.0,1
616700,,,VELVETFRUIT_EXTRACT,XIRECS,5230.0,14
616800,,SUBMISSION,VEV_5000,XIRECS,230.0,1
617100,SUBMISSION,,VEV_5000,XIRECS,235.0,1
617300,,SUBMISSION,VEV_5000,XIRECS,229.0,1
617400,SUBMISSION,,VEV_5000,XIRECS,237.0,1
617600,,SUBMISSION,VEV_5000,XIRECS,231.0,1
618400,,,VEV_4000,XIRECS,1219.0,2
618500,SUBMISSION,,HYDROGEL_PACK,XIRECS,10008.0,2
618500,SUBMISSION,,VEV_5000,XIRECS,235.0,1
618600,,SUBMISSION,VEV_5000,XIRECS,229.0,1
619000,SUBMISSION,,VEV_5000,XIRECS,233.0,1
619100,,SUBMISSION,VEV_5000,XIRECS,228.0,1
619400,SUBMISSION,,VEV_5000,XIRECS,232.0,1
619500,,SUBMISSION,VEV_5000,XIRECS,225.0,1
619800,SUBMISSION,,VEV_5000,XIRECS,230.0,1
620100,,,HYDROGEL_PACK,XIRECS,10025.0,6
620400,,SUBMISSION,VEV_5000,XIRECS,223.0,1
620600,SUBMISSION,,VEV_5000,XIRECS,228.0,1
620700,,SUBMISSION,VEV_5000,XIRECS,221.0,1
620800,SUBMISSION,,VEV_5000,XIRECS,227.0,1
621000,,,VEV_5400,XIRECS,5.0,5
621000,,,VEV_5500,XIRECS,1.0,5
621000,,,VEV_6000,XIRECS,0.0,5
621000,,,VEV_6500,XIRECS,0.0,5
621100,,SUBMISSION,VEV_5000,XIRECS,221.0,1
621400,SUBMISSION,,VELVETFRUIT_EXTRACT,XIRECS,5220.0,5
621500,SUBMISSION,,VELVETFRUIT_EXTRACT,XIRECS,5220.0,5
621500,,,HYDROGEL_PACK,XIRECS,10020.0,6
621600,SUBMISSION,,VELVETFRUIT_EXTRACT,XIRECS,5221.0,5
621600,SUBMISSION,,VEV_5000,XIRECS,224.0,1
621600,,,VELVETFRUIT_EXTRACT,XIRECS,5221.0,8
621700,SUBMISSION,,VELVETFRUIT_EXTRACT,XIRECS,5220.0,5
621900,,SUBMISSION,VEV_5000,XIRECS,220.0,1
622000,SUBMISSION,,VELVETFRUIT_EXTRACT,XIRECS,5219.0,5
622000,SUBMISSION,,VEV_5000,XIRECS,225.0,1
622100,,SUBMISSION,VEV_5000,XIRECS,220.0,1
622200,SUBMISSION,,VEV_5000,XIRECS,225.0,1
622300,,SUBMISSION,VEV_5000,XIRECS,220.0,1
622400,SUBMISSION,,VEV_5000,XIRECS,226.0,1
622500,,,VEV_5200,XIRECS,66.0,2
622500,,,VEV_5300,XIRECS,25.0,2
622500,,,VEV_5400,XIRECS,5.0,2
622500,,,VEV_5500,XIRECS,1.0,2
622500,,,VEV_6000,XIRECS,0.0,2
622500,,,VEV_6500,XIRECS,0.0,2
623600,,SUBMISSION,VEV_5000,XIRECS,223.0,1
624000,SUBMISSION,,VEV_5000,XIRECS,230.0,1
624000,,,HYDROGEL_PACK,XIRECS,10013.0,5
624200,,,VEV_5200,XIRECS,67.0,5
624200,,,VEV_5400,XIRECS,5.0,5
624200,,,VEV_5500,XIRECS,1.0,5
624200,,,VEV_6000,XIRECS,0.0,5
624200,,,VEV_6500,XIRECS,0.0,5
624500,,SUBMISSION,VEV_5000,XIRECS,224.0,1
624500,,,VELVETFRUIT_EXTRACT,XIRECS,5221.0,4
624600,SUBMISSION,,VEV_5000,XIRECS,231.0,1
624700,,SUBMISSION,VEV_5100,XIRECS,138.0,3
624700,,SUBMISSION,VEV_5300,XIRECS,27.0,3
624700,,,VEV_4000,XIRECS,1236.0,3
624800,,SUBMISSION,VEV_5000,XIRECS,227.0,1
624900,SUBMISSION,,VEV_5000,XIRECS,235.0,1
625100,,SUBMISSION,VEV_5000,XIRECS,229.0,1
625900,SUBMISSION,,VEV_5000,XIRECS,239.0,1
626300,,SUBMISSION,VEV_5000,XIRECS,236.0,1
626300,,,VELVETFRUIT_EXTRACT,XIRECS,5234.0,5
626500,SUBMISSION,,VEV_5000,XIRECS,240.0,1
627000,,SUBMISSION,VEV_5000,XIRECS,235.0,1
627400,,SUBMISSION,VEV_5000,XIRECS,238.0,1
627600,SUBMISSION,,VEV_5000,XIRECS,245.0,1
627700,,,VEV_5200,XIRECS,76.0,2
627700,,,VEV_5300,XIRECS,30.0,2
627700,,,VEV_5400,XIRECS,7.0,2
627700,,,VEV_6000,XIRECS,0.0,2
627700,,,VEV_6500,XIRECS,0.0,2
628000,SUBMISSION,,VEV_5500,XIRECS,3.0,1
628100,SUBMISSION,,VEV_5000,XIRECS,246.0,1
629100,SUBMISSION,,VEV_5000,XIRECS,240.0,1
629800,,SUBMISSION,VEV_5000,XIRECS,227.0,1
630100,SUBMISSION,,VEV_5000,XIRECS,235.0,1
630100,,,VELVETFRUIT_EXTRACT,XIRECS,5227.0,6
630200,,SUBMISSION,VEV_5000,XIRECS,229.0,1
630700,,,VEV_4000,XIRECS,1222.0,1
630900,SUBMISSION,,HYDROGEL_PACK,XIRECS,9975.0,2
631300,,,VEV_5300,XIRECS,29.0,5
631300,,,VEV_5400,XIRECS,6.0,5
631300,,,VEV_5500,XIRECS,1.0,5
631300,,,VEV_6000,XIRECS,0.0,5
631300,,,VEV_6500,XIRECS,0.0,5
631500,,,VEV_5300,XIRECS,29.0,2
631500,,,VEV_5400,XIRECS,6.0,2
631500,,,VEV_5500,XIRECS,1.0,2
631500,,,VEV_6000,XIRECS,0.0,2
631500,,,VEV_6500,XIRECS,0.0,2
632400,,,VELVETFRUIT_EXTRACT,XIRECS,5232.0,4
632500,,,VELVETFRUIT_EXTRACT,XIRECS,5227.0,4
632600,SUBMISSION,,VEV_5000,XIRECS,235.0,1
633000,,SUBMISSION,VEV_5000,XIRECS,229.0,1
633100,SUBMISSION,,VEV_5000,XIRECS,235.0,1
633200,,SUBMISSION,VEV_5000,XIRECS,229.0,1
633200,,,VELVETFRUIT_EXTRACT,XIRECS,5232.0,3
633800,SUBMISSION,,VEV_5000,XIRECS,237.0,1
633800,,,HYDROGEL_PACK,XIRECS,9989.0,6
633900,,SUBMISSION,VEV_5000,XIRECS,231.0,1
634500,,SUBMISSION,VEV_5000,XIRECS,233.0,2
634500,,,VEV_5300,XIRECS,29.0,2
634500,,,VEV_5400,XIRECS,6.0,2
634500,,,VEV_5500,XIRECS,1.0,2
634500,,,VEV_6000,XIRECS,0.0,2
634500,,,VEV_6500,XIRECS,0.0,2
634600,SUBMISSION,,VEV_5000,XIRECS,238.0,2
634800,SUBMISSION,,VEV_5000,XIRECS,237.0,1
635000,,SUBMISSION,VEV_5000,XIRECS,233.0,1
636600,,,VELVETFRUIT_EXTRACT,XIRECS,5238.0,7
636700,SUBMISSION,,VEV_5000,XIRECS,241.0,1
637000,,SUBMISSION,VEV_5000,XIRECS,236.0,1
637700,SUBMISSION,,VEV_5000,XIRECS,240.0,1
637800,,SUBMISSION,VEV_5000,XIRECS,234.0,1
640600,,SUBMISSION,VEV_5000,XIRECS,239.0,1
640800,SUBMISSION,,VEV_5000,XIRECS,244.0,1
641800,,SUBMISSION,VEV_5000,XIRECS,240.0,1
641800,,,VEV_4000,XIRECS,1231.0,2
642000,SUBMISSION,,VEV_5300,XIRECS,33.0,4
642300,SUBMISSION,,VEV_5000,XIRECS,250.0,2
642300,,,HYDROGEL_PACK,XIRECS,9985.0,5
642400,,SUBMISSION,VEV_5000,XIRECS,244.0,2
642500,SUBMISSION,,VEV_5300,XIRECS,34.0,4
642500,,,VEV_5300,XIRECS,32.0,3
642500,,,VEV_5400,XIRECS,8.0,3
642500,,,VEV_5500,XIRECS,2.0,3
642500,,,VEV_6000,XIRECS,0.0,3
642500,,,VEV_6500,XIRECS,0.0,3
642700,SUBMISSION,,VEV_5300,XIRECS,34.0,1
643100,SUBMISSION,,VEV_5000,XIRECS,252.0,1
643300,,SUBMISSION,VEV_5000,XIRECS,246.0,1
643300,SUBMISSION,,VEV_5300,XIRECS,35.0,3
643500,,SUBMISSION,VELVETFRUIT_EXTRACT,XIRECS,5247.0,5
643700,,SUBMISSION,VELVETFRUIT_EXTRACT,XIRECS,5247.0,5
643700,SUBMISSION,,VEV_5000,XIRECS,254.0,1
643800,,SUBMISSION,VELVETFRUIT_EXTRACT,XIRECS,5248.0,5
643900,,SUBMISSION,VELVETFRUIT_EXTRACT,XIRECS,5249.0,5
643900,,SUBMISSION,VEV_5000,XIRECS,250.0,1
644000,,SUBMISSION,VELVETFRUIT_EXTRACT,XIRECS,5249.0,5
644100,,SUBMISSION,VELVETFRUIT_EXTRACT,XIRECS,5251.0,5
644200,,SUBMISSION,VELVETFRUIT_EXTRACT,XIRECS,5249.0,5
644200,SUBMISSION,,VEV_5000,XIRECS,256.0,2
644300,,SUBMISSION,VELVETFRUIT_EXTRACT,XIRECS,5248.0,5
644300,,SUBMISSION,VEV_5000,XIRECS,250.0,2
644900,,SUBMISSION,HYDROGEL_PACK,XIRECS,9995.0,4
645500,SUBMISSION,,VEV_5000,XIRECS,259.0,1
647300,,SUBMISSION,VEV_5000,XIRECS,254.0,1
647400,,SUBMISSION,HYDROGEL_PACK,XIRECS,10000.0,4
647600,SUBMISSION,,VEV_5000,XIRECS,260.0,2
647700,SUBMISSION,,HYDROGEL_PACK,XIRECS,9982.0,3
647700,,SUBMISSION,VEV_5000,XIRECS,253.0,1
648100,,SUBMISSION,VEV_5000,XIRECS,254.0,1
648500,,,VELVETFRUIT_EXTRACT,XIRECS,5251.0,4
648800,SUBMISSION,,VEV_5000,XIRECS,257.0,1
649200,,SUBMISSION,HYDROGEL_PACK,XIRECS,10001.0,3
649500,,,VELVETFRUIT_EXTRACT,XIRECS,5254.0,8
649700,,SUBMISSION,VEV_5000,XIRECS,250.0,1
649800,SUBMISSION,,VEV_5000,XIRECS,255.0,1
651100,,SUBMISSION,HYDROGEL_PACK,XIRECS,9995.0,2
651700,,SUBMISSION,VEV_5000,XIRECS,256.0,1
651900,SUBMISSION,,VEV_5000,XIRECS,262.0,1
652000,,SUBMISSION,VEV_5000,XIRECS,256.0,1
652300,SUBMISSION,,VEV_5000,XIRECS,264.0,1
652500,,SUBMISSION,VEV_5000,XIRECS,256.0,1
653000,,,HYDROGEL_PACK,XIRECS,9978.0,2
653100,SUBMISSION,,VEV_5000,XIRECS,258.0,1
653400,,,VELVETFRUIT_EXTRACT,XIRECS,5252.0,9
654100,,SUBMISSION,VEV_5000,XIRECS,254.0,1
654300,SUBMISSION,,VEV_5000,XIRECS,259.0,2
654400,,SUBMISSION,VEV_5000,XIRECS,254.0,2
654500,SUBMISSION,,VEV_5000,XIRECS,260.0,1
654500,,,VELVETFRUIT_EXTRACT,XIRECS,5253.0,8
656200,,,VELVETFRUIT_EXTRACT,XIRECS,5248.0,6
657400,,SUBMISSION,VEV_5000,XIRECS,251.0,2
657500,SUBMISSION,,VEV_5000,XIRECS,260.0,3
657700,,SUBMISSION,VEV_5000,XIRECS,254.0,2
657800,SUBMISSION,,VEV_5000,XIRECS,260.0,1
658900,,SUBMISSION,VEV_5000,XIRECS,259.0,1
658900,,,HYDROGEL_PACK,XIRECS,9966.0,6
659200,SUBMISSION,,VEV_5000,XIRECS,269.0,1
660300,,,HYDROGEL_PACK,XIRECS,9960.0,4
660500,,SUBMISSION,VEV_5000,XIRECS,263.0,1
661200,SUBMISSION,,VEV_5000,XIRECS,266.0,1
661300,,SUBMISSION,VEV_5000,XIRECS,260.0,1
662300,,SUBMISSION,VEV_5500,XIRECS,2.0,1
662300,,,HYDROGEL_PACK,XIRECS,9961.0,6
662500,SUBMISSION,,VEV_5500,XIRECS,4.0,1
663000,,SUBMISSION,VEV_5500,XIRECS,2.0,1
663100,,,VELVETFRUIT_EXTRACT,XIRECS,5262.0,8
663600,,,VELVETFRUIT_EXTRACT,XIRECS,5262.0,7
664000,,SUBMISSION,VEV_5000,XIRECS,256.0,2
664100,SUBMISSION,,VEV_5000,XIRECS,264.0,2
664200,,SUBMISSION,VEV_5000,XIRECS,257.0,2
664300,SUBMISSION,,VEV_5000,XIRECS,264.0,1
664500,SUBMISSION,,VEV_5000,XIRECS,263.0,1
664600,,SUBMISSION,VEV_5000,XIRECS,257.0,1
664700,,,HYDROGEL_PACK,XIRECS,9969.0,4
666200,SUBMISSION,,VEV_5000,XIRECS,265.0,1
666300,,,VEV_4000,XIRECS,1249.0,3
666400,,,VELVETFRUIT_EXTRACT,XIRECS,5261.0,7
666500,,,VEV_5400,XIRECS,10.0,3
666500,,,VEV_5500,XIRECS,2.0,3
666500,,,VEV_6000,XIRECS,0.0,3
666500,,,VEV_6500,XIRECS,0.0,3
666600,,SUBMISSION,VEV_5000,XIRECS,256.0,2
666700,,,VEV_5500,XIRECS,2.0,3
666700,,,VEV_6000,XIRECS,0.0,3
666700,,,VEV_6500,XIRECS,0.0,3
666800,SUBMISSION,,VEV_5000,XIRECS,261.0,1
667000,SUBMISSION,,VEV_5000,XIRECS,262.0,1
667100,,,VEV_4000,XIRECS,1247.0,3
667400,,SUBMISSION,VEV_5000,XIRECS,257.0,2
667600,SUBMISSION,,VEV_5000,XIRECS,265.0,1
668000,SUBMISSION,,VEV_5000,XIRECS,260.0,1
668200,,SUBMISSION,VEV_5000,XIRECS,254.0,1
668300,SUBMISSION,,VEV_5000,XIRECS,260.0,1
668700,,,HYDROGEL_PACK,XIRECS,9959.0,3
669000,,SUBMISSION,VEV_5000,XIRECS,253.0,3
669100,SUBMISSION,,VEV_5000,XIRECS,259.0,2
669200,SUBMISSION,,VEV_5000,XIRECS,257.0,1
669300,,SUBMISSION,VEV_5000,XIRECS,251.0,1
669400,SUBMISSION,,VELVETFRUIT_EXTRACT,XIRECS,5251.0,5
669500,SUBMISSION,,VEV_5000,XIRECS,258.0,1
670200,,SUBMISSION,VEV_5000,XIRECS,250.0,1
670400,SUBMISSION,,VEV_5000,XIRECS,257.0,1
670600,SUBMISSION,,VELVETFRUIT_EXTRACT,XIRECS,5253.0,5
670700,SUBMISSION,,VELVETFRUIT_EXTRACT,XIRECS,5252.0,5
670700,,,HYDROGEL_PACK,XIRECS,9969.0,3
670800,SUBMISSION,,VELVETFRUIT_EXTRACT,XIRECS,5251.0,5
670900,SUBMISSION,,VELVETFRUIT_EXTRACT,XIRECS,5251.0,5
670900,,SUBMISSION,VEV_5000,XIRECS,247.0,1
671000,SUBMISSION,,VELVETFRUIT_EXTRACT,XIRECS,5250.0,5
671100,SUBMISSION,,VELVETFRUIT_EXTRACT,XIRECS,5251.0,5
671200,SUBMISSION,,VELVETFRUIT_EXTRACT,XIRECS,5251.0,5
671300,SUBMISSION,,VELVETFRUIT_EXTRACT,XIRECS,5251.0,5
671400,SUBMISSION,,VELVETFRUIT_EXTRACT,XIRECS,5251.0,5
671500,SUBMISSION,,VELVETFRUIT_EXTRACT,XIRECS,5252.0,5
671700,SUBMISSION,,VELVETFRUIT_EXTRACT,XIRECS,5251.0,5
671800,SUBMISSION,,VELVETFRUIT_EXTRACT,XIRECS,5247.0,5
671800,,,VEV_5300,XIRECS,33.0,4
671800,,,VEV_5400,XIRECS,8.0,4
671800,,,VEV_5500,XIRECS,2.0,4
671800,,,VEV_6000,XIRECS,0.0,4
671800,,,VEV_6500,XIRECS,0.0,4
671900,SUBMISSION,,VELVETFRUIT_EXTRACT,XIRECS,5251.0,5
671900,,,VEV_5300,XIRECS,33.0,4
671900,,,VEV_5400,XIRECS,8.0,4
671900,,,VEV_5500,XIRECS,2.0,4
671900,,,VEV_6000,XIRECS,0.0,4
671900,,,VEV_6500,XIRECS,0.0,4
672000,SUBMISSION,,VELVETFRUIT_EXTRACT,XIRECS,5250.0,5
672100,SUBMISSION,,VELVETFRUIT_EXTRACT,XIRECS,5249.0,5
672200,SUBMISSION,,VELVETFRUIT_EXTRACT,XIRECS,5245.0,5
672200,SUBMISSION,,VEV_5000,XIRECS,251.0,1
672300,SUBMISSION,,VELVETFRUIT_EXTRACT,XIRECS,5250.0,5
672300,,SUBMISSION,VEV_5000,XIRECS,246.0,1
672400,SUBMISSION,,HYDROGEL_PACK,XIRECS,9947.0,3
672400,SUBMISSION,,VELVETFRUIT_EXTRACT,XIRECS,5249.0,5
672500,SUBMISSION,,VELVETFRUIT_EXTRACT,XIRECS,5249.0,5
672600,SUBMISSION,,VELVETFRUIT_EXTRACT,XIRECS,5249.0,5
672700,SUBMISSION,,VELVETFRUIT_EXTRACT,XIRECS,5248.0,5
672800,SUBMISSION,,HYDROGEL_PACK,XIRECS,9942.0,6
672800,SUBMISSION,,VELVETFRUIT_EXTRACT,XIRECS,5249.0,5
672900,SUBMISSION,,VELVETFRUIT_EXTRACT,XIRECS,5250.0,5
673400,SUBMISSION,,VEV_5000,XIRECS,259.0,1
673700,,SUBMISSION,VEV_5000,XIRECS,254.0,2
674100,SUBMISSION,,VEV_5000,XIRECS,260.0,2
674200,,SUBMISSION,VEV_5000,XIRECS,254.0,2
674300,SUBMISSION,,VEV_5000,XIRECS,260.0,1
674600,SUBMISSION,,VEV_5000,XIRECS,260.0,1
675000,,SUBMISSION,VEV_5000,XIRECS,255.0,2
675100,SUBMISSION,,VEV_5000,XIRECS,260.0,1
675400,SUBMISSION,,VEV_5000,XIRECS,261.0,1
675500,,SUBMISSION,VEV_5000,XIRECS,254.0,1
675800,SUBMISSION,,VEV_5000,XIRECS,260.0,1
676000,,SUBMISSION,VEV_5000,XIRECS,252.0,1
676100,SUBMISSION,,VEV_5000,XIRECS,258.0,1
676200,,SUBMISSION,VEV_5000,XIRECS,251.0,1
676300,SUBMISSION,,VEV_5000,XIRECS,259.0,1
676500,,SUBMISSION,VEV_5000,XIRECS,252.0,1
676600,SUBMISSION,,VEV_5000,XIRECS,256.0,1
676800,,SUBMISSION,VEV_5000,XIRECS,251.0,1
676800,,,VELVETFRUIT_EXTRACT,XIRECS,5255.0,8
677300,SUBMISSION,,VEV_5000,XIRECS,257.0,2
677300,,,VELVETFRUIT_EXTRACT,XIRECS,5251.0,10
677400,,SUBMISSION,VEV_5000,XIRECS,251.0,2
677900,SUBMISSION,,VEV_5000,XIRECS,258.0,1
678000,,SUBMISSION,VEV_5000,XIRECS,251.0,1
678300,SUBMISSION,,VEV_5000,XIRECS,258.0,1
678400,,SUBMISSION,VEV_5000,XIRECS,252.0,1
678500,SUBMISSION,,VEV_5000,XIRECS,259.0,1
678700,,,VEV_5400,XIRECS,9.0,3
678700,,,VEV_5500,XIRECS,2.0,3
678700,,,VEV_6000,XIRECS,0.0,3
678700,,,VEV_6500,XIRECS,0.0,3
679000,,SUBMISSION,VEV_5000,XIRECS,253.0,1
679100,SUBMISSION,,VEV_5000,XIRECS,257.0,1
679200,,SUBMISSION,VEV_5000,XIRECS,251.0,1
680300,SUBMISSION,,VEV_5000,XIRECS,260.0,1
680400,,SUBMISSION,VEV_5000,XIRECS,254.0,2
680400,,,HYDROGEL_PACK,XIRECS,9966.0,6
680500,,,HYDROGEL_PACK,XIRECS,9965.0,2
680800,SUBMISSION,,VEV_5000,XIRECS,261.0,2
681200,,SUBMISSION,VEV_5000,XIRECS,253.0,2
681300,SUBMISSION,,VEV_5000,XIRECS,258.0,2
681500,,SUBMISSION,VEV_5000,XIRECS,252.0,1
681600,SUBMISSION,,VEV_5000,XIRECS,259.0,1
681700,,SUBMISSION,VEV_5000,XIRECS,253.0,1
681800,SUBMISSION,,VEV_5000,XIRECS,258.0,2
681900,,SUBMISSION,VEV_5000,XIRECS,251.0,2
682300,SUBMISSION,,VEV_5000,XIRECS,255.0,1
682500,,SUBMISSION,VEV_5000,XIRECS,248.0,1
682700,SUBMISSION,,VEV_5000,XIRECS,252.0,1
682700,,,VELVETFRUIT_EXTRACT,XIRECS,5245.0,4
683500,,SUBMISSION,VEV_5000,XIRECS,244.0,1
683800,SUBMISSION,,VELVETFRUIT_EXTRACT,XIRECS,5247.0,5
683800,SUBMISSION,,VEV_5000,XIRECS,249.0,1
683900,SUBMISSION,,VELVETFRUIT_EXTRACT,XIRECS,5247.0,5
684000,SUBMISSION,,VELVETFRUIT_EXTRACT,XIRECS,5245.0,5
684100,SUBMISSION,,VELVETFRUIT_EXTRACT,XIRECS,5245.0,5
684200,SUBMISSION,,VELVETFRUIT_EXTRACT,XIRECS,5246.0,5
684300,SUBMISSION,,VELVETFRUIT_EXTRACT,XIRECS,5246.0,5
684400,SUBMISSION,,VELVETFRUIT_EXTRACT,XIRECS,5246.0,5
684500,,SUBMISSION,VEV_5000,XIRECS,244.0,1
684700,SUBMISSION,,VEV_5000,XIRECS,251.0,1
684800,SUBMISSION,,HYDROGEL_PACK,XIRECS,9953.0,4
684800,,SUBMISSION,VEV_5000,XIRECS,245.0,1
685400,SUBMISSION,,VEV_5000,XIRECS,252.0,2
685500,SUBMISSION,,HYDROGEL_PACK,XIRECS,9941.0,3
685500,,SUBMISSION,VEV_5000,XIRECS,246.0,2
685600,SUBMISSION,,VEV_5000,XIRECS,252.0,1
685700,SUBMISSION,,VELVETFRUIT_EXTRACT,XIRECS,5245.0,5
686200,,SUBMISSION,VEV_5100,XIRECS,153.0,3
686200,,,VEV_4000,XIRECS,1255.0,3
686400,,,HYDROGEL_PACK,XIRECS,9961.0,5
686500,SUBMISSION,,VELVETFRUIT_EXTRACT,XIRECS,5244.0,5
686700,,SUBMISSION,VEV_5000,XIRECS,244.0,1
686800,,,VELVETFRUIT_EXTRACT,XIRECS,5249.0,4
687600,,,VELVETFRUIT_EXTRACT,XIRECS,5244.0,3
687700,,SUBMISSION,VEV_5000,XIRECS,244.0,2
687800,SUBMISSION,,VEV_5000,XIRECS,250.0,3
687900,,SUBMISSION,VEV_5000,XIRECS,244.0,1
688000,SUBMISSION,,VEV_5000,XIRECS,250.0,1
688300,,,VELVETFRUIT_EXTRACT,XIRECS,5240.0,4
688400,SUBMISSION,,HYDROGEL_PACK,XIRECS,9947.0,6
689300,,,VELVETFRUIT_EXTRACT,XIRECS,5238.0,4
689900,SUBMISSION,,VELVETFRUIT_EXTRACT,XIRECS,5240.0,5
689900,,,VEV_5300,XIRECS,30.0,5
689900,,,VEV_5400,XIRECS,7.0,5
689900,,,VEV_5500,XIRECS,2.0,5
689900,,,VEV_6000,XIRECS,0.0,5
689900,,,VEV_6500,XIRECS,0.0,5
690000,,,VELVETFRUIT_EXTRACT,XIRECS,5238.0,6
690200,SUBMISSION,,VELVETFRUIT_EXTRACT,XIRECS,5242.0,5
690500,,SUBMISSION,VEV_5000,XIRECS,243.0,1
690900,SUBMISSION,,VEV_5000,XIRECS,248.0,2
691000,,SUBMISSION,VEV_5000,XIRECS,242.0,1
691700,,SUBMISSION,VEV_5000,XIRECS,244.0,1
691900,SUBMISSION,,VEV_5000,XIRECS,249.0,1
692400,,SUBMISSION,VEV_5000,XIRECS,243.0,1
692800,SUBMISSION,,VEV_5000,XIRECS,250.0,1
692900,SUBMISSION,,HYDROGEL_PACK,XIRECS,9947.0,2
693400,,SUBMISSION,VEV_5000,XIRECS,243.0,1
693800,SUBMISSION,,VEV_5000,XIRECS,248.0,1
694000,,SUBMISSION,VEV_5000,XIRECS,244.0,1
694500,,,HYDROGEL_PACK,XIRECS,9971.0,5
694700,SUBMISSION,,VEV_5000,XIRECS,251.0,1
694800,,SUBMISSION,VEV_5000,XIRECS,246.0,1
695000,SUBMISSION,,VEV_5000,XIRECS,254.0,1
696100,,SUBMISSION,VEV_5000,XIRECS,245.0,1
696300,SUBMISSION,,VEV_5000,XIRECS,253.0,1
696600,,SUBMISSION,VEV_5000,XIRECS,248.0,1
698000,SUBMISSION,,VEV_5000,XIRECS,253.0,1
698100,,SUBMISSION,VEV_5000,XIRECS,245.0,1
698300,SUBMISSION,,VEV_5000,XIRECS,253.0,1
698600,SUBMISSION,,HYDROGEL_PACK,XIRECS,9959.0,2
698600,,SUBMISSION,VEV_5000,XIRECS,246.0,1
698700,SUBMISSION,,VEV_5000,XIRECS,252.0,1
698800,,SUBMISSION,VEV_5000,XIRECS,246.0,1
699000,,,VEV_4000,XIRECS,1235.0,1
699100,SUBMISSION,,VEV_5000,XIRECS,252.0,1
699400,SUBMISSION,,HYDROGEL_PACK,XIRECS,9963.0,4
699400,,,VEV_5200,XIRECS,80.0,4
699400,,,VEV_5300,XIRECS,32.0,4
699400,,,VEV_5400,XIRECS,8.0,4
699400,,,VEV_5500,XIRECS,2.0,4
699400,,,VEV_6000,XIRECS,0.0,4
699400,,,VEV_6500,XIRECS,0.0,4
699700,,SUBMISSION,VEV_5000,XIRECS,246.0,1
700300,,,VEV_5300,XIRECS,32.0,4
700300,,,VEV_5400,XIRECS,8.0,4
700300,,,VEV_5500,XIRECS,2.0,4
700300,,,VEV_6000,XIRECS,0.0,4
700300,,,VEV_6500,XIRECS,0.0,4
700500,SUBMISSION,,VEV_5000,XIRECS,250.0,1
700600,,,VELVETFRUIT_EXTRACT,XIRECS,5243.0,14
700700,,SUBMISSION,VEV_5000,XIRECS,244.0,1
700900,SUBMISSION,,VEV_5000,XIRECS,252.0,1
701000,,,VELVETFRUIT_EXTRACT,XIRECS,5245.0,9
701400,,SUBMISSION,VEV_5000,XIRECS,244.0,1
701500,SUBMISSION,,VEV_5000,XIRECS,251.0,1
702400,,SUBMISSION,VEV_5100,XIRECS,153.0,2
702400,,SUBMISSION,VEV_5300,XIRECS,32.0,2
702400,,,VEV_4000,XIRECS,1255.0,2
702500,,SUBMISSION,VEV_5000,XIRECS,244.0,1
702500,,,VELVETFRUIT_EXTRACT,XIRECS,5247.0,4
702700,SUBMISSION,,HYDROGEL_PACK,XIRECS,9962.0,14
702700,SUBMISSION,,HYDROGEL_PACK,XIRECS,9965.0,26
702700,SUBMISSION,,VEV_5000,XIRECS,250.0,1
702900,,SUBMISSION,VEV_5000,XIRECS,244.0,1
703600,SUBMISSION,,VEV_5000,XIRECS,246.0,1
703900,,SUBMISSION,VEV_5000,XIRECS,242.0,1
704400,SUBMISSION,,VEV_5000,XIRECS,250.0,1
704600,,SUBMISSION,VEV_5000,XIRECS,244.0,1
704700,,SUBMISSION,VEV_5000,XIRECS,245.0,2
704800,SUBMISSION,,VEV_5000,XIRECS,251.0,3
705400,,,VEV_5200,XIRECS,80.0,2
705400,,,VEV_5300,XIRECS,32.0,2
705400,,,VEV_5400,XIRECS,8.0,2
705400,,,VEV_5500,XIRECS,2.0,2
705400,,,VEV_6000,XIRECS,0.0,2
705400,,,VEV_6500,XIRECS,0.0,2
705500,,SUBMISSION,VEV_5000,XIRECS,244.0,1
705700,SUBMISSION,,VEV_5000,XIRECS,250.0,2
705800,,SUBMISSION,VEV_5000,XIRECS,243.0,2
706100,SUBMISSION,,VEV_5000,XIRECS,250.0,1
706500,,SUBMISSION,VEV_5000,XIRECS,243.0,1
707000,,,VEV_4000,XIRECS,1234.0,1
707100,SUBMISSION,,VEV_5000,XIRECS,248.0,1
707200,,SUBMISSION,VEV_5000,XIRECS,243.0,1
707500,,,VELVETFRUIT_EXTRACT,XIRECS,5244.0,6
707600,SUBMISSION,,VEV_5300,XIRECS,34.0,2
707800,SUBMISSION,,VEV_5000,XIRECS,253.0,1
707800,,,VELVETFRUIT_EXTRACT,XIRECS,5247.0,14
708400,,SUBMISSION,VEV_5100,XIRECS,163.0,1
708400,,SUBMISSION,VEV_5200,XIRECS,87.0,1
708400,,SUBMISSION,VEV_5400,XIRECS,10.0,1
708400,,,VEV_4000,XIRECS,1267.0,1
708600,,SUBMISSION,VEV_5000,XIRECS,251.0,1
708800,,,VEV_5300,XIRECS,34.0,5
708800,,,VEV_5400,XIRECS,9.0,5
708800,,,VEV_5500,XIRECS,2.0,5
708800,,,VEV_6000,XIRECS,0.0,5
708800,,,VEV_6500,XIRECS,0.0,5
709200,SUBMISSION,,VEV_5000,XIRECS,260.0,1
709400,,SUBMISSION,VEV_5000,XIRECS,254.0,1
710400,,SUBMISSION,VELVETFRUIT_EXTRACT,XIRECS,5257.0,5
710500,,SUBMISSION,VELVETFRUIT_EXTRACT,XIRECS,5259.0,5
710600,,SUBMISSION,VELVETFRUIT_EXTRACT,XIRECS,5258.0,5
710700,,SUBMISSION,VELVETFRUIT_EXTRACT,XIRECS,5259.0,5
710800,,SUBMISSION,VELVETFRUIT_EXTRACT,XIRECS,5262.0,5
710800,SUBMISSION,,VEV_5500,XIRECS,4.0,2
710900,,SUBMISSION,VELVETFRUIT_EXTRACT,XIRECS,5259.0,5
710900,,SUBMISSION,VEV_5500,XIRECS,2.0,2
711000,,SUBMISSION,VELVETFRUIT_EXTRACT,XIRECS,5259.0,5
711100,,SUBMISSION,VELVETFRUIT_EXTRACT,XIRECS,5260.0,5
711200,,SUBMISSION,VELVETFRUIT_EXTRACT,XIRECS,5260.0,5
711300,,SUBMISSION,VELVETFRUIT_EXTRACT,XIRECS,5260.0,5
711300,,,VELVETFRUIT_EXTRACT,XIRECS,5266.0,7
711400,,SUBMISSION,VELVETFRUIT_EXTRACT,XIRECS,5260.0,5
711500,,SUBMISSION,VELVETFRUIT_EXTRACT,XIRECS,5262.0,5
711600,,SUBMISSION,VELVETFRUIT_EXTRACT,XIRECS,5262.0,5
711700,,SUBMISSION,VELVETFRUIT_EXTRACT,XIRECS,5262.0,5
711800,,SUBMISSION,VELVETFRUIT_EXTRACT,XIRECS,5261.0,5
711900,,SUBMISSION,VELVETFRUIT_EXTRACT,XIRECS,5262.0,5
712000,,SUBMISSION,VELVETFRUIT_EXTRACT,XIRECS,5261.0,5
712100,,SUBMISSION,VELVETFRUIT_EXTRACT,XIRECS,5260.0,5
712200,,SUBMISSION,VELVETFRUIT_EXTRACT,XIRECS,5260.0,5
712300,,SUBMISSION,VELVETFRUIT_EXTRACT,XIRECS,5261.0,5
712400,,SUBMISSION,VELVETFRUIT_EXTRACT,XIRECS,5260.0,5
712500,,SUBMISSION,VELVETFRUIT_EXTRACT,XIRECS,5261.0,5
712600,,SUBMISSION,VELVETFRUIT_EXTRACT,XIRECS,5261.0,5
712700,,SUBMISSION,VELVETFRUIT_EXTRACT,XIRECS,5263.0,5
713200,,SUBMISSION,VEV_5000,XIRECS,259.0,1
713300,SUBMISSION,,VEV_5000,XIRECS,264.0,1
713700,,,HYDROGEL_PACK,XIRECS,9970.0,3
714200,,,HYDROGEL_PACK,XIRECS,9973.0,4
714400,,SUBMISSION,VEV_5100,XIRECS,168.0,1
714400,,SUBMISSION,VEV_5200,XIRECS,91.0,1
714400,,,VEV_4000,XIRECS,1272.0,1
715600,,,VELVETFRUIT_EXTRACT,XIRECS,5262.0,3
716500,SUBMISSION,,VEV_5000,XIRECS,263.0,1
716700,,SUBMISSION,VEV_5000,XIRECS,257.0,2
716800,SUBMISSION,,VEV_5000,XIRECS,263.0,1
716900,SUBMISSION,,VEV_5000,XIRECS,263.0,1
717200,,SUBMISSION,VEV_5000,XIRECS,256.0,2
717400,SUBMISSION,,VEV_5000,XIRECS,263.0,2
717800,,SUBMISSION,VEV_5000,XIRECS,259.0,2
718100,SUBMISSION,,VEV_5000,XIRECS,265.0,2
718300,,SUBMISSION,VEV_5000,XIRECS,257.0,2
718500,SUBMISSION,,VEV_5000,XIRECS,262.0,2
718600,,,VELVETFRUIT_EXTRACT,XIRECS,5257.0,12
719000,,SUBMISSION,VEV_5000,XIRECS,258.0,2
719300,SUBMISSION,,VEV_5000,XIRECS,265.0,2
719500,SUBMISSION,,HYDROGEL_PACK,XIRECS,9942.0,6
720000,,,VELVETFRUIT_EXTRACT,XIRECS,5258.0,8
720400,,SUBMISSION,VEV_5000,XIRECS,257.0,2
720500,SUBMISSION,,VEV_5000,XIRECS,262.0,1
720500,,,HYDROGEL_PACK,XIRECS,9969.0,2
721100,SUBMISSION,,VEV_5000,XIRECS,265.0,1
721900,,SUBMISSION,VEV_5000,XIRECS,256.0,1
722400,SUBMISSION,,VEV_5000,XIRECS,260.0,1
722500,,SUBMISSION,VEV_5000,XIRECS,254.0,1
722600,SUBMISSION,,VEV_5000,XIRECS,260.0,1
722800,,SUBMISSION,VEV_5000,XIRECS,254.0,1
723000,SUBMISSION,,VEV_5000,XIRECS,260.0,1
723100,,,VELVETFRUIT_EXTRACT,XIRECS,5259.0,3
723200,,SUBMISSION,VEV_5000,XIRECS,254.0,1
723700,,,VELVETFRUIT_EXTRACT,XIRECS,5255.0,6
724700,SUBMISSION,,VEV_5000,XIRECS,260.0,1
724800,,SUBMISSION,VEV_5000,XIRECS,254.0,2
724900,SUBMISSION,,VEV_5000,XIRECS,261.0,1
725000,SUBMISSION,,VEV_5000,XIRECS,260.0,1
725500,,SUBMISSION,VEV_5000,XIRECS,252.0,1
725700,SUBMISSION,,VEV_5000,XIRECS,256.0,1
726000,,SUBMISSION,VEV_5000,XIRECS,255.0,1
726100,SUBMISSION,,VEV_5000,XIRECS,261.0,1
726100,,,VELVETFRUIT_EXTRACT,XIRECS,5259.0,5
726300,,SUBMISSION,VEV_5000,XIRECS,255.0,1
726300,,,VELVETFRUIT_EXTRACT,XIRECS,5259.0,3
726400,SUBMISSION,,VEV_5000,XIRECS,260.0,1
726500,,,VELVETFRUIT_EXTRACT,XIRECS,5258.0,3
726600,,,VELVETFRUIT_EXTRACT,XIRECS,5253.0,3
726700,,SUBMISSION,VEV_5000,XIRECS,254.0,1
727000,,,VELVETFRUIT_EXTRACT,XIRECS,5259.0,3
727300,SUBMISSION,,VEV_5000,XIRECS,260.0,1
727700,,,HYDROGEL_PACK,XIRECS,9964.0,4
727800,,SUBMISSION,VEV_5000,XIRECS,254.0,2
728000,SUBMISSION,,VEV_5000,XIRECS,262.0,1
728200,SUBMISSION,,VEV_5000,XIRECS,261.0,1
728200,,,VELVETFRUIT_EXTRACT,XIRECS,5259.0,8
728400,,,HYDROGEL_PACK,XIRECS,9960.0,2
728500,,,VEV_5300,XIRECS,36.0,2
728500,,,VEV_5400,XIRECS,9.0,2
728500,,,VEV_5500,XIRECS,2.0,2
728500,,,VEV_6000,XIRECS,0.0,2
728500,,,VEV_6500,XIRECS,0.0,2
728700,,SUBMISSION,VEV_5000,XIRECS,255.0,1
728800,SUBMISSION,,VEV_5000,XIRECS,260.0,1
728900,,SUBMISSION,VEV_5000,XIRECS,255.0,1
729000,SUBMISSION,,VEV_5000,XIRECS,261.0,1
729000,,,VELVETFRUIT_EXTRACT,XIRECS,5254.0,6
729100,,SUBMISSION,VEV_5000,XIRECS,255.0,2
729200,SUBMISSION,,VEV_5000,XIRECS,263.0,2
729300,,SUBMISSION,VEV_5000,XIRECS,258.0,2
729400,SUBMISSION,,VEV_5000,XIRECS,264.0,2
729600,,SUBMISSION,VEV_5000,XIRECS,258.0,2
729700,SUBMISSION,,VEV_5000,XIRECS,264.0,2
730000,,,VEV_5300,XIRECS,36.0,2
730000,,,VEV_5400,XIRECS,9.0,2
730000,,,VEV_5500,XIRECS,2.0,2
730000,,,VEV_6000,XIRECS,0.0,2
730000,,,VEV_6500,XIRECS,0.0,2
730400,,SUBMISSION,VEV_5000,XIRECS,252.0,1
730900,,SUBMISSION,HYDROGEL_PACK,XIRECS,9959.0,6
731100,SUBMISSION,,VEV_5000,XIRECS,256.0,1
731200,SUBMISSION,,VELVETFRUIT_EXTRACT,XIRECS,5253.0,5
731300,SUBMISSION,,VELVETFRUIT_EXTRACT,XIRECS,5252.0,5
731400,SUBMISSION,,VELVETFRUIT_EXTRACT,XIRECS,5252.0,5
731400,,,VELVETFRUIT_EXTRACT,XIRECS,5247.0,4
731600,,SUBMISSION,VEV_5000,XIRECS,250.0,1
731800,SUBMISSION,,VELVETFRUIT_EXTRACT,XIRECS,5252.0,5
731900,SUBMISSION,,VELVETFRUIT_EXTRACT,XIRECS,5252.0,5
732000,SUBMISSION,,VELVETFRUIT_EXTRACT,XIRECS,5251.0,5
732100,SUBMISSION,,VELVETFRUIT_EXTRACT,XIRECS,5251.0,5
732100,SUBMISSION,,VEV_5000,XIRECS,253.0,1
732100,SUBMISSION,,VEV_5200,XIRECS,83.0,1
732200,SUBMISSION,,VELVETFRUIT_EXTRACT,XIRECS,5251.0,5
732200,SUBMISSION,,VEV_5200,XIRECS,83.0,1
732300,SUBMISSION,,VELVETFRUIT_EXTRACT,XIRECS,5251.0,5
732400,,SUBMISSION,VEV_5000,XIRECS,248.0,1
732700,SUBMISSION,,VELVETFRUIT_EXTRACT,XIRECS,5251.0,5
732900,,SUBMISSION,VEV_5100,XIRECS,158.0,1
732900,,SUBMISSION,VEV_5200,XIRECS,83.0,1
732900,,,VEV_4000,XIRECS,1261.0,1
733000,SUBMISSION,,HYDROGEL_PACK,XIRECS,9946.0,4
733100,SUBMISSION,,HYDROGEL_PACK,XIRECS,9946.0,3
734000,,,VEV_4000,XIRECS,1241.0,2
734200,,,VEV_4000,XIRECS,1240.0,2
735900,,SUBMISSION,HYDROGEL_PACK,XIRECS,9960.0,6
735900,SUBMISSION,,VEV_5000,XIRECS,252.0,1
736000,SUBMISSION,,VELVETFRUIT_EXTRACT,XIRECS,5249.0,5
736100,SUBMISSION,,VELVETFRUIT_EXTRACT,XIRECS,5247.0,5
736200,SUBMISSION,,VELVETFRUIT_EXTRACT,XIRECS,5247.0,5
736300,SUBMISSION,,VELVETFRUIT_EXTRACT,XIRECS,5247.0,5
736400,SUBMISSION,,VELVETFRUIT_EXTRACT,XIRECS,5248.0,5
736400,SUBMISSION,,VEV_5200,XIRECS,81.0,1
736500,SUBMISSION,,HYDROGEL_PACK,XIRECS,9944.0,5
736500,SUBMISSION,,VELVETFRUIT_EXTRACT,XIRECS,5247.0,5
736600,SUBMISSION,,VELVETFRUIT_EXTRACT,XIRECS,5246.0,5
736700,SUBMISSION,,VELVETFRUIT_EXTRACT,XIRECS,5246.0,5
736800,SUBMISSION,,VELVETFRUIT_EXTRACT,XIRECS,5245.0,5
736900,SUBMISSION,,VELVETFRUIT_EXTRACT,XIRECS,5241.0,5
737000,SUBMISSION,,VELVETFRUIT_EXTRACT,XIRECS,5245.0,5
737000,,SUBMISSION,VEV_5000,XIRECS,241.0,1
737100,SUBMISSION,,VELVETFRUIT_EXTRACT,XIRECS,5244.0,5
737200,SUBMISSION,,VELVETFRUIT_EXTRACT,XIRECS,5245.0,5
737300,SUBMISSION,,VELVETFRUIT_EXTRACT,XIRECS,5244.0,5
737400,SUBMISSION,,VELVETFRUIT_EXTRACT,XIRECS,5244.0,5
737400,,SUBMISSION,VEV_5500,XIRECS,1.0,1
737500,SUBMISSION,,VELVETFRUIT_EXTRACT,XIRECS,5243.0,5
737600,SUBMISSION,,VELVETFRUIT_EXTRACT,XIRECS,5244.0,5
737700,SUBMISSION,,VELVETFRUIT_EXTRACT,XIRECS,5244.0,5
737800,SUBMISSION,,VELVETFRUIT_EXTRACT,XIRECS,5244.0,5
737900,SUBMISSION,,VELVETFRUIT_EXTRACT,XIRECS,5244.0,5
738000,SUBMISSION,,VELVETFRUIT_EXTRACT,XIRECS,5243.0,5
738100,SUBMISSION,,VELVETFRUIT_EXTRACT,XIRECS,5242.0,5
738200,SUBMISSION,,VELVETFRUIT_EXTRACT,XIRECS,5242.0,5
738300,SUBMISSION,,VELVETFRUIT_EXTRACT,XIRECS,5242.0,5
738400,SUBMISSION,,VELVETFRUIT_EXTRACT,XIRECS,5243.0,5
738500,SUBMISSION,,VELVETFRUIT_EXTRACT,XIRECS,5243.0,5
738600,SUBMISSION,,VELVETFRUIT_EXTRACT,XIRECS,5244.0,5
738700,SUBMISSION,,VELVETFRUIT_EXTRACT,XIRECS,5243.0,5
738800,SUBMISSION,,VELVETFRUIT_EXTRACT,XIRECS,5244.0,5
739600,,SUBMISSION,VEV_5000,XIRECS,243.0,1
739700,SUBMISSION,,VEV_5000,XIRECS,249.0,1
740300,SUBMISSION,,VELVETFRUIT_EXTRACT,XIRECS,5242.0,5
740300,,,VELVETFRUIT_EXTRACT,XIRECS,5242.0,1
740700,SUBMISSION,,VELVETFRUIT_EXTRACT,XIRECS,5242.0,5
740800,SUBMISSION,,VELVETFRUIT_EXTRACT,XIRECS,5242.0,5
740800,,,VELVETFRUIT_EXTRACT,XIRECS,5242.0,7
740900,SUBMISSION,,VELVETFRUIT_EXTRACT,XIRECS,5241.0,5
740900,,,VELVETFRUIT_EXTRACT,XIRECS,5236.0,4
741000,SUBMISSION,,VELVETFRUIT_EXTRACT,XIRECS,5241.0,5
741100,SUBMISSION,,VELVETFRUIT_EXTRACT,XIRECS,5240.0,5
741100,,,VEV_5300,XIRECS,29.0,2
741100,,,VEV_5400,XIRECS,7.0,2
741100,,,VEV_5500,XIRECS,1.0,2
741100,,,VEV_6000,XIRECS,0.0,2
741100,,,VEV_6500,XIRECS,0.0,2
741200,SUBMISSION,,VELVETFRUIT_EXTRACT,XIRECS,5240.0,5
741300,SUBMISSION,,VELVETFRUIT_EXTRACT,XIRECS,5240.0,5
741500,SUBMISSION,,VELVETFRUIT_EXTRACT,XIRECS,5237.0,5
741600,SUBMISSION,,HYDROGEL_PACK,XIRECS,9947.0,2
741800,,,HYDROGEL_PACK,XIRECS,9945.0,6
742000,,SUBMISSION,HYDROGEL_PACK,XIRECS,9959.0,2
742100,,SUBMISSION,VEV_5000,XIRECS,240.0,1
742300,,,VELVETFRUIT_EXTRACT,XIRECS,5240.0,3
742800,SUBMISSION,,VEV_5000,XIRECS,246.0,2
742900,,SUBMISSION,VEV_5000,XIRECS,240.0,1
743300,,SUBMISSION,VEV_5000,XIRECS,240.0,1
743900,,SUBMISSION,VEV_5100,XIRECS,149.0,2
743900,,SUBMISSION,VEV_5300,XIRECS,31.0,2
743900,,,VEV_4000,XIRECS,1251.0,2
744100,SUBMISSION,,VEV_5000,XIRECS,247.0,1
744800,,,VELVETFRUIT_EXTRACT,XIRECS,5242.0,4
745000,,SUBMISSION,VEV_5000,XIRECS,242.0,1
745100,SUBMISSION,,VEV_5000,XIRECS,248.0,1
745600,,SUBMISSION,VEV_5000,XIRECS,243.0,1
745800,SUBMISSION,,VEV_5000,XIRECS,248.0,1
746000,,,VELVETFRUIT_EXTRACT,XIRECS,5240.0,4
746500,SUBMISSION,,VEV_5000,XIRECS,244.0,1
746600,,,VELVETFRUIT_EXTRACT,XIRECS,5236.0,5
747000,SUBMISSION,,VEV_5500,XIRECS,3.0,1
747600,SUBMISSION,,HYDROGEL_PACK,XIRECS,9956.0,3
747600,,SUBMISSION,VEV_5000,XIRECS,240.0,1
747700,,SUBMISSION,VEV_5500,XIRECS,1.0,2
747900,,SUBMISSION,VEV_5000,XIRECS,239.0,1
748000,SUBMISSION,,VEV_5000,XIRECS,244.0,1
748400,SUBMISSION,,VEV_5500,XIRECS,3.0,2
748500,SUBMISSION,,VEV_5000,XIRECS,246.0,2
748800,,SUBMISSION,VEV_5000,XIRECS,238.0,1
750300,SUBMISSION,,VELVETFRUIT_EXTRACT,XIRECS,5232.0,5
750300,SUBMISSION,,VEV_5000,XIRECS,238.0,1
750400,,SUBMISSION,VEV_5000,XIRECS,232.0,1
750700,SUBMISSION,,VEV_5000,XIRECS,237.0,1
750700,,,VELVETFRUIT_EXTRACT,XIRECS,5234.0,3
750800,SUBMISSION,,VELVETFRUIT_EXTRACT,XIRECS,5233.0,5
750800,,SUBMISSION,VEV_5000,XIRECS,230.0,1
751000,SUBMISSION,,VELVETFRUIT_EXTRACT,XIRECS,5232.0,5
751100,SUBMISSION,,VELVETFRUIT_EXTRACT,XIRECS,5231.0,5
751300,SUBMISSION,,VELVETFRUIT_EXTRACT,XIRECS,5231.0,5
751300,SUBMISSION,,VEV_5000,XIRECS,234.0,1
751400,SUBMISSION,,VELVETFRUIT_EXTRACT,XIRECS,5231.0,5
751500,SUBMISSION,,VELVETFRUIT_EXTRACT,XIRECS,5230.0,5
751500,,,VELVETFRUIT_EXTRACT,XIRECS,5225.0,7
751600,SUBMISSION,,VELVETFRUIT_EXTRACT,XIRECS,5230.0,5
751600,,SUBMISSION,VEV_5000,XIRECS,227.0,1
751700,SUBMISSION,,VELVETFRUIT_EXTRACT,XIRECS,5230.0,5
751700,,,VELVETFRUIT_EXTRACT,XIRECS,5225.0,7
751800,SUBMISSION,,VELVETFRUIT_EXTRACT,XIRECS,5230.0,5
752100,SUBMISSION,,VELVETFRUIT_EXTRACT,XIRECS,5230.0,5
752200,SUBMISSION,,VELVETFRUIT_EXTRACT,XIRECS,5230.0,5
752300,SUBMISSION,,VELVETFRUIT_EXTRACT,XIRECS,5230.0,5
752300,,SUBMISSION,VEV_5100,XIRECS,137.0,2
752300,,,VEV_4000,XIRECS,1237.0,2
752400,SUBMISSION,,VELVETFRUIT_EXTRACT,XIRECS,5230.0,5
752500,SUBMISSION,,VEV_5000,XIRECS,233.0,1
752700,SUBMISSION,,VELVETFRUIT_EXTRACT,XIRECS,5229.0,5
752700,,,HYDROGEL_PACK,XIRECS,9971.0,5
752800,SUBMISSION,,VELVETFRUIT_EXTRACT,XIRECS,5229.0,5
752900,SUBMISSION,,VELVETFRUIT_EXTRACT,XIRECS,5229.0,5
753100,,SUBMISSION,VEV_5000,XIRECS,229.0,1
753400,SUBMISSION,,VELVETFRUIT_EXTRACT,XIRECS,5228.0,5
753400,,,VELVETFRUIT_EXTRACT,XIRECS,5228.0,4
753700,SUBMISSION,,VEV_5000,XIRECS,232.0,1
753700,,,VEV_5300,XIRECS,27.0,3
753700,,,VEV_5400,XIRECS,6.0,3
753700,,,VEV_5500,XIRECS,1.0,3
753700,,,VEV_6000,XIRECS,0.0,3
753700,,,VEV_6500,XIRECS,0.0,3
753900,,SUBMISSION,VEV_5000,XIRECS,231.0,1
754100,SUBMISSION,,VEV_5000,XIRECS,236.0,1
754400,,SUBMISSION,VEV_5000,XIRECS,230.0,1
755200,SUBMISSION,,VEV_5000,XIRECS,237.0,1
755300,,SUBMISSION,VEV_5000,XIRECS,233.0,1
755400,,,VELVETFRUIT_EXTRACT,XIRECS,5231.0,8
755600,SUBMISSION,,VEV_5000,XIRECS,237.0,1
755700,,,VELVETFRUIT_EXTRACT,XIRECS,5235.0,3
755800,,SUBMISSION,VEV_5000,XIRECS,232.0,1
756200,SUBMISSION,,VEV_5000,XIRECS,240.0,1
756400,,SUBMISSION,VEV_5000,XIRECS,235.0,1
756900,,,VELVETFRUIT_EXTRACT,XIRECS,5235.0,7
757100,,,VELVETFRUIT_EXTRACT,XIRECS,5240.0,6
757400,SUBMISSION,,VEV_5000,XIRECS,244.0,1
757500,,SUBMISSION,VEV_5000,XIRECS,238.0,2
757700,SUBMISSION,,VEV_5000,XIRECS,244.0,2
758100,,SUBMISSION,VEV_5000,XIRECS,236.0,1
758400,SUBMISSION,,VEV_5000,XIRECS,241.0,1
758700,,,VELVETFRUIT_EXTRACT,XIRECS,5238.0,8
759000,,SUBMISSION,VEV_5000,XIRECS,232.0,1
759300,,,VELVETFRUIT_EXTRACT,XIRECS,5229.0,8
759500,SUBMISSION,,VEV_5000,XIRECS,234.0,1
759500,,,VELVETFRUIT_EXTRACT,XIRECS,5226.0,5
759600,,SUBMISSION,VEV_5000,XIRECS,228.0,1
759700,SUBMISSION,,VEV_5000,XIRECS,234.0,1
759800,,SUBMISSION,HYDROGEL_PACK,XIRECS,9979.0,6
759800,,,VELVETFRUIT_EXTRACT,XIRECS,5226.0,4
760100,,SUBMISSION,VEV_5000,XIRECS,230.0,1
760200,SUBMISSION,,VEV_5000,XIRECS,234.0,1
760300,,SUBMISSION,VEV_5000,XIRECS,230.0,1
760400,SUBMISSION,,VEV_5000,XIRECS,234.0,1
760800,,SUBMISSION,VEV_5000,XIRECS,228.0,2
760900,SUBMISSION,,VEV_5000,XIRECS,233.0,1
761200,,,VELVETFRUIT_EXTRACT,XIRECS,5225.0,7
761300,SUBMISSION,,VEV_5000,XIRECS,232.0,1
761400,,SUBMISSION,VEV_5000,XIRECS,224.0,1
761400,,,VELVETFRUIT_EXTRACT,XIRECS,5227.0,7
761500,SUBMISSION,,VEV_5000,XIRECS,230.0,1
761600,,SUBMISSION,VEV_5000,XIRECS,224.0,1
761800,SUBMISSION,,VEV_5000,XIRECS,230.0,1
762000,,SUBMISSION,VEV_5000,XIRECS,224.0,1
762600,SUBMISSION,,VEV_5000,XIRECS,228.0,1
762800,,,VELVETFRUIT_EXTRACT,XIRECS,5226.0,5
763000,,SUBMISSION,VEV_5000,XIRECS,223.0,1
763300,SUBMISSION,,VEV_5000,XIRECS,229.0,1
763700,,,VELVETFRUIT_EXTRACT,XIRECS,5219.0,3
764100,,SUBMISSION,VEV_5000,XIRECS,224.0,1
764700,SUBMISSION,,VEV_5000,XIRECS,232.0,1
764800,,SUBMISSION,VEV_5000,XIRECS,227.0,1
765400,SUBMISSION,,VEV_5000,XIRECS,232.0,1
766100,,SUBMISSION,VEV_5000,XIRECS,229.0,1
766700,SUBMISSION,,VEV_5000,XIRECS,237.0,1
766800,,SUBMISSION,VEV_5000,XIRECS,232.0,1
766900,,,VEV_5400,XIRECS,6.0,2
766900,,,VEV_5500,XIRECS,1.0,2
766900,,,VEV_6000,XIRECS,0.0,2
766900,,,VEV_6500,XIRECS,0.0,2
767300,SUBMISSION,,VEV_5000,XIRECS,237.0,1
767400,,SUBMISSION,VEV_5000,XIRECS,231.0,1
767800,SUBMISSION,,VEV_5000,XIRECS,239.0,1
768000,,SUBMISSION,VEV_5000,XIRECS,233.0,1
768300,SUBMISSION,,VEV_5000,XIRECS,239.0,1
768500,,SUBMISSION,VEV_5000,XIRECS,233.0,1
769000,,,VELVETFRUIT_EXTRACT,XIRECS,5238.0,6
769200,,,VELVETFRUIT_EXTRACT,XIRECS,5234.0,9
769900,SUBMISSION,,VEV_5000,XIRECS,238.0,1
770000,,SUBMISSION,VEV_5000,XIRECS,232.0,1
770100,,SUBMISSION,HYDROGEL_PACK,XIRECS,9984.0,3
770100,SUBMISSION,,VEV_5000,XIRECS,237.0,1
770300,,SUBMISSION,VEV_5000,XIRECS,233.0,1
771100,,,VELVETFRUIT_EXTRACT,XIRECS,5238.0,4
771200,,,VELVETFRUIT_EXTRACT,XIRECS,5238.0,6
772700,SUBMISSION,,VEV_5000,XIRECS,234.0,1
772800,,SUBMISSION,VEV_5100,XIRECS,139.0,3
772800,,SUBMISSION,VEV_5400,XIRECS,6.0,3
772800,,,VEV_4000,XIRECS,1238.0,3
772900,,SUBMISSION,VEV_5000,XIRECS,230.0,1
773400,,,VELVETFRUIT_EXTRACT,XIRECS,5227.0,6
773700,SUBMISSION,,VEV_5000,XIRECS,234.0,1
773900,,SUBMISSION,VEV_5000,XIRECS,230.0,1
775800,SUBMISSION,,VEV_5000,XIRECS,237.0,1
776100,,SUBMISSION,VEV_5000,XIRECS,233.0,1
776400,SUBMISSION,,HYDROGEL_PACK,XIRECS,9968.0,6
776400,,,VELVETFRUIT_EXTRACT,XIRECS,5230.0,3
776600,SUBMISSION,,VEV_5000,XIRECS,235.0,1
776700,,SUBMISSION,VEV_5000,XIRECS,229.0,2
776800,SUBMISSION,,VEV_5000,XIRECS,236.0,2
776900,,SUBMISSION,VEV_5000,XIRECS,232.0,1
776900,,,HYDROGEL_PACK,XIRECS,9975.0,4
777000,SUBMISSION,,VEV_5000,XIRECS,236.0,1
777100,,,VELVETFRUIT_EXTRACT,XIRECS,5229.0,4
777200,,SUBMISSION,VEV_5000,XIRECS,230.0,1
777600,,,VEV_5200,XIRECS,69.0,5
777600,,,VEV_5400,XIRECS,6.0,5
777600,,,VEV_5500,XIRECS,1.0,5
777600,,,VEV_6000,XIRECS,0.0,5
777600,,,VEV_6500,XIRECS,0.0,5
778000,SUBMISSION,,VEV_5000,XIRECS,239.0,1
778100,,SUBMISSION,VEV_5000,XIRECS,231.0,1
778500,SUBMISSION,,VEV_5000,XIRECS,238.0,1
778600,,SUBMISSION,VEV_5000,XIRECS,233.0,1
779000,SUBMISSION,,VEV_5000,XIRECS,238.0,1
779100,,SUBMISSION,VEV_5000,XIRECS,232.0,1
779300,,,VELVETFRUIT_EXTRACT,XIRECS,5234.0,7
779900,,,VELVETFRUIT_EXTRACT,XIRECS,5229.0,8
780000,,,VEV_4000,XIRECS,1223.0,1
780500,,,VELVETFRUIT_EXTRACT,XIRECS,5237.0,8
781100,SUBMISSION,,VEV_5000,XIRECS,241.0,1
781600,,,VELVETFRUIT_EXTRACT,XIRECS,5238.0,5
781700,,SUBMISSION,VELVETFRUIT_EXTRACT,XIRECS,5236.0,5
781700,,SUBMISSION,VEV_5000,XIRECS,235.0,1
781900,,SUBMISSION,VELVETFRUIT_EXTRACT,XIRECS,5236.0,5
782100,SUBMISSION,,VEV_5000,XIRECS,241.0,1
782300,,SUBMISSION,VEV_5000,XIRECS,234.0,1
782500,,,VELVETFRUIT_EXTRACT,XIRECS,5239.0,8
782600,,SUBMISSION,VELVETFRUIT_EXTRACT,XIRECS,5236.0,5
782700,,SUBMISSION,VELVETFRUIT_EXTRACT,XIRECS,5237.0,5
782800,,SUBMISSION,VELVETFRUIT_EXTRACT,XIRECS,5238.0,5
782900,,SUBMISSION,VELVETFRUIT_EXTRACT,XIRECS,5238.0,5
782900,SUBMISSION,,VEV_5000,XIRECS,246.0,1
783000,,SUBMISSION,VELVETFRUIT_EXTRACT,XIRECS,5240.0,5
783000,,SUBMISSION,VEV_5000,XIRECS,242.0,1
783100,,SUBMISSION,VELVETFRUIT_EXTRACT,XIRECS,5241.0,5
783200,,SUBMISSION,VELVETFRUIT_EXTRACT,XIRECS,5241.0,5
783300,,SUBMISSION,VELVETFRUIT_EXTRACT,XIRECS,5241.0,5
783400,,SUBMISSION,VELVETFRUIT_EXTRACT,XIRECS,5243.0,5
783500,,SUBMISSION,VELVETFRUIT_EXTRACT,XIRECS,5240.0,5
783500,SUBMISSION,,VEV_5500,XIRECS,3.0,1
783500,,,VELVETFRUIT_EXTRACT,XIRECS,5245.0,8
783600,,SUBMISSION,VELVETFRUIT_EXTRACT,XIRECS,5240.0,5
783700,,SUBMISSION,VELVETFRUIT_EXTRACT,XIRECS,5240.0,5
783800,SUBMISSION,,HYDROGEL_PACK,XIRECS,9966.0,6
783800,,SUBMISSION,VELVETFRUIT_EXTRACT,XIRECS,5241.0,5
783900,,SUBMISSION,VELVETFRUIT_EXTRACT,XIRECS,5239.0,5
783900,,SUBMISSION,VEV_5500,XIRECS,1.0,1
784000,,SUBMISSION,VELVETFRUIT_EXTRACT,XIRECS,5240.0,5
784100,,SUBMISSION,VELVETFRUIT_EXTRACT,XIRECS,5239.0,5
784100,SUBMISSION,,VEV_5500,XIRECS,3.0,2
784100,,,VEV_5400,XIRECS,7.0,3
784100,,,VEV_5500,XIRECS,1.0,3
784100,,,VEV_6000,XIRECS,0.0,3
784100,,,VEV_6500,XIRECS,0.0,3
784200,SUBMISSION,,VEV_5000,XIRECS,246.0,2
784300,,SUBMISSION,VELVETFRUIT_EXTRACT,XIRECS,5242.0,5
784500,,SUBMISSION,VELVETFRUIT_EXTRACT,XIRECS,5240.0,5
784600,,SUBMISSION,VELVETFRUIT_EXTRACT,XIRECS,5241.0,5
784700,,SUBMISSION,VELVETFRUIT_EXTRACT,XIRECS,5242.0,5
784800,,SUBMISSION,VELVETFRUIT_EXTRACT,XIRECS,5242.0,5
784900,,SUBMISSION,VELVETFRUIT_EXTRACT,XIRECS,5241.0,5
785000,,SUBMISSION,HYDROGEL_PACK,XIRECS,9977.0,3
785100,,,VELVETFRUIT_EXTRACT,XIRECS,5245.0,5
785100,,,VEV_5300,XIRECS,31.0,2
785100,,,VEV_5400,XIRECS,7.0,2
785100,,,VEV_6000,XIRECS,0.0,2
785100,,,VEV_6500,XIRECS,0.0,2
785200,,,VELVETFRUIT_EXTRACT,XIRECS,5240.0,4
785500,,SUBMISSION,VELVETFRUIT_EXTRACT,XIRECS,5242.0,5
785600,,SUBMISSION,VELVETFRUIT_EXTRACT,XIRECS,5244.0,5
785700,,SUBMISSION,VELVETFRUIT_EXTRACT,XIRECS,5243.0,5
785800,,SUBMISSION,VELVETFRUIT_EXTRACT,XIRECS,5245.0,5
785800,SUBMISSION,,VEV_5300,XIRECS,34.0,2
785900,,SUBMISSION,VELVETFRUIT_EXTRACT,XIRECS,5245.0,5
786000,,SUBMISSION,VELVETFRUIT_EXTRACT,XIRECS,5245.0,5
786100,,SUBMISSION,VELVETFRUIT_EXTRACT,XIRECS,5245.0,5
786200,,SUBMISSION,VELVETFRUIT_EXTRACT,XIRECS,5245.0,5
786300,,SUBMISSION,VELVETFRUIT_EXTRACT,XIRECS,5246.0,5
786400,,SUBMISSION,VELVETFRUIT_EXTRACT,XIRECS,5248.0,5
786500,,SUBMISSION,VELVETFRUIT_EXTRACT,XIRECS,5246.0,5
786600,,SUBMISSION,VELVETFRUIT_EXTRACT,XIRECS,5246.0,5
786700,,SUBMISSION,VELVETFRUIT_EXTRACT,XIRECS,5245.0,5
786800,,SUBMISSION,VELVETFRUIT_EXTRACT,XIRECS,5244.0,5
786800,,,VELVETFRUIT_EXTRACT,XIRECS,5244.0,5
786900,,SUBMISSION,VELVETFRUIT_EXTRACT,XIRECS,5244.0,5
787000,,SUBMISSION,VELVETFRUIT_EXTRACT,XIRECS,5244.0,5
787100,,SUBMISSION,VELVETFRUIT_EXTRACT,XIRECS,5245.0,5
787200,,SUBMISSION,VELVETFRUIT_EXTRACT,XIRECS,5246.0,5
787300,,SUBMISSION,VELVETFRUIT_EXTRACT,XIRECS,5247.0,5
787400,,SUBMISSION,VELVETFRUIT_EXTRACT,XIRECS,5248.0,5
787500,,SUBMISSION,VELVETFRUIT_EXTRACT,XIRECS,5247.0,5
787600,,SUBMISSION,VELVETFRUIT_EXTRACT,XIRECS,5246.0,5
787700,,SUBMISSION,VELVETFRUIT_EXTRACT,XIRECS,5246.0,5
787700,,,VELVETFRUIT_EXTRACT,XIRECS,5252.0,6
787800,,SUBMISSION,VELVETFRUIT_EXTRACT,XIRECS,5246.0,5
787900,,SUBMISSION,VELVETFRUIT_EXTRACT,XIRECS,5247.0,5
788000,,SUBMISSION,VELVETFRUIT_EXTRACT,XIRECS,5248.0,5
788100,,SUBMISSION,VELVETFRUIT_EXTRACT,XIRECS,5247.0,5
788200,,SUBMISSION,VELVETFRUIT_EXTRACT,XIRECS,5246.0,5
788300,,SUBMISSION,VELVETFRUIT_EXTRACT,XIRECS,5246.0,5
788300,,,VEV_5400,XIRECS,8.0,4
788300,,,VEV_5500,XIRECS,2.0,4
788300,,,VEV_6000,XIRECS,0.0,4
788300,,,VEV_6500,XIRECS,0.0,4
788400,,SUBMISSION,VELVETFRUIT_EXTRACT,XIRECS,5247.0,5
788500,,SUBMISSION,VELVETFRUIT_EXTRACT,XIRECS,5249.0,5
788600,,SUBMISSION,VELVETFRUIT_EXTRACT,XIRECS,5250.0,5
788700,,SUBMISSION,VELVETFRUIT_EXTRACT,XIRECS,5249.0,5
788800,,SUBMISSION,VELVETFRUIT_EXTRACT,XIRECS,5253.0,5
788900,,SUBMISSION,VELVETFRUIT_EXTRACT,XIRECS,5250.0,5
789000,,SUBMISSION,VELVETFRUIT_EXTRACT,XIRECS,5251.0,5
789100,,SUBMISSION,VELVETFRUIT_EXTRACT,XIRECS,5251.0,5
789200,,SUBMISSION,VELVETFRUIT_EXTRACT,XIRECS,5249.0,5
789300,,SUBMISSION,VELVETFRUIT_EXTRACT,XIRECS,5249.0,5
789300,,,VEV_4000,XIRECS,1241.0,1
789400,,SUBMISSION,VELVETFRUIT_EXTRACT,XIRECS,5249.0,5
789500,,SUBMISSION,VELVETFRUIT_EXTRACT,XIRECS,5250.0,5
789500,,,HYDROGEL_PACK,XIRECS,9953.0,2
791400,,,HYDROGEL_PACK,XIRECS,9948.0,5
791800,,SUBMISSION,HYDROGEL_PACK,XIRECS,9962.0,5
792400,,SUBMISSION,VEV_5100,XIRECS,156.0,3
792400,,SUBMISSION,VEV_5200,XIRECS,82.0,3
792400,,SUBMISSION,VEV_5300,XIRECS,34.0,3
792400,,,VEV_4000,XIRECS,1260.0,3
792500,SUBMISSION,,VEV_5300,XIRECS,35.0,3
792600,SUBMISSION,,VEV_5200,XIRECS,84.0,1
792900,,,VEV_4000,XIRECS,1239.0,2
793000,SUBMISSION,,VEV_5200,XIRECS,82.0,2
793100,,,VEV_5300,XIRECS,32.0,2
793100,,,VEV_5500,XIRECS,2.0,2
793100,,,VEV_6000,XIRECS,0.0,2
793100,,,VEV_6500,XIRECS,0.0,2
793200,SUBMISSION,,HYDROGEL_PACK,XIRECS,9949.0,6
793700,,,VELVETFRUIT_EXTRACT,XIRECS,5250.0,8
795000,SUBMISSION,,HYDROGEL_PACK,XIRECS,9961.0,4
797100,,,VEV_4000,XIRECS,1240.0,3
797600,,SUBMISSION,HYDROGEL_PACK,XIRECS,9954.0,2
801400,,,VELVETFRUIT_EXTRACT,XIRECS,5247.0,4
801700,,SUBMISSION,HYDROGEL_PACK,XIRECS,9982.0,2
802100,,SUBMISSION,HYDROGEL_PACK,XIRECS,9983.0,6
804500,,,VEV_4000,XIRECS,1242.0,2
804700,SUBMISSION,,HYDROGEL_PACK,XIRECS,9957.0,4
804800,,,VELVETFRUIT_EXTRACT,XIRECS,5251.0,5
805800,,,HYDROGEL_PACK,XIRECS,9959.0,3
805900,,SUBMISSION,VELVETFRUIT_EXTRACT,XIRECS,5260.0,5
805900,,SUBMISSION,VEV_5000,XIRECS,260.0,1
806300,SUBMISSION,,VEV_5000,XIRECS,267.0,2
807000,,SUBMISSION,VEV_5000,XIRECS,260.0,1
807000,,,VELVETFRUIT_EXTRACT,XIRECS,5264.0,7
807100,,,VELVETFRUIT_EXTRACT,XIRECS,5263.0,6
807400,,,VELVETFRUIT_EXTRACT,XIRECS,5262.0,5
807400,,,VEV_5400,XIRECS,9.0,2
807400,,,VEV_5500,XIRECS,2.0,2
807400,,,VEV_6000,XIRECS,0.0,2
807400,,,VEV_6500,XIRECS,0.0,2
809100,,,VELVETFRUIT_EXTRACT,XIRECS,5262.0,8
810000,,,VELVETFRUIT_EXTRACT,XIRECS,5258.0,4
810400,,SUBMISSION,VEV_5000,XIRECS,257.0,1
810500,,,VELVETFRUIT_EXTRACT,XIRECS,5259.0,10
810500,,,VELVETFRUIT_EXTRACT,XIRECS,5258.0,2
810600,SUBMISSION,,VEV_5000,XIRECS,264.0,1
811100,,SUBMISSION,VEV_5100,XIRECS,167.0,2
811100,,SUBMISSION,VEV_5200,XIRECS,89.0,2
811100,,SUBMISSION,VEV_5300,XIRECS,38.0,2
811100,,SUBMISSION,VEV_5400,XIRECS,10.0,2
811100,,,VEV_4000,XIRECS,1272.0,2
812000,SUBMISSION,,VEV_5300,XIRECS,40.0,2
812200,,SUBMISSION,VELVETFRUIT_EXTRACT,XIRECS,5265.0,5
812400,,,VELVETFRUIT_EXTRACT,XIRECS,5261.0,4
812600,,,VEV_4000,XIRECS,1254.0,2
812800,,,HYDROGEL_PACK,XIRECS,9955.0,2
812900,,SUBMISSION,VELVETFRUIT_EXTRACT,XIRECS,5265.0,5
813100,,SUBMISSION,VELVETFRUIT_EXTRACT,XIRECS,5265.0,5
813200,,SUBMISSION,VELVETFRUIT_EXTRACT,XIRECS,5265.0,5
813300,SUBMISSION,,VEV_5500,XIRECS,4.0,1
813400,,SUBMISSION,VEV_5500,XIRECS,2.0,1
813400,,,VELVETFRUIT_EXTRACT,XIRECS,5265.0,3
813500,,,HYDROGEL_PACK,XIRECS,9951.0,6
813600,,SUBMISSION,VELVETFRUIT_EXTRACT,XIRECS,5266.0,5
813700,,SUBMISSION,VELVETFRUIT_EXTRACT,XIRECS,5267.0,5
813800,,SUBMISSION,VELVETFRUIT_EXTRACT,XIRECS,5267.0,5
813800,,,VELVETFRUIT_EXTRACT,XIRECS,5272.0,4
816100,,,VELVETFRUIT_EXTRACT,XIRECS,5255.0,6
816300,,SUBMISSION,HYDROGEL_PACK,XIRECS,9971.0,2
816500,,,VEV_4000,XIRECS,1246.0,1
816700,,SUBMISSION,HYDROGEL_PACK,XIRECS,9962.0,6
820200,,,VEV_5300,XIRECS,34.0,5
820200,,,VEV_5400,XIRECS,8.0,5
820200,,,VEV_5500,XIRECS,2.0,5
820200,,,VEV_6000,XIRECS,0.0,5
820200,,,VEV_6500,XIRECS,0.0,5
822700,SUBMISSION,,VELVETFRUIT_EXTRACT,XIRECS,5253.0,5
823100,SUBMISSION,,VELVETFRUIT_EXTRACT,XIRECS,5252.0,5
823200,SUBMISSION,,VELVETFRUIT_EXTRACT,XIRECS,5251.0,5
823300,SUBMISSION,,VELVETFRUIT_EXTRACT,XIRECS,5250.0,5
823400,SUBMISSION,,VELVETFRUIT_EXTRACT,XIRECS,5250.0,5
823500,SUBMISSION,,VELVETFRUIT_EXTRACT,XIRECS,5250.0,5
823500,SUBMISSION,,VEV_5200,XIRECS,82.0,2
823600,SUBMISSION,,VELVETFRUIT_EXTRACT,XIRECS,5250.0,5
823700,SUBMISSION,,VELVETFRUIT_EXTRACT,XIRECS,5248.0,5
823700,,,VELVETFRUIT_EXTRACT,XIRECS,5248.0,6
823800,SUBMISSION,,VELVETFRUIT_EXTRACT,XIRECS,5248.0,5
823900,SUBMISSION,,VELVETFRUIT_EXTRACT,XIRECS,5248.0,5
824000,SUBMISSION,,VELVETFRUIT_EXTRACT,XIRECS,5247.0,5
824100,SUBMISSION,,VELVETFRUIT_EXTRACT,XIRECS,5247.0,5
824200,SUBMISSION,,VELVETFRUIT_EXTRACT,XIRECS,5247.0,5
824300,SUBMISSION,,VELVETFRUIT_EXTRACT,XIRECS,5248.0,5
824400,SUBMISSION,,VELVETFRUIT_EXTRACT,XIRECS,5247.0,5
824500,SUBMISSION,,VELVETFRUIT_EXTRACT,XIRECS,5247.0,5
824600,SUBMISSION,,VELVETFRUIT_EXTRACT,XIRECS,5245.0,5
824700,SUBMISSION,,VELVETFRUIT_EXTRACT,XIRECS,5248.0,5
824800,SUBMISSION,,VELVETFRUIT_EXTRACT,XIRECS,5250.0,5
824900,SUBMISSION,,VELVETFRUIT_EXTRACT,XIRECS,5250.0,5
825200,SUBMISSION,,VELVETFRUIT_EXTRACT,XIRECS,5251.0,5
825300,SUBMISSION,,VELVETFRUIT_EXTRACT,XIRECS,5250.0,5
826200,SUBMISSION,,VELVETFRUIT_EXTRACT,XIRECS,5248.0,5
826200,,,VEV_5200,XIRECS,81.0,5
826200,,,VEV_5400,XIRECS,8.0,5
826200,,,VEV_5500,XIRECS,2.0,5
826200,,,VEV_6000,XIRECS,0.0,5
826200,,,VEV_6500,XIRECS,0.0,5
826800,SUBMISSION,,VELVETFRUIT_EXTRACT,XIRECS,5249.0,5
826900,SUBMISSION,,VELVETFRUIT_EXTRACT,XIRECS,5249.0,5
827000,SUBMISSION,,VELVETFRUIT_EXTRACT,XIRECS,5249.0,5
828200,,,VELVETFRUIT_EXTRACT,XIRECS,5246.0,6
828300,SUBMISSION,,HYDROGEL_PACK,XIRECS,9975.0,5
828800,SUBMISSION,,VELVETFRUIT_EXTRACT,XIRECS,5247.0,5
828900,SUBMISSION,,VELVETFRUIT_EXTRACT,XIRECS,5246.0,5
829000,SUBMISSION,,VELVETFRUIT_EXTRACT,XIRECS,5247.0,5
829000,,,VELVETFRUIT_EXTRACT,XIRECS,5242.0,6
829100,SUBMISSION,,VELVETFRUIT_EXTRACT,XIRECS,5247.0,5
829200,SUBMISSION,,VELVETFRUIT_EXTRACT,XIRECS,5247.0,5
829400,SUBMISSION,,VELVETFRUIT_EXTRACT,XIRECS,5247.0,5
829600,SUBMISSION,,VELVETFRUIT_EXTRACT,XIRECS,5247.0,5
829700,SUBMISSION,,VELVETFRUIT_EXTRACT,XIRECS,5246.0,5
829800,SUBMISSION,,VELVETFRUIT_EXTRACT,XIRECS,5246.0,5
829900,SUBMISSION,,VELVETFRUIT_EXTRACT,XIRECS,5245.0,5
830000,SUBMISSION,,VELVETFRUIT_EXTRACT,XIRECS,5246.0,5
830100,SUBMISSION,,VELVETFRUIT_EXTRACT,XIRECS,5245.0,5
830200,SUBMISSION,,VELVETFRUIT_EXTRACT,XIRECS,5246.0,5
830300,SUBMISSION,,VELVETFRUIT_EXTRACT,XIRECS,5245.0,5
830400,SUBMISSION,,VELVETFRUIT_EXTRACT,XIRECS,5245.0,5
830500,SUBMISSION,,VELVETFRUIT_EXTRACT,XIRECS,5244.0,5
830600,SUBMISSION,,VELVETFRUIT_EXTRACT,XIRECS,5244.0,5
830700,SUBMISSION,,VELVETFRUIT_EXTRACT,XIRECS,5245.0,5
830800,SUBMISSION,,VELVETFRUIT_EXTRACT,XIRECS,5245.0,5
831000,SUBMISSION,,VELVETFRUIT_EXTRACT,XIRECS,5242.0,5
832500,,,VELVETFRUIT_EXTRACT,XIRECS,5245.0,4
833000,SUBMISSION,,VELVETFRUIT_EXTRACT,XIRECS,5242.0,5
833000,,,VELVETFRUIT_EXTRACT,XIRECS,5237.0,8
834100,SUBMISSION,,VELVETFRUIT_EXTRACT,XIRECS,5240.0,5
834400,,,VEV_5200,XIRECS,75.0,5
834400,,,VEV_5300,XIRECS,29.0,5
834400,,,VEV_5400,XIRECS,7.0,5
834400,,,VEV_5500,XIRECS,1.0,5
834400,,,VEV_6000,XIRECS,0.0,5
834400,,,VEV_6500,XIRECS,0.0,5
834500,SUBMISSION,,VELVETFRUIT_EXTRACT,XIRECS,5240.0,5
834600,SUBMISSION,,VELVETFRUIT_EXTRACT,XIRECS,5239.0,5
834700,SUBMISSION,,VELVETFRUIT_EXTRACT,XIRECS,5239.0,5
834800,SUBMISSION,,VELVETFRUIT_EXTRACT,XIRECS,5238.0,5
834900,SUBMISSION,,VELVETFRUIT_EXTRACT,XIRECS,5239.0,5
835100,SUBMISSION,,VELVETFRUIT_EXTRACT,XIRECS,5238.0,5
835300,SUBMISSION,,VELVETFRUIT_EXTRACT,XIRECS,5238.0,5
835400,SUBMISSION,,VELVETFRUIT_EXTRACT,XIRECS,5238.0,5
835500,SUBMISSION,,VELVETFRUIT_EXTRACT,XIRECS,5238.0,5
835500,,,VELVETFRUIT_EXTRACT,XIRECS,5238.0,6
835600,SUBMISSION,,VELVETFRUIT_EXTRACT,XIRECS,5237.0,5
835800,SUBMISSION,,VELVETFRUIT_EXTRACT,XIRECS,5236.0,5
835900,SUBMISSION,,VELVETFRUIT_EXTRACT,XIRECS,5237.0,5
836000,SUBMISSION,,HYDROGEL_PACK,XIRECS,10003.0,2
837100,,,VELVETFRUIT_EXTRACT,XIRECS,5243.0,3
837500,,,VEV_5400,XIRECS,7.0,3
837500,,,VEV_5500,XIRECS,1.0,3
837500,,,VEV_6000,XIRECS,0.0,3
837500,,,VEV_6500,XIRECS,0.0,3
837800,SUBMISSION,,HYDROGEL_PACK,XIRECS,10012.0,6
838300,,,HYDROGEL_PACK,XIRECS,10016.0,6
839000,,,VELVETFRUIT_EXTRACT,XIRECS,5239.0,7
839200,,,VELVETFRUIT_EXTRACT,XIRECS,5246.0,3
839800,,,VEV_5200,XIRECS,76.0,3
839800,,,VEV_5400,XIRECS,7.0,3
839800,,,VEV_5500,XIRECS,1.0,3
839800,,,VEV_6000,XIRECS,0.0,3
839800,,,VEV_6500,XIRECS,0.0,3
840500,,,VELVETFRUIT_EXTRACT,XIRECS,5241.0,4
840800,,,VEV_4000,XIRECS,1228.0,1
842200,,,VEV_5400,XIRECS,6.0,3
842200,,,VEV_5500,XIRECS,1.0,3
842200,,,VEV_6000,XIRECS,0.0,3
842200,,,VEV_6500,XIRECS,0.0,3
842400,,,VELVETFRUIT_EXTRACT,XIRECS,5239.0,8
843500,,,VELVETFRUIT_EXTRACT,XIRECS,5238.0,7
845100,,,VEV_4000,XIRECS,1232.0,3
846000,,,VELVETFRUIT_EXTRACT,XIRECS,5237.0,6
847100,,,HYDROGEL_PACK,XIRECS,10008.0,2
847200,,,VELVETFRUIT_EXTRACT,XIRECS,5245.0,7
849300,,SUBMISSION,VELVETFRUIT_EXTRACT,XIRECS,5247.0,5
851100,,SUBMISSION,VEV_5100,XIRECS,151.0,1
851100,,SUBMISSION,VEV_5300,XIRECS,31.0,1
851100,,,VEV_4000,XIRECS,1254.0,1
852100,,SUBMISSION,VEV_5100,XIRECS,151.0,1
852100,,SUBMISSION,VEV_5300,XIRECS,31.0,1
852100,,,VELVETFRUIT_EXTRACT,XIRECS,5246.0,4
852100,,,VEV_4000,XIRECS,1254.0,1
855400,SUBMISSION,,VEV_5300,XIRECS,34.0,2
855500,,SUBMISSION,VELVETFRUIT_EXTRACT,XIRECS,5250.0,5
855600,,SUBMISSION,VELVETFRUIT_EXTRACT,XIRECS,5248.0,5
855800,,SUBMISSION,VELVETFRUIT_EXTRACT,XIRECS,5248.0,5
856900,,SUBMISSION,VELVETFRUIT_EXTRACT,XIRECS,5250.0,5
857500,,SUBMISSION,VEV_5100,XIRECS,155.0,1
857500,,SUBMISSION,VEV_5200,XIRECS,80.0,1
857500,,SUBMISSION,VEV_5300,XIRECS,32.0,1
857500,,,VEV_4000,XIRECS,1258.0,1
857700,SUBMISSION,,VEV_5200,XIRECS,81.0,1
858600,,SUBMISSION,HYDROGEL_PACK,XIRECS,10021.0,3
860900,,,VELVETFRUIT_EXTRACT,XIRECS,5233.0,3
861400,,,VELVETFRUIT_EXTRACT,XIRECS,5236.0,7
861900,,,VEV_4000,XIRECS,1228.0,2
863700,SUBMISSION,,VELVETFRUIT_EXTRACT,XIRECS,5230.0,5
863700,,,VELVETFRUIT_EXTRACT,XIRECS,5230.0,7
864100,,,VEV_5300,XIRECS,26.0,2
864100,,,VEV_5400,XIRECS,6.0,2
864100,,,VEV_5500,XIRECS,1.0,2
864100,,,VEV_6000,XIRECS,0.0,2
864100,,,VEV_6500,XIRECS,0.0,2
864700,,,VELVETFRUIT_EXTRACT,XIRECS,5229.0,7
866600,,,HYDROGEL_PACK,XIRECS,10010.0,5
868200,,,VELVETFRUIT_EXTRACT,XIRECS,5233.0,3
868300,,,VEV_5300,XIRECS,27.0,2
868300,,,VEV_5400,XIRECS,6.0,2
868300,,,VEV_5500,XIRECS,1.0,2
868300,,,VEV_6000,XIRECS,0.0,2
868300,,,VEV_6500,XIRECS,0.0,2
868400,,,VELVETFRUIT_EXTRACT,XIRECS,5233.0,6
868600,,,VELVETFRUIT_EXTRACT,XIRECS,5239.0,3
868700,,,HYDROGEL_PACK,XIRECS,10003.0,3
869600,,,HYDROGEL_PACK,XIRECS,10007.0,6
872200,,SUBMISSION,HYDROGEL_PACK,XIRECS,10016.0,3
873400,,,VELVETFRUIT_EXTRACT,XIRECS,5235.0,8
875200,,SUBMISSION,HYDROGEL_PACK,XIRECS,9997.0,5
875600,,,VELVETFRUIT_EXTRACT,XIRECS,5240.0,5
876300,,,VELVETFRUIT_EXTRACT,XIRECS,5237.0,6
877100,,,VELVETFRUIT_EXTRACT,XIRECS,5242.0,7
877200,,SUBMISSION,VEV_5100,XIRECS,147.0,3
877200,,SUBMISSION,VEV_5200,XIRECS,74.0,1
877200,,SUBMISSION,VEV_5300,XIRECS,29.0,3
877200,,,VEV_4000,XIRECS,1249.0,3
877500,SUBMISSION,,VEV_5200,XIRECS,75.0,1
877500,,,VEV_4000,XIRECS,1227.0,3
877600,,,VELVETFRUIT_EXTRACT,XIRECS,5240.0,7
877600,,,VEV_5200,XIRECS,73.0,5
877600,,,VEV_5300,XIRECS,28.0,5
877600,,,VEV_5400,XIRECS,6.0,5
877600,,,VEV_5500,XIRECS,1.0,5
877600,,,VEV_6000,XIRECS,0.0,5
877600,,,VEV_6500,XIRECS,0.0,5
878300,,,VEV_5200,XIRECS,72.0,3
878300,,,VEV_5400,XIRECS,6.0,3
878300,,,VEV_5500,XIRECS,1.0,3
878300,,,VEV_6000,XIRECS,0.0,3
878300,,,VEV_6500,XIRECS,0.0,3
879700,,SUBMISSION,HYDROGEL_PACK,XIRECS,9984.0,5
880600,SUBMISSION,,HYDROGEL_PACK,XIRECS,9964.0,3
881900,SUBMISSION,,VELVETFRUIT_EXTRACT,XIRECS,5224.0,5
882000,,,VELVETFRUIT_EXTRACT,XIRECS,5223.0,3
882400,SUBMISSION,,HYDROGEL_PACK,XIRECS,9960.0,5
883300,SUBMISSION,,VELVETFRUIT_EXTRACT,XIRECS,5222.0,5
883300,,,VELVETFRUIT_EXTRACT,XIRECS,5222.0,10
883400,,,VELVETFRUIT_EXTRACT,XIRECS,5221.0,7
884000,,,VELVETFRUIT_EXTRACT,XIRECS,5221.0,4
885900,,,VEV_4000,XIRECS,1221.0,2
886300,,SUBMISSION,HYDROGEL_PACK,XIRECS,9951.0,5
886500,,,VELVETFRUIT_EXTRACT,XIRECS,5232.0,5
886600,SUBMISSION,,HYDROGEL_PACK,XIRECS,9933.0,3
887000,,SUBMISSION,VEV_5100,XIRECS,140.0,3
887000,,SUBMISSION,VEV_5200,XIRECS,69.0,1
887000,,SUBMISSION,VEV_5400,XIRECS,6.0,3
887000,,,VEV_4000,XIRECS,1241.0,3
887300,SUBMISSION,,VEV_5200,XIRECS,70.0,1
890900,,,VEV_5200,XIRECS,71.0,4
890900,,,VEV_5300,XIRECS,27.0,4
890900,,,VEV_5400,XIRECS,6.0,4
890900,,,VEV_5500,XIRECS,1.0,4
890900,,,VEV_6000,XIRECS,0.0,4
890900,,,VEV_6500,XIRECS,0.0,4
891200,,SUBMISSION,HYDROGEL_PACK,XIRECS,9948.0,5
891600,,SUBMISSION,HYDROGEL_PACK,XIRECS,9942.0,5
892100,,SUBMISSION,VELVETFRUIT_EXTRACT,XIRECS,5239.0,5
892300,,SUBMISSION,VELVETFRUIT_EXTRACT,XIRECS,5239.0,5
892400,,SUBMISSION,VELVETFRUIT_EXTRACT,XIRECS,5241.0,5
892500,,SUBMISSION,VELVETFRUIT_EXTRACT,XIRECS,5241.0,5
892600,,SUBMISSION,VELVETFRUIT_EXTRACT,XIRECS,5242.0,5
892700,,SUBMISSION,VELVETFRUIT_EXTRACT,XIRECS,5243.0,5
892800,,SUBMISSION,VELVETFRUIT_EXTRACT,XIRECS,5240.0,5
892900,,SUBMISSION,VELVETFRUIT_EXTRACT,XIRECS,5242.0,5
893000,,SUBMISSION,VELVETFRUIT_EXTRACT,XIRECS,5240.0,5
893100,,SUBMISSION,VELVETFRUIT_EXTRACT,XIRECS,5240.0,5
893300,,SUBMISSION,VELVETFRUIT_EXTRACT,XIRECS,5241.0,5
893400,,SUBMISSION,VELVETFRUIT_EXTRACT,XIRECS,5240.0,5
894300,,,VEV_5300,XIRECS,29.0,3
894300,,,VEV_5400,XIRECS,6.0,3
894300,,,VEV_5500,XIRECS,1.0,3
894300,,,VEV_6000,XIRECS,0.0,3
894300,,,VEV_6500,XIRECS,0.0,3
895300,,SUBMISSION,VELVETFRUIT_EXTRACT,XIRECS,5241.0,5
895400,,SUBMISSION,VELVETFRUIT_EXTRACT,XIRECS,5241.0,5
895600,,SUBMISSION,VELVETFRUIT_EXTRACT,XIRECS,5241.0,5
895700,,,VELVETFRUIT_EXTRACT,XIRECS,5245.0,7
896800,,SUBMISSION,VELVETFRUIT_EXTRACT,XIRECS,5241.0,5
896800,,,VELVETFRUIT_EXTRACT,XIRECS,5239.0,6
896900,,SUBMISSION,HYDROGEL_PACK,XIRECS,9942.0,3
897200,,SUBMISSION,VELVETFRUIT_EXTRACT,XIRECS,5243.0,5
897400,,SUBMISSION,VELVETFRUIT_EXTRACT,XIRECS,5243.0,5
897500,,SUBMISSION,VELVETFRUIT_EXTRACT,XIRECS,5243.0,5
897600,,SUBMISSION,VELVETFRUIT_EXTRACT,XIRECS,5242.0,5
897700,,SUBMISSION,VELVETFRUIT_EXTRACT,XIRECS,5243.0,5
897800,,SUBMISSION,VELVETFRUIT_EXTRACT,XIRECS,5244.0,5
897900,,SUBMISSION,VELVETFRUIT_EXTRACT,XIRECS,5244.0,5
898000,,SUBMISSION,VELVETFRUIT_EXTRACT,XIRECS,5245.0,5
898000,SUBMISSION,,VEV_5300,XIRECS,33.0,4
898100,,SUBMISSION,VELVETFRUIT_EXTRACT,XIRECS,5244.0,5
898200,,SUBMISSION,VELVETFRUIT_EXTRACT,XIRECS,5245.0,5
898300,,SUBMISSION,VELVETFRUIT_EXTRACT,XIRECS,5245.0,5
898400,,SUBMISSION,VELVETFRUIT_EXTRACT,XIRECS,5243.0,5
898500,,SUBMISSION,VELVETFRUIT_EXTRACT,XIRECS,5245.0,5
898600,SUBMISSION,,HYDROGEL_PACK,XIRECS,9953.0,4
898600,,SUBMISSION,VELVETFRUIT_EXTRACT,XIRECS,5247.0,5
898700,,SUBMISSION,VELVETFRUIT_EXTRACT,XIRECS,5248.0,5
898800,,SUBMISSION,VELVETFRUIT_EXTRACT,XIRECS,5247.0,5
898900,,SUBMISSION,VELVETFRUIT_EXTRACT,XIRECS,5247.0,5
899000,,SUBMISSION,VELVETFRUIT_EXTRACT,XIRECS,5249.0,5
899100,,SUBMISSION,VELVETFRUIT_EXTRACT,XIRECS,5250.0,5
899200,,SUBMISSION,VELVETFRUIT_EXTRACT,XIRECS,5250.0,5
899300,,SUBMISSION,VELVETFRUIT_EXTRACT,XIRECS,5252.0,5
899400,,SUBMISSION,VELVETFRUIT_EXTRACT,XIRECS,5250.0,5
899500,,SUBMISSION,VELVETFRUIT_EXTRACT,XIRECS,5250.0,5
899600,,SUBMISSION,VELVETFRUIT_EXTRACT,XIRECS,5251.0,5
899700,,SUBMISSION,VELVETFRUIT_EXTRACT,XIRECS,5248.0,5
899800,,SUBMISSION,VELVETFRUIT_EXTRACT,XIRECS,5249.0,5
899900,,SUBMISSION,VELVETFRUIT_EXTRACT,XIRECS,5250.0,5
900000,,SUBMISSION,VELVETFRUIT_EXTRACT,XIRECS,5249.0,5
900100,,SUBMISSION,VELVETFRUIT_EXTRACT,XIRECS,5249.0,5
900200,,SUBMISSION,VELVETFRUIT_EXTRACT,XIRECS,5247.0,5
900200,,,VELVETFRUIT_EXTRACT,XIRECS,5252.0,6
900300,,SUBMISSION,VELVETFRUIT_EXTRACT,XIRECS,5247.0,5
900400,,SUBMISSION,VELVETFRUIT_EXTRACT,XIRECS,5248.0,5
900500,,SUBMISSION,VELVETFRUIT_EXTRACT,XIRECS,5249.0,5
900600,,SUBMISSION,VELVETFRUIT_EXTRACT,XIRECS,5248.0,5
900700,,SUBMISSION,VELVETFRUIT_EXTRACT,XIRECS,5249.0,5
900800,,SUBMISSION,VELVETFRUIT_EXTRACT,XIRECS,5250.0,5
900900,,SUBMISSION,VELVETFRUIT_EXTRACT,XIRECS,5250.0,5
901000,,SUBMISSION,VELVETFRUIT_EXTRACT,XIRECS,5250.0,5
901100,,SUBMISSION,VELVETFRUIT_EXTRACT,XIRECS,5249.0,5
901500,,SUBMISSION,VELVETFRUIT_EXTRACT,XIRECS,5249.0,5
902100,,,VELVETFRUIT_EXTRACT,XIRECS,5246.0,5
903100,,SUBMISSION,VELVETFRUIT_EXTRACT,XIRECS,5252.0,5
903300,SUBMISSION,,HYDROGEL_PACK,XIRECS,9946.0,6
903300,,,VELVETFRUIT_EXTRACT,XIRECS,5256.0,4
903800,,,VELVETFRUIT_EXTRACT,XIRECS,5252.0,3
903900,,SUBMISSION,VELVETFRUIT_EXTRACT,XIRECS,5253.0,5
904700,,SUBMISSION,HYDROGEL_PACK,XIRECS,9948.0,4
904900,,,VELVETFRUIT_EXTRACT,XIRECS,5257.0,7
905000,,SUBMISSION,VELVETFRUIT_EXTRACT,XIRECS,5254.0,5
905100,,,VELVETFRUIT_EXTRACT,XIRECS,5258.0,6
905200,,,VELVETFRUIT_EXTRACT,XIRECS,5259.0,8
905300,,SUBMISSION,VELVETFRUIT_EXTRACT,XIRECS,5255.0,5
905400,,SUBMISSION,VELVETFRUIT_EXTRACT,XIRECS,5257.0,5
905500,,SUBMISSION,VELVETFRUIT_EXTRACT,XIRECS,5256.0,5
907300,,SUBMISSION,HYDROGEL_PACK,XIRECS,9955.0,4
908100,,,VELVETFRUIT_EXTRACT,XIRECS,5256.0,7
910900,,SUBMISSION,HYDROGEL_PACK,XIRECS,9939.0,6
911500,,,VELVETFRUIT_EXTRACT,XIRECS,5253.0,10
911700,,SUBMISSION,HYDROGEL_PACK,XIRECS,9937.0,3
912400,SUBMISSION,,HYDROGEL_PACK,XIRECS,9920.0,5
915100,,,VELVETFRUIT_EXTRACT,XIRECS,5256.0,4
916400,,,VELVETFRUIT_EXTRACT,XIRECS,5249.0,8
916800,,,VEV_4000,XIRECS,1240.0,1
916900,,,VELVETFRUIT_EXTRACT,XIRECS,5246.0,6
917300,,,VEV_4000,XIRECS,1238.0,3
918200,,SUBMISSION,HYDROGEL_PACK,XIRECS,9948.0,2
918500,,,VEV_5300,XIRECS,34.0,5
918500,,,VEV_5400,XIRECS,8.0,5
918500,,,VEV_5500,XIRECS,2.0,5
918500,,,VEV_6000,XIRECS,0.0,5
918500,,,VEV_6500,XIRECS,0.0,5
921600,,,VEV_4000,XIRECS,1247.0,1
922400,,SUBMISSION,HYDROGEL_PACK,XIRECS,9940.0,2
922400,,,VEV_4000,XIRECS,1248.0,3
923500,,,VELVETFRUIT_EXTRACT,XIRECS,5255.0,8
923900,,SUBMISSION,VEV_5100,XIRECS,165.0,2
923900,,SUBMISSION,VEV_5200,XIRECS,88.0,2
923900,,,VEV_4000,XIRECS,1270.0,2
924600,SUBMISSION,,HYDROGEL_PACK,XIRECS,9956.0,15
924600,SUBMISSION,,HYDROGEL_PACK,XIRECS,9958.0,22
924900,SUBMISSION,,HYDROGEL_PACK,XIRECS,9950.0,12
924900,SUBMISSION,,HYDROGEL_PACK,XIRECS,9953.0,23
925000,,,VEV_4000,XIRECS,1246.0,1
927000,,SUBMISSION,HYDROGEL_PACK,XIRECS,9941.0,2
927100,,,VELVETFRUIT_EXTRACT,XIRECS,5255.0,4
927200,,,VELVETFRUIT_EXTRACT,XIRECS,5256.0,4
927500,,,HYDROGEL_PACK,XIRECS,9926.0,6
927700,,,VELVETFRUIT_EXTRACT,XIRECS,5258.0,6
928000,SUBMISSION,,HYDROGEL_PACK,XIRECS,9932.0,4
928700,,,VELVETFRUIT_EXTRACT,XIRECS,5258.0,4
931000,,,HYDROGEL_PACK,XIRECS,9953.0,2
932400,,,VEV_4000,XIRECS,1257.0,1
933300,,,HYDROGEL_PACK,XIRECS,9959.0,4
935300,,SUBMISSION,HYDROGEL_PACK,XIRECS,9970.0,3
935700,SUBMISSION,,VELVETFRUIT_EXTRACT,XIRECS,5254.0,5
935900,,,VELVETFRUIT_EXTRACT,XIRECS,5250.0,6
936500,,,VELVETFRUIT_EXTRACT,XIRECS,5251.0,5
937000,,,VEV_5400,XIRECS,8.0,5
937000,,,VEV_5500,XIRECS,2.0,5
937000,,,VEV_6000,XIRECS,0.0,5
937000,,,VEV_6500,XIRECS,0.0,5
937400,,,VEV_5400,XIRECS,8.0,5
937400,,,VEV_5500,XIRECS,2.0,5
937400,,,VEV_6000,XIRECS,0.0,5
937400,,,VEV_6500,XIRECS,0.0,5
941000,,,VEV_4000,XIRECS,1247.0,2
941800,,SUBMISSION,VEV_5100,XIRECS,163.0,3
941800,,SUBMISSION,VEV_5200,XIRECS,86.0,3
941800,,,VEV_4000,XIRECS,1268.0,3
942200,,SUBMISSION,VEV_5100,XIRECS,164.0,1
942200,,SUBMISSION,VEV_5200,XIRECS,87.0,1
942200,,,VEV_4000,XIRECS,1269.0,1
943100,,,VELVETFRUIT_EXTRACT,XIRECS,5263.0,4
943500,,,VEV_4000,XIRECS,1255.0,1
943900,,,VELVETFRUIT_EXTRACT,XIRECS,5270.0,5
943900,,,VEV_5300,XIRECS,39.0,5
943900,,,VEV_5400,XIRECS,10.0,5
943900,,,VEV_5500,XIRECS,2.0,5
943900,,,VEV_6000,XIRECS,0.0,5
943900,,,VEV_6500,XIRECS,0.0,5
944500,,SUBMISSION,VEV_5000,XIRECS,264.0,1
944600,SUBMISSION,,VEV_5000,XIRECS,271.0,1
947000,,,VELVETFRUIT_EXTRACT,XIRECS,5270.0,12
947100,,SUBMISSION,VEV_5000,XIRECS,270.0,1
947500,SUBMISSION,,VEV_5000,XIRECS,277.0,2
947600,SUBMISSION,,VEV_5500,XIRECS,4.0,1
947800,,SUBMISSION,VELVETFRUIT_EXTRACT,XIRECS,5274.0,5
948100,SUBMISSION,,VEV_5000,XIRECS,281.0,1
948400,SUBMISSION,,VEV_5000,XIRECS,283.0,2
948500,,SUBMISSION,VEV_5000,XIRECS,277.0,3
949000,SUBMISSION,,VEV_5000,XIRECS,281.0,3
949100,,SUBMISSION,VEV_5000,XIRECS,277.0,3
949200,SUBMISSION,,VEV_5000,XIRECS,284.0,3
949300,,SUBMISSION,VEV_5000,XIRECS,278.0,3
949600,,,VELVETFRUIT_EXTRACT,XIRECS,5280.0,7
950100,,SUBMISSION,HYDROGEL_PACK,XIRECS,10000.0,6
950300,,SUBMISSION,VEV_5500,XIRECS,2.0,1
950400,SUBMISSION,,VEV_5500,XIRECS,4.0,1
950400,,,VELVETFRUIT_EXTRACT,XIRECS,5271.0,8
950500,,SUBMISSION,VEV_5500,XIRECS,2.0,1
950700,SUBMISSION,,VEV_5500,XIRECS,4.0,1
950800,SUBMISSION,,VEV_5000,XIRECS,277.0,2
950900,,SUBMISSION,VEV_5000,XIRECS,270.0,3
951100,SUBMISSION,,VEV_5000,XIRECS,274.0,2
951200,SUBMISSION,,HYDROGEL_PACK,XIRECS,9984.0,5
951700,,,VELVETFRUIT_EXTRACT,XIRECS,5276.0,6
952200,,,VELVETFRUIT_EXTRACT,XIRECS,5274.0,4
953900,,SUBMISSION,VEV_5000,XIRECS,270.0,2
954100,SUBMISSION,,VEV_5000,XIRECS,277.0,2
954100,,,VEV_4000,XIRECS,1262.0,2
954600,,SUBMISSION,VEV_5000,XIRECS,269.0,1
954700,SUBMISSION,,VEV_5000,XIRECS,274.0,2
955200,,SUBMISSION,VEV_5000,XIRECS,268.0,2
955600,,,HYDROGEL_PACK,XIRECS,9973.0,4
955800,SUBMISSION,,VEV_5000,XIRECS,275.0,2
956500,,SUBMISSION,VEV_5000,XIRECS,269.0,2
956800,SUBMISSION,,VEV_5000,XIRECS,274.0,3
956900,,,VELVETFRUIT_EXTRACT,XIRECS,5269.0,8
957100,,SUBMISSION,VEV_5000,XIRECS,268.0,3
957200,SUBMISSION,,VEV_5000,XIRECS,274.0,3
957300,,SUBMISSION,VEV_5000,XIRECS,267.0,3
958000,SUBMISSION,,VEV_5000,XIRECS,274.0,3
958100,,SUBMISSION,VEV_5000,XIRECS,267.0,3
958400,SUBMISSION,,VEV_5000,XIRECS,276.0,1
958500,,SUBMISSION,VEV_5000,XIRECS,270.0,1
958600,,,VELVETFRUIT_EXTRACT,XIRECS,5275.0,3
959000,SUBMISSION,,VEV_5000,XIRECS,276.0,2
959200,,SUBMISSION,VEV_5000,XIRECS,270.0,2
959300,SUBMISSION,,VEV_5000,XIRECS,276.0,3
959400,,SUBMISSION,VEV_5000,XIRECS,271.0,3
959500,SUBMISSION,,VEV_5000,XIRECS,278.0,1
960300,,SUBMISSION,HYDROGEL_PACK,XIRECS,9977.0,3
960600,,SUBMISSION,VEV_5000,XIRECS,270.0,2
960800,SUBMISSION,,VEV_5000,XIRECS,279.0,2
961200,,,VELVETFRUIT_EXTRACT,XIRECS,5270.0,8
961500,,,VELVETFRUIT_EXTRACT,XIRECS,5269.0,7
961800,,,VELVETFRUIT_EXTRACT,XIRECS,5272.0,7
962300,,SUBMISSION,VEV_5500,XIRECS,2.0,1
962400,,SUBMISSION,VEV_5000,XIRECS,274.0,2
962600,,,HYDROGEL_PACK,XIRECS,9972.0,4
963200,,SUBMISSION,VEV_5100,XIRECS,182.0,3
963200,,SUBMISSION,VEV_5200,XIRECS,100.0,3
963200,,,VEV_4000,XIRECS,1287.0,3
963600,,SUBMISSION,HYDROGEL_PACK,XIRECS,9981.0,5
963700,,,HYDROGEL_PACK,XIRECS,9965.0,5
964500,,,VELVETFRUIT_EXTRACT,XIRECS,5274.0,6
965600,,,HYDROGEL_PACK,XIRECS,9954.0,5
966700,,,HYDROGEL_PACK,XIRECS,9947.0,5
966900,,,VELVETFRUIT_EXTRACT,XIRECS,5274.0,3
967300,,,HYDROGEL_PACK,XIRECS,9953.0,3
967600,,SUBMISSION,VEV_5000,XIRECS,267.0,1
967700,SUBMISSION,,VEV_5000,XIRECS,273.0,2
967900,SUBMISSION,,VELVETFRUIT_EXTRACT,XIRECS,5265.0,5
967900,,SUBMISSION,VEV_5000,XIRECS,264.0,1
968000,SUBMISSION,,VELVETFRUIT_EXTRACT,XIRECS,5269.0,5
968100,SUBMISSION,,VELVETFRUIT_EXTRACT,XIRECS,5266.0,5
968100,,,VELVETFRUIT_EXTRACT,XIRECS,5266.0,2
968500,SUBMISSION,,VELVETFRUIT_EXTRACT,XIRECS,5268.0,5
968600,SUBMISSION,,VELVETFRUIT_EXTRACT,XIRECS,5268.0,5
968600,,,VELVETFRUIT_EXTRACT,XIRECS,5263.0,4
968700,SUBMISSION,,VELVETFRUIT_EXTRACT,XIRECS,5268.0,5
968800,SUBMISSION,,VELVETFRUIT_EXTRACT,XIRECS,5267.0,5
968900,SUBMISSION,,VELVETFRUIT_EXTRACT,XIRECS,5268.0,5
969000,SUBMISSION,,VELVETFRUIT_EXTRACT,XIRECS,5267.0,5
969100,SUBMISSION,,VELVETFRUIT_EXTRACT,XIRECS,5263.0,5
969100,,,VELVETFRUIT_EXTRACT,XIRECS,5263.0,6
969200,SUBMISSION,,VELVETFRUIT_EXTRACT,XIRECS,5266.0,5
969200,SUBMISSION,,VEV_5000,XIRECS,268.0,2
969300,SUBMISSION,,VELVETFRUIT_EXTRACT,XIRECS,5266.0,5
969300,,SUBMISSION,VEV_5000,XIRECS,262.0,2
969400,SUBMISSION,,VELVETFRUIT_EXTRACT,XIRECS,5266.0,5
969500,SUBMISSION,,VELVETFRUIT_EXTRACT,XIRECS,5265.0,5
969600,SUBMISSION,,VELVETFRUIT_EXTRACT,XIRECS,5266.0,5
970100,SUBMISSION,,VELVETFRUIT_EXTRACT,XIRECS,5266.0,5
970400,SUBMISSION,,VELVETFRUIT_EXTRACT,XIRECS,5266.0,5
970500,SUBMISSION,,VELVETFRUIT_EXTRACT,XIRECS,5265.0,5
970600,SUBMISSION,,VELVETFRUIT_EXTRACT,XIRECS,5264.0,5
970700,SUBMISSION,,VELVETFRUIT_EXTRACT,XIRECS,5265.0,5
970800,SUBMISSION,,VELVETFRUIT_EXTRACT,XIRECS,5265.0,5
970900,SUBMISSION,,VELVETFRUIT_EXTRACT,XIRECS,5264.0,5
971000,SUBMISSION,,VELVETFRUIT_EXTRACT,XIRECS,5264.0,5
971100,SUBMISSION,,VELVETFRUIT_EXTRACT,XIRECS,5265.0,5
971200,SUBMISSION,,VELVETFRUIT_EXTRACT,XIRECS,5264.0,5
971300,SUBMISSION,,VELVETFRUIT_EXTRACT,XIRECS,5262.0,5
971400,SUBMISSION,,VELVETFRUIT_EXTRACT,XIRECS,5262.0,5
971500,SUBMISSION,,VELVETFRUIT_EXTRACT,XIRECS,5262.0,5
971600,SUBMISSION,,VELVETFRUIT_EXTRACT,XIRECS,5263.0,5
971700,SUBMISSION,,VELVETFRUIT_EXTRACT,XIRECS,5263.0,5
971800,SUBMISSION,,VELVETFRUIT_EXTRACT,XIRECS,5261.0,5
971900,SUBMISSION,,VELVETFRUIT_EXTRACT,XIRECS,5260.0,5
972000,SUBMISSION,,VELVETFRUIT_EXTRACT,XIRECS,5260.0,5
972100,SUBMISSION,,VELVETFRUIT_EXTRACT,XIRECS,5259.0,5
972100,,,HYDROGEL_PACK,XIRECS,9966.0,2
972200,SUBMISSION,,VELVETFRUIT_EXTRACT,XIRECS,5259.0,5
972300,SUBMISSION,,VELVETFRUIT_EXTRACT,XIRECS,5254.0,5
972300,,,VELVETFRUIT_EXTRACT,XIRECS,5252.0,6
972400,SUBMISSION,,VELVETFRUIT_EXTRACT,XIRECS,5259.0,5
972500,SUBMISSION,,VELVETFRUIT_EXTRACT,XIRECS,5261.0,5
972500,,,VEV_4000,XIRECS,1248.0,2
972600,SUBMISSION,,VELVETFRUIT_EXTRACT,XIRECS,5260.0,5
972700,SUBMISSION,,VELVETFRUIT_EXTRACT,XIRECS,5260.0,5
972800,SUBMISSION,,VELVETFRUIT_EXTRACT,XIRECS,5261.0,5
972900,SUBMISSION,,VELVETFRUIT_EXTRACT,XIRECS,5262.0,5
973000,SUBMISSION,,VELVETFRUIT_EXTRACT,XIRECS,5260.0,5
973100,SUBMISSION,,VELVETFRUIT_EXTRACT,XIRECS,5260.0,5
973200,SUBMISSION,,VELVETFRUIT_EXTRACT,XIRECS,5259.0,5
973300,SUBMISSION,,VELVETFRUIT_EXTRACT,XIRECS,5258.0,5
973300,,,VELVETFRUIT_EXTRACT,XIRECS,5258.0,5
973400,SUBMISSION,,VELVETFRUIT_EXTRACT,XIRECS,5258.0,5
973500,SUBMISSION,,VELVETFRUIT_EXTRACT,XIRECS,5257.0,5
973600,SUBMISSION,,VELVETFRUIT_EXTRACT,XIRECS,5258.0,5
973700,SUBMISSION,,VELVETFRUIT_EXTRACT,XIRECS,5255.0,5
973700,,SUBMISSION,VEV_5100,XIRECS,159.0,2
973700,,SUBMISSION,VEV_5200,XIRECS,83.0,2
973700,,,VEV_4000,XIRECS,1263.0,2
973800,SUBMISSION,,VELVETFRUIT_EXTRACT,XIRECS,5257.0,5
973900,SUBMISSION,,VELVETFRUIT_EXTRACT,XIRECS,5256.0,5
974000,SUBMISSION,,VELVETFRUIT_EXTRACT,XIRECS,5254.0,5
974100,SUBMISSION,,VELVETFRUIT_EXTRACT,XIRECS,5255.0,5
974100,SUBMISSION,,VEV_5200,XIRECS,84.0,3
974200,SUBMISSION,,VELVETFRUIT_EXTRACT,XIRECS,5256.0,5
974300,SUBMISSION,,VELVETFRUIT_EXTRACT,XIRECS,5256.0,5
974400,SUBMISSION,,VELVETFRUIT_EXTRACT,XIRECS,5257.0,5
974500,SUBMISSION,,VELVETFRUIT_EXTRACT,XIRECS,5256.0,5
974600,SUBMISSION,,VELVETFRUIT_EXTRACT,XIRECS,5256.0,5
974700,SUBMISSION,,VELVETFRUIT_EXTRACT,XIRECS,5254.0,5
974800,SUBMISSION,,VELVETFRUIT_EXTRACT,XIRECS,5252.0,5
974800,SUBMISSION,,VEV_5200,XIRECS,82.0,6
974900,SUBMISSION,,VELVETFRUIT_EXTRACT,XIRECS,5252.0,5
975000,SUBMISSION,,VELVETFRUIT_EXTRACT,XIRECS,5252.0,5
975100,SUBMISSION,,VELVETFRUIT_EXTRACT,XIRECS,5252.0,5
975200,SUBMISSION,,VELVETFRUIT_EXTRACT,XIRECS,5251.0,5
975300,,SUBMISSION,HYDROGEL_PACK,XIRECS,9998.0,6
975300,SUBMISSION,,VELVETFRUIT_EXTRACT,XIRECS,5253.0,5
975400,SUBMISSION,,VELVETFRUIT_EXTRACT,XIRECS,5255.0,5
975500,SUBMISSION,,VELVETFRUIT_EXTRACT,XIRECS,5254.0,5
975600,SUBMISSION,,VELVETFRUIT_EXTRACT,XIRECS,5253.0,5
975700,SUBMISSION,,VELVETFRUIT_EXTRACT,XIRECS,5252.0,5
975800,SUBMISSION,,VELVETFRUIT_EXTRACT,XIRECS,5251.0,5
975800,SUBMISSION,,VEV_5200,XIRECS,82.0,1
975900,SUBMISSION,,VELVETFRUIT_EXTRACT,XIRECS,5250.0,5
975900,,,HYDROGEL_PACK,XIRECS,9984.0,5
976000,SUBMISSION,,VELVETFRUIT_EXTRACT,XIRECS,5252.0,5
976100,SUBMISSION,,VELVETFRUIT_EXTRACT,XIRECS,5253.0,5
976200,SUBMISSION,,VELVETFRUIT_EXTRACT,XIRECS,5252.0,5
976300,SUBMISSION,,VELVETFRUIT_EXTRACT,XIRECS,5251.0,5
976400,SUBMISSION,,VELVETFRUIT_EXTRACT,XIRECS,5251.0,5
976400,,,VELVETFRUIT_EXTRACT,XIRECS,5251.0,3
976500,SUBMISSION,,VELVETFRUIT_EXTRACT,XIRECS,5250.0,5
976600,SUBMISSION,,VELVETFRUIT_EXTRACT,XIRECS,5250.0,5
976600,SUBMISSION,,VEV_5200,XIRECS,81.0,1
976700,SUBMISSION,,VELVETFRUIT_EXTRACT,XIRECS,5250.0,5
977300,,,VEV_5300,XIRECS,31.0,4
977300,,,VEV_5400,XIRECS,7.0,4
977300,,,VEV_5500,XIRECS,1.0,4
977300,,,VEV_6000,XIRECS,0.0,4
977300,,,VEV_6500,XIRECS,0.0,4
977400,,,HYDROGEL_PACK,XIRECS,9972.0,5
980100,,,VELVETFRUIT_EXTRACT,XIRECS,5247.0,7
980200,,,HYDROGEL_PACK,XIRECS,9957.0,3
980900,,SUBMISSION,HYDROGEL_PACK,XIRECS,9973.0,2
982800,,,HYDROGEL_PACK,XIRECS,9965.0,3
983000,,,VELVETFRUIT_EXTRACT,XIRECS,5242.0,4
983300,,,VEV_5300,XIRECS,30.0,3
983300,,,VEV_5400,XIRECS,6.0,3
983300,,,VEV_5500,XIRECS,1.0,3
983300,,,VEV_6000,XIRECS,0.0,3
983300,,,VEV_6500,XIRECS,0.0,3
984300,,,VELVETFRUIT_EXTRACT,XIRECS,5244.0,15
984800,,,VELVETFRUIT_EXTRACT,XIRECS,5244.0,5
986000,,,VELVETFRUIT_EXTRACT,XIRECS,5239.0,3
986200,,SUBMISSION,HYDROGEL_PACK,XIRECS,9972.0,3
989700,,,VELVETFRUIT_EXTRACT,XIRECS,5234.0,5
989800,,SUBMISSION,HYDROGEL_PACK,XIRECS,9992.0,5
992400,,SUBMISSION,HYDROGEL_PACK,XIRECS,10007.0,4
992600,,SUBMISSION,VEV_5100,XIRECS,144.0,2
992600,,,VEV_4000,XIRECS,1246.0,3
993700,,SUBMISSION,VEV_5100,XIRECS,147.0,3
993700,,SUBMISSION,VEV_5200,XIRECS,74.0,1
993700,,,VELVETFRUIT_EXTRACT,XIRECS,5242.0,3
993700,,,VEV_4000,XIRECS,1250.0,3
993800,SUBMISSION,,VEV_5200,XIRECS,75.0,1
995300,,,VELVETFRUIT_EXTRACT,XIRECS,5235.0,3
996700,SUBMISSION,,VEV_5100,XIRECS,146.0,1
997100,,,VEV_5400,XIRECS,5.0,4
997100,,,VEV_5500,XIRECS,1.0,4
997100,,,VEV_6000,XIRECS,0.0,4
997100,,,VEV_6500,XIRECS,0.0,4
997500,,,VELVETFRUIT_EXTRACT,XIRECS,5240.0,5
